distance_from_route_m,deviation_duration_sec,heading_difference_deg,off_route_distance_m,returned_to_route,stop_duration_sec,current_speed_kmh,speed_limit_kmh,overspeed_duration_sec,location_context
15.76,11.19,7.57,17.18,0,0.0,21.15,20,3.37,bus_stop
6.67,1.99,14.7,13.49,0,0.0,15.64,40,0,unknown
2.99,17.98,6.42,11.29,0,0.0,17.33,30,0,unknown
2.42,8.23,15.78,21.12,0,0.0,15.92,20,0,depot
15.51,9.98,15.61,12.76,0,299.64,0.11,35,0,school
2.09,7.56,16.67,14.38,0,0.0,40.0,40,2.07,unknown
7.77,12.91,7.73,4.27,0,251.01,0.63,20,0,bus_stop
4.44,16.73,17.77,16.37,0,0.0,28.01,50,0,unknown
4.56,15.92,7.8,8.83,0,0.0,30.09,50,0,school
18.32,6.48,3.6,20.78,0,62.3,0.96,45,0,traffic_light
16.65,14.97,5.7,27.5,0,0.0,27.08,40,0,traffic_light
17.85,3.29,7.66,21.84,0,0.0,17.61,45,0,bus_stop
9.64,7.4,8.09,0.42,0,0.0,10.0,35,0,unknown
1.55,2.17,0.8,16.39,0,0.0,16.76,20,0,bus_stop
6.12,13.85,17.1,14.76,0,0.0,12.02,20,0,traffic_light
8.26,5.23,7.52,4.8,0,155.92,0.72,45,0,depot
11.55,9.36,3.54,0.42,0,0.0,23.89,45,0,bus_stop
90.42,94.95,16.53,713.01,1,0.0,27.03,35,0,bus_stop
5.93,14.49,2.77,15.59,0,0.0,41.16,40,1.73,depot
0.24,11.65,3.12,19.45,0,0.0,15.76,20,0,traffic_light
14.72,2.32,9.54,23.56,0,15.37,0.85,50,0,unknown
3.88,7.45,1.42,9.15,0,0.0,17.14,30,0,school
5.13,8.0,9.49,15.74,0,20.93,0.21,40,0,traffic_light
7.26,7.34,14.1,25.48,0,61.21,1.05,20,0,traffic_light
8.13,14.25,3.9,18.62,0,0.0,16.14,30,0,depot
2.18,10.0,1.83,7.91,0,0.0,19.08,45,0,traffic_light
6.96,9.12,4.98,25.12,0,46.35,0.22,35,0,unknown
16.47,4.63,17.38,1.72,0,6.87,1.04,20,0,traffic_light
3.02,14.04,10.93,19.64,0,33.31,1.12,45,0,traffic_light
3.89,12.17,2.15,11.22,0,0.0,22.45,30,0,school
3.08,13.24,7.86,0.71,0,0.0,36.36,35,2.78,school
3.77,10.54,0.36,28.7,0,0.0,11.75,20,0,traffic_light
0.94,6.37,11.66,19.67,0,143.35,0.14,30,0,bus_stop
10.49,11.93,13.95,5.5,0,0.0,20.58,40,0,bus_stop
2.06,2.66,0.42,8.3,0,0.0,23.27,45,0,bus_stop
5.64,11.7,17.3,15.42,0,34.16,1.01,50,0,traffic_light
12.86,11.3,4.37,1.75,0,0.0,8.74,35,0,traffic_light
3.56,17.57,17.12,6.98,0,0.0,48.68,50,0,traffic_light
4.28,14.61,16.15,20.2,0,0.0,21.24,35,0,unknown
11.76,15.03,12.64,23.86,0,54.12,1.14,40,0,traffic_light
0.74,16.26,9.6,25.49,0,198.89,0.86,50,0,school
61.16,67.25,24.48,21.59,1,273.53,1.16,40,0,depot
9.36,11.92,3.42,26.97,0,0.0,16.62,35,0,bus_stop
0.07,10.91,8.64,12.68,0,17.28,0.9,40,0,traffic_light
5.08,3.23,9.7,4.92,0,0.0,14.01,45,0,unknown
12.91,1.14,5.45,15.96,0,0.0,42.27,50,0,unknown
9.08,6.86,11.11,19.43,0,312.87,1.05,35,0,school
3.11,14.68,16.52,10.35,0,0.0,17.13,45,0,traffic_light
7.6,3.03,7.79,16.85,0,0.0,15.22,35,0,bus_stop
1.36,14.51,3.96,20.67,0,0.0,21.51,40,0,traffic_light
1.17,13.37,11.82,3.83,0,0.0,22.65,45,0,traffic_light
5.51,4.83,5.97,4.3,0,0.0,16.49,40,0,traffic_light
8.82,12.13,6.06,20.38,0,25.89,0.03,50,0,unknown
5.09,7.64,11.67,1.8,0,0.0,42.16,50,0,unknown
7.24,7.46,14.01,14.28,0,19.6,0.4,50,0,traffic_light
90.94,38.05,61.79,8.38,0,40.03,0.79,30,0,unknown
5.42,0.21,1.72,9.9,0,0.0,35.39,45,0,school
0.62,7.51,9.39,17.67,0,0.0,25.34,30,0,traffic_light
31.26,17.79,16.39,19.74,0,70.94,0.88,20,0,bus_stop
2.77,4.5,11.58,4.0,0,0.0,22.14,35,0,traffic_light
2.24,15.16,7.2,6.55,0,0.0,14.15,40,0,traffic_light
60.63,56.97,66.48,580.62,0,0.0,36.69,50,0,bus_stop
2.68,6.11,3.26,29.67,0,0.0,20.33,45,0,school
0.79,10.97,3.87,13.91,0,32.63,0.46,45,0,unknown
13.83,13.96,12.89,4.1,0,0.0,15.66,45,0,traffic_light
6.69,9.7,2.74,16.54,0,0.0,25.03,50,0,depot
11.33,15.58,5.05,8.98,0,0.0,33.36,50,0,unknown
1.45,0.97,3.34,4.62,0,23.55,0.55,50,0,unknown
5.06,15.98,1.66,20.41,0,0.0,11.81,20,0,school
0.05,1.7,10.55,21.14,0,0.0,8.65,45,0,traffic_light
0.66,11.94,3.59,25.25,0,31.61,1.04,30,0,unknown
33.68,7.6,7.62,25.69,0,0.0,11.91,35,0,traffic_light
5.73,8.67,15.82,6.33,0,0.0,40.66,40,0.78,depot
1.32,11.54,3.41,28.44,0,0.0,14.27,50,0,depot
2.19,13.3,7.17,14.3,0,63.25,0.76,50,0,unknown
1.76,6.46,6.79,18.99,0,13.77,0.17,30,0,traffic_light
0.57,8.43,9.83,23.89,0,0.0,36.99,35,3.28,bus_stop
0.51,16.61,10.16,11.59,0,0.0,16.44,20,0,unknown
1.16,5.73,0.48,11.76,0,0.0,26.47,40,0,school
29.98,63.38,22.18,334.2,0,0.0,18.98,20,0,bus_stop
8.84,8.44,4.37,7.15,0,0.0,15.71,40,0,unknown
78.82,62.13,50.43,9.08,1,37.32,0.53,30,0,unknown
10.75,5.3,15.49,9.42,0,0.0,15.47,20,0,bus_stop
5.14,17.16,2.2,11.05,0,0.0,25.67,35,0,unknown
11.45,7.49,17.58,7.33,0,46.91,0.96,40,0,traffic_light
0.62,3.02,16.41,6.56,0,0.0,35.28,35,3.37,bus_stop
3.08,15.89,17.31,14.01,0,0.0,34.35,45,0,unknown
92.97,12.33,20.47,81.86,1,0.0,23.91,30,0,unknown
15.18,13.1,3.02,19.07,0,28.42,0.31,20,0,traffic_light
4.37,4.36,0.27,11.58,0,241.69,0.64,45,0,school
1.56,13.61,7.2,29.51,0,0.0,11.28,30,0,bus_stop
34.12,94.51,66.76,497.87,0,0.0,18.97,20,0,school
1.35,9.9,2.5,24.43,0,0.0,43.75,50,0,unknown
5.03,6.41,13.37,17.74,0,0.0,33.07,50,0,bus_stop
6.01,17.89,3.23,22.4,0,705.4,0.71,30,0,school
1.95,8.49,16.95,18.22,0,164.39,0.71,30,0,bus_stop
5.25,2.66,16.93,0.61,0,0.0,7.1,30,0,school
6.19,1.73,14.98,13.32,0,0.0,7.23,50,0,school
12.44,4.52,13.31,12.31,0,0.0,33.2,40,0,bus_stop
31.52,5.3,17.62,29.85,0,31.93,0.25,45,0,traffic_light
0.96,6.03,9.66,6.23,0,0.0,10.68,20,0,traffic_light
2.99,16.6,4.37,15.26,0,0.0,31.97,40,0,school
7.76,2.25,17.76,19.09,0,0.0,29.04,30,0,bus_stop
5.78,15.06,4.06,20.73,0,0.0,28.07,45,0,depot
7.65,17.22,9.11,24.95,0,0.0,18.71,45,0,unknown
3.43,16.06,6.56,28.36,0,0.0,25.92,40,0,traffic_light
0.21,4.25,3.15,18.53,0,0.0,46.79,50,0,traffic_light
5.52,17.67,2.1,11.93,0,0.0,16.72,30,0,traffic_light
1.88,5.59,0.06,26.72,0,0.0,11.53,50,0,traffic_light
0.78,14.73,15.74,16.63,0,0.0,10.58,40,0,unknown
4.1,17.11,16.49,27.54,0,0.0,14.34,35,0,traffic_light
8.1,7.61,17.85,13.25,0,0.0,9.37,30,0,school
3.91,1.24,12.83,15.72,0,0.0,13.52,20,0,bus_stop
10.96,4.65,14.43,23.58,0,0.0,22.67,30,0,traffic_light
0.6,13.83,4.76,12.81,0,0.0,38.54,40,0,depot
5.25,4.56,10.0,7.55,0,0.0,28.47,45,0,school
18.86,13.1,7.95,10.73,0,0.0,13.45,35,0,traffic_light
17.47,10.82,6.08,9.55,0,0.0,17.12,45,0,school
6.63,10.96,12.16,29.27,0,0.0,30.29,40,0,unknown
5.9,6.45,13.69,11.59,0,0.0,28.04,40,0,unknown
0.16,12.76,9.73,16.34,0,25.93,0.05,35,0,traffic_light
14.01,12.77,0.04,6.55,0,0.0,17.8,40,0,bus_stop
6.64,9.29,11.11,8.67,0,127.83,0.12,45,0,bus_stop
11.07,1.29,10.61,22.05,0,0.0,21.53,20,1.55,bus_stop
13.87,7.36,6.68,20.29,0,0.0,19.1,20,0,bus_stop
93.96,23.18,38.83,4.94,1,13.6,0.77,35,0,unknown
1.11,0.02,14.01,2.84,0,0.0,29.88,40,0,traffic_light
2.71,13.73,12.42,0.93,0,124.89,0.18,40,0,bus_stop
13.64,0.18,10.39,2.78,0,0.0,41.82,40,2.21,bus_stop
8.19,8.35,6.26,23.52,0,59.46,0.65,45,0,bus_stop
7.28,6.54,3.38,5.34,0,60.93,0.3,50,0,bus_stop
27.9,9.62,17.8,10.35,0,35.68,0.34,30,0,traffic_light
1.15,8.18,16.01,28.46,0,0.0,21.67,20,2.85,unknown
2.48,17.49,12.64,24.99,0,11.81,0.38,40,0,traffic_light
0.08,17.72,3.64,18.78,0,41.28,1.12,30,0,unknown
6.69,0.77,15.16,17.27,0,38.93,0.65,40,0,traffic_light
2.93,6.54,9.75,7.62,0,0.0,17.01,20,0,traffic_light
15.26,14.17,7.8,28.0,0,0.0,17.18,20,0,school
0.9,16.48,15.52,28.72,0,0.0,28.76,50,0,bus_stop
21.72,0.16,0.69,29.12,0,20.58,0.26,30,0,traffic_light
6.45,3.23,13.52,8.58,0,14.95,0.24,50,0,traffic_light
3.21,3.87,9.78,17.9,0,0.0,20.53,40,0,unknown
1.91,15.97,13.33,23.54,0,0.0,37.33,35,2.2,unknown
8.96,4.06,5.56,12.19,0,0.0,13.33,40,0,unknown
0.67,0.83,15.0,23.34,0,61.98,0.35,50,0,unknown
9.56,7.54,2.15,20.58,0,0.0,27.95,45,0,traffic_light
17.17,17.09,4.77,20.2,0,242.36,0.97,30,0,bus_stop
28.91,13.51,17.9,2.23,0,179.95,0.33,35,0,bus_stop
6.74,7.27,10.05,0.23,0,159.16,1.16,20,0,school
0.98,0.38,0.92,0.53,0,87.33,0.38,50,0,school
39.06,28.13,37.4,104.64,1,0.0,13.39,45,0,unknown
8.3,1.73,7.57,21.32,0,0.0,31.98,40,0,bus_stop
0.59,3.34,4.42,7.21,0,0.0,16.24,30,0,unknown
25.49,23.33,26.81,45.95,1,0.0,7.09,30,0,bus_stop
6.27,16.45,1.47,29.95,0,0.0,12.53,35,0,bus_stop
4.18,0.37,6.11,14.97,0,44.69,1.03,30,0,traffic_light
4.97,13.23,16.14,5.9,0,0.0,22.46,30,0,depot
5.72,2.16,14.63,25.8,0,122.76,0.15,20,0,bus_stop
4.45,6.13,4.68,27.12,0,676.15,0.8,40,0,school
4.83,14.15,9.33,29.62,0,0.0,9.99,35,0,bus_stop
1.04,2.14,16.09,26.81,0,0.0,36.72,45,0,unknown
9.69,7.32,14.54,15.51,0,0.0,28.17,30,0,unknown
5.25,16.08,16.87,21.13,0,184.45,0.21,45,0,bus_stop
36.42,28.58,43.02,89.05,0,0.0,11.22,35,0,traffic_light
3.37,15.79,11.65,16.27,0,0.0,23.78,50,0,unknown
0.9,16.38,0.98,3.16,0,0.0,10.79,35,0,school
3.17,13.4,13.13,5.84,0,0.0,16.99,30,0,traffic_light
3.53,0.59,9.2,2.87,0,0.0,30.8,30,3.42,school
4.26,0.36,2.31,16.31,0,62.33,0.48,45,0,traffic_light
1.75,8.83,13.98,26.13,0,0.0,13.34,35,0,unknown
8.5,14.46,7.85,26.33,0,23.82,0.06,50,0,unknown
7.24,3.04,16.33,8.1,0,0.0,9.61,40,0,depot
6.32,10.01,7.32,16.36,0,0.0,22.05,45,0,traffic_light
6.91,0.45,3.19,0.05,0,10.19,0.23,40,0,unknown
44.07,90.5,51.07,312.23,1,0.0,12.42,50,0,bus_stop
13.81,2.4,3.85,15.27,0,0.0,16.08,20,0,bus_stop
0.98,3.15,3.89,24.3,0,488.0,1.09,30,0,depot
19.57,9.58,8.74,1.38,0,0.0,35.55,40,0,school
5.13,5.85,12.23,7.68,0,0.0,33.14,35,0,depot
1.19,14.56,15.28,26.56,0,0.0,17.16,20,0,depot
12.41,16.57,8.41,6.72,0,0.0,8.42,40,0,traffic_light
5.98,6.56,8.16,17.13,0,0.0,7.66,35,0,traffic_light
4.39,14.18,12.12,5.0,0,0.0,12.29,30,0,bus_stop
6.42,5.06,5.15,24.86,0,0.0,38.03,45,0,school
2.63,9.71,14.75,27.55,0,0.0,13.43,40,0,traffic_light
3.45,10.67,6.87,2.39,0,0.0,14.64,20,0,unknown
7.58,16.02,10.31,5.13,0,0.0,14.17,45,0,depot
2.83,13.07,17.93,18.5,0,0.0,21.75,40,0,bus_stop
7.74,0.53,13.63,24.37,0,139.2,0.6,45,0,bus_stop
22.39,2.61,11.12,7.83,0,145.32,0.96,20,0,bus_stop
25.98,2.76,15.39,6.52,0,0.0,24.45,50,0,bus_stop
1.27,3.74,7.77,14.24,0,0.0,16.77,40,0,unknown
12.59,3.89,17.9,29.84,0,0.0,18.18,20,0,traffic_light
1.0,6.32,3.1,15.95,0,0.0,25.13,50,0,traffic_light
8.56,9.18,17.01,4.71,0,107.68,0.88,30,0,school
10.28,3.09,10.18,22.3,0,0.0,14.73,45,0,unknown
77.44,65.03,23.97,232.01,1,0.0,12.84,50,0,traffic_light
4.44,8.78,7.28,8.9,0,29.51,0.6,35,0,traffic_light
43.11,8.35,66.48,90.93,1,0.0,39.19,40,0,bus_stop
5.95,17.26,15.1,15.99,0,0.0,20.25,20,1.32,traffic_light
16.48,9.78,17.49,3.34,0,45.56,0.39,35,0,unknown
0.21,12.81,3.57,13.93,0,8.12,0.92,40,0,unknown
3.82,16.54,0.28,1.87,0,525.24,1.12,50,0,depot
2.36,4.73,6.82,11.0,0,0.0,48.52,50,0,school
7.0,2.41,1.24,20.06,0,0.0,18.38,50,0,unknown
12.69,17.05,15.15,16.5,0,0.0,35.07,50,0,traffic_light
2.82,15.86,14.22,5.37,0,0.0,25.16,35,0,school
2.69,17.9,7.52,9.79,0,32.81,0.53,50,0,traffic_light
2.84,4.81,10.92,1.36,0,63.91,0.61,35,0,unknown
10.4,13.59,3.26,8.17,0,0.0,33.97,40,0,traffic_light
2.12,11.61,7.18,6.49,0,0.0,32.39,40,0,unknown
3.75,6.94,11.18,19.74,0,0.0,20.18,50,0,traffic_light
16.94,16.61,3.99,0.85,0,0.0,29.03,40,0,school
5.67,11.58,11.75,2.17,0,0.0,47.87,50,0,traffic_light
3.95,1.22,14.89,19.54,0,0.0,9.33,35,0,bus_stop
20.14,1.88,4.87,24.61,0,392.28,0.38,40,0,school
9.98,9.2,13.13,27.76,0,0.0,25.55,50,0,depot
8.2,12.55,7.19,2.33,0,0.0,12.23,40,0,traffic_light
12.64,9.86,2.31,29.53,0,0.0,9.97,20,0,unknown
6.68,12.18,9.62,24.92,0,62.61,0.56,35,0,unknown
22.89,13.92,2.16,17.82,0,0.0,30.57,45,0,traffic_light
3.92,13.46,6.47,22.87,0,0.0,19.2,40,0,school
9.4,11.53,8.79,16.22,0,452.71,1.09,50,0,school
2.12,5.47,9.34,2.03,0,0.0,39.14,40,0,depot
0.3,3.6,0.24,17.0,0,0.0,29.8,40,0,traffic_light
4.27,0.56,9.56,14.26,0,0.0,26.94,30,0,traffic_light
3.04,10.56,0.53,29.29,0,0.0,28.51,35,0,traffic_light
9.31,9.56,2.53,2.67,0,0.0,15.77,45,0,unknown
2.25,5.75,2.15,9.73,0,0.0,22.77,20,0.83,traffic_light
10.8,17.77,8.69,9.21,0,0.0,34.8,40,0,school
19.88,16.14,16.02,14.64,0,24.17,1.18,35,0,traffic_light
2.45,14.83,10.28,12.48,0,210.11,0.95,35,0,bus_stop
12.39,3.54,10.38,26.43,0,195.37,1.15,30,0,bus_stop
8.33,17.37,14.35,8.47,0,0.0,17.2,20,0,school
1.3,11.71,1.34,4.09,0,709.22,0.46,35,0,depot
3.22,1.25,14.8,20.44,0,233.12,0.17,50,0,depot
2.9,4.24,16.18,22.4,0,0.0,47.31,45,3.68,unknown
62.74,79.3,36.24,519.84,1,0.0,23.6,50,0,bus_stop
26.86,11.3,8.16,9.36,0,30.2,0.06,50,0,traffic_light
8.47,3.7,4.81,16.09,0,0.0,34.57,40,0,traffic_light
6.65,0.6,10.59,5.13,0,25.82,0.41,30,0,unknown
6.28,14.09,12.48,3.43,0,0.0,33.2,35,0,traffic_light
5.74,4.29,4.74,14.95,0,183.96,0.4,35,0,school
19.23,13.13,6.49,19.04,0,0.0,20.1,45,0,traffic_light
0.33,13.34,12.8,2.74,0,0.0,10.56,45,0,depot
3.17,15.5,7.44,0.22,0,0.0,18.33,50,0,bus_stop
93.39,82.0,48.27,951.16,0,0.0,41.76,50,0,traffic_light
11.5,14.57,12.79,23.92,0,0.0,14.39,35,0,unknown
1.49,9.01,10.24,16.13,0,0.0,40.96,50,0,traffic_light
2.28,2.86,5.31,6.79,0,0.0,16.86,40,0,unknown
8.28,1.85,2.82,2.67,0,0.0,7.73,20,0,school
0.55,17.85,6.09,11.97,0,747.99,0.18,20,0,depot
0.15,10.12,16.49,2.63,0,0.0,31.91,30,3.74,depot
11.96,10.58,13.23,29.13,0,0.0,20.5,30,0,depot
19.75,16.01,0.85,11.84,0,27.42,0.6,20,0,traffic_light
6.32,16.89,4.33,12.93,0,0.0,35.74,35,2.32,traffic_light
16.71,15.88,3.44,9.42,0,27.56,0.07,50,0,unknown
7.81,4.45,7.9,8.0,0,0.0,9.89,20,0,depot
7.01,8.25,13.73,22.73,0,28.63,0.23,40,0,traffic_light
11.86,5.49,7.1,16.76,0,0.0,7.36,30,0,traffic_light
4.53,3.31,0.94,9.32,0,0.0,12.49,30,0,bus_stop
1.39,7.47,9.07,0.64,0,0.0,12.96,20,0,depot
11.85,13.29,8.18,12.59,0,0.0,16.23,50,0,school
6.94,13.07,12.23,9.77,0,39.06,0.45,40,0,traffic_light
0.37,1.53,1.06,24.55,0,0.0,37.1,40,0,traffic_light
4.14,7.68,16.22,18.33,0,0.0,14.5,40,0,traffic_light
2.22,10.22,1.79,15.36,0,0.0,8.83,30,0,bus_stop
9.58,13.97,10.19,28.35,0,0.0,15.65,45,0,traffic_light
7.19,0.19,4.57,3.42,0,13.0,0.43,30,0,unknown
1.23,14.24,10.9,28.27,0,7.15,0.97,45,0,unknown
2.47,17.22,6.3,2.99,0,81.29,1.04,40,0,unknown
2.64,6.27,12.46,26.29,0,0.0,44.21,45,0,traffic_light
9.03,8.65,0.8,28.75,0,64.66,0.99,40,0,traffic_light
1.29,11.89,17.35,21.03,0,0.0,11.35,45,0,school
4.93,8.91,6.09,7.91,0,8.41,0.66,50,0,traffic_light
2.13,5.8,2.39,29.46,0,548.38,1.09,50,0,depot
15.14,7.89,14.66,8.13,0,43.04,0.1,30,0,traffic_light
3.64,9.8,10.79,23.58,0,0.0,27.65,30,0,traffic_light
25.08,1.4,0.29,15.19,0,0.0,52.68,50,0.22,traffic_light
1.58,0.59,0.79,26.02,0,0.0,25.46,45,0,unknown
18.17,8.13,9.12,14.53,0,0.0,27.88,50,0,school
93.21,20.28,51.7,43.42,0,0.0,7.71,20,0,bus_stop
4.84,2.28,4.25,23.42,0,0.0,38.49,40,0,bus_stop
18.19,3.1,12.4,10.54,0,0.0,36.99,40,0,bus_stop
2.13,13.74,15.7,5.67,0,12.06,0.66,40,0,unknown
30.78,95.42,18.0,567.85,1,0.0,21.42,20,3.58,traffic_light
7.01,14.95,12.71,16.42,0,0.0,35.42,35,1.32,bus_stop
3.68,8.03,1.15,28.78,0,0.0,8.43,20,0,unknown
7.38,1.8,4.88,29.72,0,0.0,10.24,20,0,traffic_light
10.91,6.08,11.59,15.2,0,0.0,10.31,20,0,traffic_light
9.58,3.39,15.39,4.17,0,0.0,42.54,40,1.31,school
2.51,17.84,15.78,7.41,0,141.45,1.2,50,0,bus_stop
10.91,17.12,4.39,21.46,0,13.75,0.02,40,0,unknown
13.89,2.19,11.01,21.03,0,0.0,31.26,45,0,traffic_light
14.65,1.83,1.48,3.38,0,0.0,32.66,30,2.04,bus_stop
2.71,7.37,3.3,26.21,0,0.0,8.71,20,0,depot
0.86,16.57,7.09,7.97,0,11.42,0.94,50,0,unknown
6.84,8.79,9.38,5.67,0,0.0,26.64,35,0,traffic_light
26.25,3.97,17.86,9.25,0,0.0,42.69,45,0,unknown
0.17,14.77,8.62,7.86,0,0.0,7.14,45,0,school
78.65,34.13,58.09,315.68,1,0.0,33.3,35,0,unknown
0.23,10.19,15.08,23.53,0,0.0,34.44,35,0,school
0.02,3.63,0.59,13.8,0,25.37,0.33,35,0,traffic_light
0.16,4.15,6.9,11.34,0,0.0,37.08,40,0,traffic_light
26.37,86.75,34.41,552.21,1,0.0,22.92,20,1.99,unknown
73.26,53.74,66.89,182.47,0,0.0,12.22,50,0,bus_stop
1.29,5.45,5.74,17.47,0,0.0,19.02,20,0,bus_stop
5.88,4.41,1.59,5.66,0,0.0,18.6,35,0,school
54.91,75.52,17.25,841.7,1,0.0,40.12,50,0,bus_stop
3.35,7.07,17.33,6.42,0,0.0,8.31,40,0,school
15.57,14.7,11.98,21.05,0,0.0,29.69,40,0,unknown
2.44,16.6,2.0,1.21,0,0.0,18.26,45,0,school
2.74,6.58,12.28,17.97,0,0.0,32.43,35,0,unknown
2.23,3.94,2.72,26.89,0,0.0,14.53,30,0,bus_stop
6.28,4.95,0.31,3.69,0,0.0,14.05,40,0,traffic_light
8.45,1.35,3.39,8.17,0,0.0,16.79,40,0,depot
5.66,0.49,12.96,28.48,0,0.0,29.87,30,0,depot
13.84,5.17,6.61,12.92,0,0.0,29.35,30,0,traffic_light
7.49,8.25,1.97,1.57,0,0.0,29.62,35,0,bus_stop
3.33,6.11,6.08,4.34,0,0.0,13.51,20,0,bus_stop
5.98,10.8,7.06,5.8,0,19.15,0.76,30,0,traffic_light
11.94,13.32,3.87,25.42,0,0.0,25.71,40,0,traffic_light
10.36,4.56,7.48,26.1,0,8.08,0.82,40,0,unknown
8.41,6.91,12.23,7.07,0,0.0,25.98,30,0,bus_stop
6.83,9.84,4.82,15.87,0,53.18,0.2,20,0,traffic_light
5.3,16.61,10.89,17.51,0,38.44,0.16,50,0,traffic_light
3.31,13.51,1.86,18.44,0,0.0,10.65,30,0,school
13.61,16.55,2.54,27.26,0,165.42,0.55,20,0,bus_stop
12.44,3.93,14.45,25.13,0,26.91,0.28,50,0,unknown
2.67,10.27,6.1,7.68,0,0.0,45.82,50,0,unknown
6.26,15.42,9.04,8.01,0,227.86,0.34,35,0,school
1.42,9.42,6.84,11.45,0,57.39,0.81,40,0,bus_stop
16.88,13.79,3.69,7.23,0,0.0,21.88,20,3.95,traffic_light
4.26,16.23,15.51,1.52,0,184.24,0.89,40,0,school
2.61,6.46,7.03,21.26,0,0.0,24.55,35,0,traffic_light
3.91,4.82,11.1,2.61,0,0.0,7.8,30,0,bus_stop
0.19,8.43,13.79,7.84,0,64.12,0.33,30,0,unknown
44.95,9.06,15.74,36.15,1,0.0,14.36,45,0,unknown
4.65,16.14,17.56,11.59,0,65.31,0.46,50,0,traffic_light
14.78,6.48,13.23,21.71,0,0.0,9.81,30,0,traffic_light
6.93,1.53,1.76,19.1,0,93.89,0.36,30,0,bus_stop
11.44,5.07,12.28,8.12,0,0.0,30.78,45,0,traffic_light
1.0,1.94,14.99,14.33,0,0.0,18.94,20,0,school
4.89,13.53,0.9,24.15,0,0.0,34.75,45,0,unknown
2.1,1.59,7.66,15.55,0,0.0,42.65,40,3.4,traffic_light
4.39,9.26,11.1,18.0,0,0.0,8.16,30,0,school
87.0,82.28,70.5,8.94,0,206.34,0.39,35,0,school
1.55,4.5,1.9,4.25,0,0.0,21.16,45,0,traffic_light
2.21,7.31,11.2,11.56,0,392.1,1.09,30,0,school
11.54,16.26,16.49,12.33,0,0.0,20.1,20,0.34,traffic_light
2.21,14.57,17.32,21.26,0,265.25,1.18,20,0,depot
1.81,14.44,11.1,7.07,0,96.17,0.74,40,0,school
13.07,14.09,15.26,5.12,0,13.45,0.2,45,0,unknown
26.28,11.3,7.55,1.06,0,0.0,23.1,45,0,unknown
4.71,5.67,4.95,16.0,0,0.0,8.33,40,0,school
6.76,3.14,14.64,4.32,0,0.0,14.93,20,0,unknown
6.5,15.29,6.41,25.46,0,575.99,0.91,40,0,school
3.78,3.57,4.81,19.08,0,0.0,24.28,45,0,traffic_light
1.7,5.13,15.81,9.08,0,193.9,0.21,30,0,school
21.98,5.3,3.77,5.08,0,0.0,13.92,45,0,school
1.35,0.84,1.53,14.24,0,0.0,14.23,45,0,unknown
0.75,12.62,10.99,11.24,0,0.0,34.87,40,0,depot
4.86,15.11,16.3,28.71,0,49.18,0.21,30,0,traffic_light
3.92,13.22,0.53,28.8,0,0.0,35.36,45,0,unknown
1.23,3.37,12.47,9.43,0,0.0,52.53,50,1.68,unknown
0.69,17.35,0.14,29.16,0,20.99,0.39,35,0,unknown
1.22,1.65,5.34,9.53,0,0.0,18.2,45,0,depot
7.0,13.32,9.27,27.06,0,31.12,0.17,50,0,traffic_light
12.6,3.15,9.04,4.2,0,0.0,22.37,45,0,traffic_light
2.06,7.83,11.7,4.82,0,52.46,0.25,40,0,unknown
2.92,12.26,7.95,1.34,0,0.0,19.22,20,0,school
6.43,14.1,9.14,9.3,0,0.0,32.64,45,0,school
1.38,8.0,6.73,7.44,0,9.87,0.26,35,0,unknown
0.66,15.11,4.75,23.8,0,39.8,1.07,45,0,traffic_light
2.28,7.5,1.52,14.87,0,10.49,0.5,40,0,traffic_light
6.01,2.16,13.6,10.13,0,43.03,1.07,20,0,traffic_light
0.46,17.33,6.34,18.67,0,0.0,12.5,30,0,school
0.5,5.26,17.54,6.62,0,38.44,0.12,45,0,traffic_light
8.46,5.28,4.57,10.03,0,0.0,11.3,30,0,unknown
3.38,15.26,0.0,2.84,0,0.0,20.17,20,2.26,unknown
0.42,13.35,16.05,14.06,0,13.86,0.41,30,0,unknown
2.01,3.48,12.74,23.59,0,0.0,30.19,40,0,school
13.06,14.03,15.15,14.13,0,0.0,33.92,40,0,traffic_light
4.83,7.88,11.82,24.33,0,0.0,11.93,35,0,traffic_light
29.21,8.6,16.05,13.1,0,319.67,0.61,35,0,school
0.91,3.06,3.67,23.64,0,0.0,22.69,35,0,traffic_light
3.83,14.38,15.96,8.55,0,0.0,33.39,45,0,traffic_light
8.91,13.09,4.41,7.85,0,0.0,22.04,30,0,traffic_light
18.32,14.89,11.88,0.44,0,17.89,1.0,40,0,unknown
4.7,15.47,13.97,21.01,0,24.88,1.09,30,0,traffic_light
8.46,7.66,10.85,2.5,0,0.0,41.83,50,0,traffic_light
10.07,14.3,14.73,6.0,0,0.0,26.35,30,0,traffic_light
13.55,11.94,5.65,9.01,0,31.18,0.49,45,0,traffic_light
7.86,5.4,17.45,4.57,0,0.0,23.62,30,0,unknown
24.32,14.28,17.32,15.81,0,51.15,1.03,45,0,unknown
2.69,10.29,4.53,26.35,0,34.29,0.18,30,0,unknown
3.72,6.72,5.97,15.12,0,212.76,0.14,35,0,school
8.33,5.51,12.58,23.62,0,0.0,8.83,30,0,bus_stop
2.83,9.34,16.74,20.69,0,0.0,25.36,35,0,school
7.96,17.4,8.87,2.74,0,760.11,0.48,20,0,depot
11.83,16.43,4.05,10.99,0,0.0,16.6,30,0,bus_stop
10.06,8.33,3.68,29.21,0,0.0,7.15,30,0,traffic_light
6.64,4.04,2.83,10.17,0,232.45,0.07,30,0,bus_stop
15.22,11.74,9.22,8.01,0,0.0,13.69,35,0,bus_stop
18.96,3.3,16.22,16.06,0,0.0,32.42,50,0,traffic_light
3.97,3.07,11.76,26.24,0,0.0,21.52,30,0,unknown
6.58,8.68,16.84,9.62,0,7.49,0.82,50,0,unknown
0.1,13.66,8.42,15.01,0,0.0,9.36,30,0,traffic_light
4.36,17.38,14.13,29.86,0,0.0,26.23,30,0,school
14.22,15.04,9.3,5.83,0,214.92,0.35,35,0,bus_stop
29.76,56.87,23.68,280.93,1,0.0,17.78,20,0,traffic_light
4.76,13.0,4.7,6.44,0,0.0,7.39,50,0,bus_stop
0.57,0.82,15.74,6.53,0,0.0,10.1,20,0,bus_stop
10.24,3.41,10.08,22.0,0,13.11,0.75,30,0,unknown
4.43,17.62,15.17,16.17,0,0.0,12.05,30,0,unknown
0.63,2.69,16.74,15.22,0,404.8,0.33,50,0,school
5.13,3.39,16.78,3.94,0,0.0,17.11,20,0,unknown
8.09,6.63,5.2,11.25,0,0.0,18.48,30,0,bus_stop
0.02,5.44,15.22,27.48,0,0.0,7.61,35,0,traffic_light
2.3,1.65,10.42,28.19,0,44.92,0.76,20,0,unknown
0.91,11.25,5.59,21.72,0,0.0,34.14,35,0,bus_stop
0.68,4.67,5.46,10.29,0,0.0,8.69,50,0,traffic_light
0.88,9.77,3.87,13.87,0,0.0,39.39,45,0,bus_stop
6.93,13.44,16.64,26.74,0,0.0,17.82,40,0,unknown
6.91,10.46,16.35,8.83,0,0.0,42.04,40,3.58,school
0.99,5.99,1.81,10.97,0,22.65,0.3,40,0,traffic_light
1.37,12.25,8.79,13.57,0,24.73,1.04,45,0,unknown
4.5,4.87,17.85,14.16,0,0.0,32.68,45,0,unknown
12.89,7.56,15.91,3.51,0,0.0,10.82,30,0,school
10.73,3.04,3.94,13.75,0,0.0,19.52,45,0,depot
1.8,3.93,2.3,24.35,0,0.0,17.85,35,0,depot
0.97,17.76,8.97,27.09,0,0.0,26.81,30,0,traffic_light
2.44,12.62,2.93,23.41,0,0.0,29.12,35,0,school
13.99,15.49,1.21,3.87,0,0.0,25.61,40,0,traffic_light
8.95,17.99,5.76,13.25,0,33.94,0.97,45,0,traffic_light
7.05,0.47,1.5,10.47,0,0.0,18.87,40,0,traffic_light
9.21,10.22,11.36,1.91,0,0.0,10.65,45,0,school
0.71,2.22,0.72,25.23,0,0.0,22.64,50,0,bus_stop
0.86,0.93,6.96,5.54,0,0.0,39.83,50,0,bus_stop
4.22,2.83,3.45,26.53,0,125.46,0.22,35,0,depot
11.82,0.28,4.52,13.34,0,50.62,1.1,45,0,traffic_light
13.09,2.57,10.56,6.28,0,0.0,40.09,45,0,depot
2.32,17.16,8.81,11.01,0,52.67,0.33,20,0,bus_stop
3.37,7.9,0.52,13.73,0,0.0,9.12,40,0,school
5.97,16.55,13.59,3.91,0,187.11,0.72,20,0,depot
18.73,0.48,8.43,9.75,0,0.0,9.96,35,0,traffic_light
3.73,13.05,8.43,9.9,0,0.0,13.29,35,0,bus_stop
0.28,8.73,9.31,13.24,0,0.0,21.42,30,0,traffic_light
2.04,17.7,3.53,24.91,0,37.64,0.59,45,0,traffic_light
1.7,4.67,3.04,14.26,0,40.33,1.05,45,0,unknown
9.22,1.77,0.16,20.31,0,0.0,28.03,30,0,bus_stop
4.88,9.26,16.43,0.47,0,0.0,17.99,35,0,bus_stop
21.67,0.75,0.13,22.34,0,0.0,13.6,50,0,bus_stop
2.45,2.24,17.46,4.44,0,5.86,0.6,45,0,traffic_light
1.93,13.83,1.09,17.56,0,48.32,0.88,35,0,traffic_light
0.26,1.71,7.57,14.0,0,0.0,16.87,40,0,school
0.7,11.83,4.86,2.14,0,0.0,8.5,45,0,traffic_light
0.72,2.03,6.54,19.94,0,0.0,24.97,30,0,unknown
3.66,13.7,4.04,19.21,0,0.0,34.96,50,0,bus_stop
12.15,16.03,8.5,14.51,0,0.0,10.27,30,0,unknown
2.87,4.53,15.43,13.61,0,10.89,0.2,30,0,traffic_light
3.3,8.0,3.62,23.86,0,489.08,0.29,35,0,depot
8.55,9.93,3.75,7.07,0,0.0,15.47,20,0,unknown
35,4.73,0.77,2.84,0,42.54,0.78,40,0,bus_stop
12.4,10.82,14.27,1.47,0,0.0,21.02,20,2.6,traffic_light
9.28,13.07,11.22,15.27,0,0.0,49.01,50,0,traffic_light
3.96,17.53,1.24,8.31,0,0.0,14.51,30,0,traffic_light
6.79,0.89,10.92,29.02,0,0.0,43.56,45,0,unknown
11.74,5.45,13.12,21.19,0,0.0,22.32,30,0,traffic_light
19.78,15.67,8.53,28.76,0,216.2,1.06,40,0,depot
0.91,1.85,17.84,11.76,0,15.13,1.1,30,0,unknown
6.42,13.35,6.85,16.08,0,0.0,22.06,20,0.05,school
5.18,8.94,5.81,15.53,0,138.32,0.89,30,0,school
13.37,5.31,13.94,25.45,0,17.45,1.08,45,0,unknown
11.25,12.1,6.17,21.91,0,0.0,26.07,35,0,traffic_light
21.07,1.89,0.45,28.68,0,0.0,50.65,50,3.27,traffic_light
0.86,5.94,6.57,12.26,0,0.0,26.11,40,0,unknown
2.09,13.6,0.63,12.23,0,0.0,29.8,40,0,traffic_light
19.31,5.46,13.56,8.98,0,0.0,14.99,35,0,depot
1.49,13.03,11.37,19.85,0,769.58,0.07,45,0,school
3.54,11.08,16.83,13.97,0,14.81,0.87,30,0,unknown
3.1,2.22,0.69,26.74,0,14.24,0.26,20,0,traffic_light
6.08,10.23,17.77,19.27,0,0.0,16.46,35,0,unknown
1.7,15.2,7.87,16.42,0,0.0,32.43,45,0,unknown
4.97,16.12,2.06,1.74,0,224.29,0.56,40,0,depot
7.73,2.42,12.23,18.76,0,43.06,0.04,35,0,unknown
11.24,15.39,12.31,2.45,0,0.0,16.41,35,0,bus_stop
2.7,9.04,7.75,1.82,0,20.75,0.32,45,0,traffic_light
1.22,9.32,12.0,6.53,0,0.0,36.66,45,0,school
4.9,1.96,2.45,8.52,0,0.0,8.4,35,0,school
4.34,12.88,3.36,24.22,0,0.0,19.44,20,0,school
1.86,9.91,17.23,1.54,0,0.0,9.86,45,0,school
5.11,1.18,12.02,15.28,0,0.0,14.8,30,0,bus_stop
10.78,12.75,12.53,26.08,0,0.0,27.4,35,0,traffic_light
4.81,11.63,4.9,21.62,0,0.0,8.07,20,0,depot
3.39,10.07,14.62,9.3,0,0.0,17.97,35,0,unknown
3.76,2.37,6.6,8.82,0,84.47,1.03,35,0,bus_stop
2.96,1.79,0.69,26.89,0,54.99,0.88,40,0,traffic_light
0.58,3.7,11.43,29.55,0,0.0,9.48,20,0,unknown
20.79,12.41,13.03,22.08,0,0.0,30.26,45,0,traffic_light
1.5,5.19,13.84,12.43,0,0.0,30.41,35,0,bus_stop
82.34,30.18,31.57,3.49,0,26.98,0.42,20,0,unknown
11.27,16.86,4.86,1.24,0,156.74,0.47,50,0,depot
5.61,14.43,12.8,9.7,0,19.12,0.42,30,0,traffic_light
2.08,14.22,4.05,6.34,0,0.0,17.09,35,0,bus_stop
0.62,0.45,15.11,14.71,0,0.0,28.2,35,0,traffic_light
4.22,12.86,11.8,10.34,0,0.0,17.69,45,0,traffic_light
7.75,14.89,12.79,22.34,0,0.0,26.62,45,0,traffic_light
1.06,0.95,2.57,20.24,0,0.0,7.28,40,0,bus_stop
1.72,13.06,4.93,14.06,0,0.0,9.43,35,0,traffic_light
6.2,10.52,13.7,14.85,0,16.47,0.34,45,0,unknown
1.0,12.18,1.0,24.16,0,0.0,9.72,20,0,school
8.87,11.14,13.22,0.83,0,0.0,27.76,50,0,school
0.0,14.09,12.63,21.92,0,0.0,7.85,40,0,traffic_light
0.82,13.7,14.39,24.9,0,12.76,1.01,40,0,unknown
1.35,3.67,10.17,7.96,0,0.0,25.1,45,0,school
0.17,14.86,8.72,16.67,0,0.0,15.33,35,0,unknown
2.39,11.25,15.21,8.75,0,68.35,0.83,40,0,school
0.31,1.44,14.44,27.18,0,0.0,39.98,40,0,traffic_light
2.55,12.02,11.5,1.92,0,0.0,17.46,30,0,school
3.84,13.61,16.55,11.37,0,0.0,19.85,40,0,traffic_light
21.08,12.21,16.9,18.12,0,0.0,14.44,30,0,school
4.6,0.6,10.2,13.37,0,0.0,32.01,40,0,unknown
6.2,12.19,13.36,15.84,0,120.98,0.43,45,0,school
77.51,36.33,55.42,239.01,1,0.0,23.69,35,0,traffic_light
3.14,12.71,17.82,11.52,0,0.0,31.05,30,1.5,bus_stop
4.2,0.12,12.2,20.92,0,0.0,20.24,20,2.33,traffic_light
10.44,14.76,1.09,29.31,0,418.01,0.91,35,0,school
11.74,4.87,3.82,13.97,0,0.0,19.72,20,0,unknown
1.24,3.37,0.07,5.91,0,19.05,0.57,45,0,traffic_light
14.73,13.52,14.78,20.84,0,0.0,9.29,50,0,bus_stop
1.31,0.51,9.35,27.43,0,0.0,29.81,35,0,unknown
75.26,74.0,23.44,19.41,1,25.78,0.94,20,0,traffic_light
4.83,17.02,6.5,3.55,0,0.0,10.64,20,0,traffic_light
2.83,15.66,4.62,22.29,0,0.0,37.8,45,0,traffic_light
7.68,10.1,14.6,0.52,0,0.0,27.27,35,0,traffic_light
34.51,5.07,2.79,7.97,0,0.0,9.21,20,0,bus_stop
1.43,6.08,6.14,16.48,0,0.0,10.61,50,0,unknown
5.01,8.52,17.91,2.6,0,0.0,44.45,50,0,depot
2.98,15.71,0.0,29.32,0,0.0,7.06,20,0,unknown
0.22,11.39,3.91,24.93,0,47.1,0.05,30,0,traffic_light
3.27,14.49,13.41,28.32,0,144.5,0.16,50,0,bus_stop
7.65,9.99,6.84,14.15,0,0.0,14.84,40,0,traffic_light
5.53,5.78,1.61,25.79,0,0.0,8.0,50,0,unknown
5.14,15.82,5.6,5.78,0,0.0,11.62,40,0,traffic_light
10.12,2.51,3.07,18.53,0,32.96,1.07,35,0,traffic_light
0.57,10.85,7.15,4.4,0,0.0,15.72,50,0,school
1.05,6.01,4.48,4.09,0,0.0,29.66,30,0,depot
1.9,6.01,13.43,20.87,0,0.0,10.06,40,0,bus_stop
3.88,6.46,0.78,18.86,0,0.0,13.5,30,0,school
13.46,0.71,4.24,3.18,0,0.0,8.02,20,0,bus_stop
3.87,11.2,9.24,26.58,0,110.36,0.43,35,0,bus_stop
5.2,10.91,3.98,25.86,0,0.0,20.01,20,0.9,bus_stop
9.87,15.18,1.0,23.38,0,0.0,26.0,45,0,bus_stop
31.1,15.47,11.12,26.88,0,135.18,1.03,35,0,school
1.11,9.98,0.48,20.02,0,196.41,0.58,20,0,depot
12.9,4.08,9.82,27.22,0,0.0,16.28,20,0,traffic_light
22.32,7.39,14.3,20.44,0,50.84,0.39,50,0,unknown
9.86,10.4,5.81,10.54,0,18.23,0.98,40,0,unknown
14.47,10.69,12.53,9.75,0,0.0,39.82,45,0,traffic_light
2.3,8.07,6.25,0.58,0,13.95,0.11,45,0,traffic_light
0.5,7.98,5.28,11.05,0,0.0,8.27,30,0,school
1.96,9.03,0.4,21.48,0,0.0,13.3,20,0,traffic_light
0.85,8.65,12.28,21.16,0,0.0,29.61,30,0,school
3.68,10.16,3.51,10.3,0,49.66,0.71,40,0,traffic_light
4.12,5.18,8.07,5.68,0,0.0,11.72,30,0,bus_stop
93.97,76.53,42.61,664.31,0,0.0,31.25,35,0,school
1.39,13.68,8.67,26.58,0,0.0,34.49,50,0,traffic_light
10.58,16.94,14.44,11.64,0,76.88,0.92,30,0,unknown
11.5,10.53,17.91,24.07,0,0.0,30.98,35,0,traffic_light
10.83,2.1,9.45,11.02,0,0.0,17.45,40,0,depot
6.98,14.82,7.46,19.01,0,0.0,29.9,40,0,school
9.14,14.72,0.6,8.97,0,0.0,37.49,40,0,traffic_light
3.28,10.89,7.45,8.27,0,0.0,18.06,35,0,unknown
1.1,6.16,4.93,17.77,0,0.0,45.86,45,1.22,unknown
1.58,2.64,0.52,20.73,0,107.19,0.63,30,0,bus_stop
12.4,0.38,5.33,21.06,0,0.0,32.35,30,0.85,school
1.1,8.0,0.28,13.48,0,64.84,1.02,20,0,unknown
3.3,14.43,3.0,19.89,0,0.0,19.06,20,0,unknown
23.55,2.93,0.01,14.94,0,0.0,38.19,50,0,unknown
85.1,50.06,26.25,533.17,0,0.0,38.34,45,0,traffic_light
1.16,6.18,7.24,27.64,0,291.02,0.38,20,0,school
11.11,14.06,9.51,11.62,0,0.0,10.47,20,0,depot
2.17,12.85,3.81,28.54,0,0.0,17.49,20,0,bus_stop
13.78,13.31,2.78,1.09,0,0.0,15.19,30,0,unknown
19.16,3.98,6.5,4.49,0,0.0,29.07,30,0,unknown
6.03,6.02,8.22,18.05,0,57.08,0.42,45,0,traffic_light
22.26,7.92,12.73,4.93,0,0.0,16.45,20,0,traffic_light
4.27,15.32,15.05,29.34,0,0.0,13.94,35,0,bus_stop
3.19,4.44,14.08,10.6,0,49.45,0.21,50,0,bus_stop
12.94,16.1,15.63,17.88,0,0.0,49.63,50,0,school
1.84,15.07,1.78,1.64,0,0.0,7.94,35,0,school
3.64,14.69,16.79,6.6,0,0.0,24.03,50,0,school
54.48,30.3,51.01,145.23,1,0.0,17.25,20,0,traffic_light
4.55,11.13,16.68,17.03,0,0.0,18.18,40,0,unknown
24.3,6.52,13.34,7.84,0,0.0,29.66,35,0,unknown
2.18,1.19,9.72,3.59,0,50.2,0.54,50,0,bus_stop
5.99,9.06,1.67,25.47,0,243.27,0.36,45,0,bus_stop
11.75,3.35,9.89,12.71,0,241.18,0.34,20,0,bus_stop
1.8,7.22,16.47,8.79,0,24.13,1.1,30,0,traffic_light
11.76,12.5,10.31,6.96,0,12.22,0.97,30,0,traffic_light
10.67,1.27,15.85,21.9,0,100.13,0.67,45,0,school
4.42,7.92,2.71,10.16,0,0.0,15.55,40,0,unknown
2.23,3.47,3.37,3.32,0,0.0,10.32,30,0,bus_stop
2.47,3.48,3.4,29.41,0,0.0,8.84,35,0,school
18.9,5.53,5.95,18.36,0,0.0,21.86,40,0,traffic_light
3.74,13.8,1.4,23.53,0,44.95,0.04,50,0,traffic_light
15.12,1.73,10.42,15.61,0,51.21,0.74,40,0,unknown
5.71,4.89,15.89,20.44,0,0.0,20.41,20,1.84,traffic_light
15.78,7.21,2.18,27.24,0,0.0,16.76,35,0,bus_stop
1.59,7.62,6.68,18.72,0,0.0,27.42,35,0,school
10.64,5.7,11.64,25.9,0,0.0,20.59,50,0,traffic_light
9.85,8.01,11.16,6.28,0,0.0,41.33,50,0,depot
0.59,14.38,8.85,28.86,0,225.3,0.13,45,0,bus_stop
80.84,70.09,59.6,10.73,1,105.95,0.55,35,0,bus_stop
10.45,12.69,8.4,10.65,0,48.82,1.11,30,0,traffic_light
7.47,13.95,3.37,29.29,0,0.0,28.47,35,0,bus_stop
4.68,7.65,14.4,22.77,0,44.51,0.51,35,0,traffic_light
5.5,1.24,11.63,6.96,0,0.0,12.58,20,0,traffic_light
1.84,14.26,1.68,23.97,0,25.88,0.57,50,0,traffic_light
0.21,13.58,0.44,17.63,0,534.02,0.21,45,0,depot
1.84,4.03,17.91,6.56,0,233.36,0.64,45,0,bus_stop
1.2,14.33,1.23,16.99,0,0.0,41.1,45,0,traffic_light
24.58,0.94,5.22,4.76,0,0.0,32.1,40,0,traffic_light
1.2,6.14,16.01,24.5,0,0.0,16.61,30,0,depot
14.41,6.02,14.09,3.27,0,0.0,19.93,40,0,bus_stop
8.54,16.13,1.77,12.42,0,0.0,46.6,50,0,unknown
9.89,15.25,2.84,15.62,0,0.0,9.25,30,0,unknown
2.42,7.48,3.48,18.68,0,30.93,0.13,35,0,traffic_light
0.9,2.56,1.79,18.01,0,0.0,30.14,35,0,traffic_light
32.95,17.13,12.66,25.2,0,0.0,17.15,20,0,bus_stop
12.76,17.63,13.7,7.98,0,0.0,43.19,45,0,bus_stop
1.94,13.56,6.83,16.03,0,467.27,0.6,50,0,school
93.11,42.8,21.87,3.77,1,52.39,0.32,30,0,bus_stop
3.16,8.3,15.29,18.14,0,0.0,9.04,20,0,unknown
0.75,7.53,17.0,3.62,0,0.0,7.1,20,0,unknown
17.06,9.72,14.74,26.72,0,0.0,10.74,20,0,school
1.67,3.37,11.45,17.01,0,0.0,10.77,35,0,school
22.73,1.21,11.65,20.29,0,0.0,17.2,35,0,traffic_light
1.77,2.05,16.28,19.76,0,0.0,18.74,30,0,traffic_light
1.84,11.09,8.92,4.21,0,10.11,0.45,35,0,traffic_light
31.0,28.13,22.69,3.91,1,35.83,0.5,30,0,traffic_light
1.46,0.01,6.37,17.33,0,57.92,0.8,35,0,unknown
87.4,58.6,61.61,3.83,0,7.5,0.24,30,0,traffic_light
0.34,2.95,6.07,10.7,0,0.0,7.48,20,0,school
3.9,6.21,15.38,9.0,0,29.64,0.29,40,0,traffic_light
2.42,3.19,6.35,21.71,0,0.0,20.88,30,0,depot
1.28,12.25,12.86,8.19,0,38.78,0.27,20,0,unknown
7.15,7.97,1.23,1.62,0,0.0,32.43,35,0,bus_stop
6.86,14.86,11.44,16.2,0,0.0,21.99,40,0,school
3.03,16.9,3.73,13.3,0,70.01,1.05,50,0,traffic_light
2.09,12.41,9.82,7.32,0,0.0,25.67,50,0,school
0.22,1.88,6.59,9.16,0,39.6,0.35,50,0,unknown
36.59,21.7,53.66,236.13,1,0.0,39.17,50,0,traffic_light
93.31,29.69,49.21,4.86,1,619.37,0.59,50,0,depot
2.67,6.31,2.49,0.97,0,0.0,31.57,30,3.31,unknown
3.52,2.66,2.6,2.45,0,8.06,1.01,30,0,unknown
21.37,16.48,13.17,11.0,0,0.0,22.51,30,0,traffic_light
1.66,4.63,5.23,7.33,0,0.0,8.67,30,0,traffic_light
1.05,15.38,11.94,24.5,0,0.0,26.18,45,0,traffic_light
0.69,7.11,2.84,26.72,0,0.0,37.85,40,0,bus_stop
7.3,4.5,15.36,19.18,0,530.24,0.16,30,0,school
14.1,16.76,8.73,29.52,0,144.46,0.72,45,0,bus_stop
5.37,10.63,15.67,10.81,0,0.0,11.03,50,0,depot
0.54,17.02,0.08,13.76,0,0.0,33.51,45,0,school
2.04,10.27,16.23,21.57,0,29.27,0.57,20,0,unknown
3.88,0.02,16.49,9.83,0,0.0,17.4,20,0,bus_stop
8.61,1.95,7.57,15.72,0,47.36,1.12,50,0,unknown
12.43,16.95,3.76,21.71,0,0.0,25.65,30,0,school
2.81,8.64,6.68,27.67,0,0.0,20.17,35,0,unknown
1.41,9.59,10.99,2.25,0,14.36,0.04,45,0,unknown
0.48,9.94,12.86,22.59,0,0.0,23.62,30,0,traffic_light
5.94,3.4,17.96,10.8,0,0.0,12.37,50,0,traffic_light
2.78,3.08,11.91,15.63,0,44.89,0.51,35,0,traffic_light
6.12,11.86,7.66,4.07,0,0.0,29.13,35,0,traffic_light
8.48,15.02,13.31,16.18,0,0.0,19.66,20,0,traffic_light
4.62,12.63,16.72,26.33,0,67.67,1.05,20,0,bus_stop
23.82,4.81,7.92,28.25,0,155.87,0.31,45,0,bus_stop
29.02,14.27,7.43,29.69,0,19.97,0.52,20,0,traffic_light
2.96,10.86,11.34,26.9,0,31.51,0.37,30,0,traffic_light
8.2,2.62,2.74,19.78,0,0.0,49.51,50,0,traffic_light
1.5,4.58,15.96,5.35,0,52.66,0.34,45,0,bus_stop
1.68,12.53,7.03,24.4,0,644.1,0.92,45,0,school
82.48,26.08,64.62,120.94,0,0.0,16.7,30,0,unknown
6.62,8.36,16.41,12.35,0,0.0,20.92,35,0,school
6.67,15.47,16.48,5.36,0,0.0,17.05,50,0,unknown
22.82,2.71,5.51,13.94,0,0.0,8.19,30,0,bus_stop
3.44,5.74,5.93,9.55,0,0.0,12.95,20,0,unknown
18.48,13.68,12.57,20.61,0,0.0,26.43,45,0,bus_stop
15.65,11.65,8.1,16.31,0,49.54,0.43,50,0,traffic_light
0.8,5.35,6.26,17.55,0,11.13,0.02,20,0,unknown
14.85,13.63,5.13,22.07,0,0.0,26.65,30,0,bus_stop
0.57,12.32,6.87,9.24,0,0.0,16.07,40,0,bus_stop
0.18,5.73,9.01,3.44,0,0.0,13.71,35,0,school
15.05,2.63,5.63,19.9,0,85.8,0.0,20,0,bus_stop
94.48,45.37,43.1,374.31,1,0.0,29.7,50,0,unknown
84.25,85.26,25.66,5.42,0,17.53,0.23,50,0,unknown
0.55,17.72,11.82,4.24,0,0.0,28.24,30,0,traffic_light
3.23,5.1,6.85,25.29,0,41.69,1.07,30,0,traffic_light
1.13,12.98,0.97,12.99,0,0.0,9.61,30,0,bus_stop
8.98,14.79,10.73,9.09,0,0.0,24.52,50,0,unknown
5.7,11.81,14.78,7.05,0,73.87,0.52,20,0,bus_stop
15.15,8.41,9.34,1.85,0,0.0,12.62,35,0,traffic_light
2.42,5.19,5.1,18.09,0,0.0,31.35,40,0,traffic_light
0.51,11.75,0.75,9.95,0,0.0,37.12,40,0,school
11.29,16.14,0.64,8.32,0,0.0,13.62,45,0,depot
0.79,1.15,11.49,29.7,0,0.0,10.14,45,0,traffic_light
1.23,2.95,11.97,22.07,0,0.0,28.48,45,0,traffic_light
4.31,1.83,10.58,25.72,0,225.97,0.64,35,0,bus_stop
1.53,15.18,7.43,22.77,0,0.0,26.15,50,0,unknown
6.87,8.61,5.14,28.09,0,181.26,0.5,35,0,school
2.63,15.53,12.11,12.83,0,0.0,17.91,30,0,unknown
1.24,16.93,15.98,23.36,0,8.49,0.74,35,0,unknown
8.29,9.7,11.74,5.95,0,0.0,9.29,45,0,school
0.65,4.58,13.45,15.1,0,0.0,29.47,45,0,unknown
7.05,16.36,7.75,21.92,0,6.73,0.33,20,0,unknown
11.34,9.88,2.33,0.2,0,0.0,7.92,40,0,depot
1.44,6.2,17.56,14.54,0,139.81,0.1,30,0,bus_stop
6.94,13.32,8.9,29.93,0,0.0,12.66,20,0,school
7.85,8.98,17.39,17.79,0,0.0,22.56,40,0,traffic_light
1.95,5.72,14.4,19.48,0,0.0,19.07,40,0,traffic_light
10.53,8.91,0.77,4.99,0,0.0,24.22,30,0,bus_stop
17.52,17.25,10.44,14.28,0,275.38,0.89,45,0,depot
10.58,15.28,3.99,11.74,0,0.0,21.65,20,1.49,unknown
6.51,14.34,6.53,15.92,0,34.35,0.43,20,0,unknown
23.33,6.94,10.19,28.79,0,23.83,0.96,20,0,traffic_light
1.08,14.16,8.99,18.9,0,0.0,13.19,20,0,school
1.08,7.24,11.05,24.46,0,51.72,0.44,20,0,unknown
20.15,17.53,10.89,28.27,0,0.0,9.48,40,0,traffic_light
0.08,12.38,15.18,11.34,0,0.0,13.21,40,0,bus_stop
12.72,3.81,10.04,13.14,0,0.0,7.54,50,0,unknown
5.17,1.36,9.92,2.59,0,0.0,20.57,20,3.33,traffic_light
48.77,14.87,63.8,1.64,1,519.58,0.4,40,0,school
0.24,5.43,6.73,22.82,0,0.0,17.09,30,0,traffic_light
32.67,12.99,9.45,21.93,0,0.0,10.73,20,0,unknown
2.83,9.55,9.99,29.07,0,0.0,32.27,35,0,traffic_light
37.45,50.01,49.28,130.49,1,0.0,9.39,20,0,traffic_light
7.75,6.96,14.93,27.39,0,0.0,16.14,45,0,traffic_light
16.02,3.79,13.5,3.73,0,0.0,39.03,45,0,traffic_light
7.61,17.11,8.47,19.94,0,0.0,18.25,40,0,school
7.64,2.31,8.67,28.63,0,0.0,22.91,20,1.27,school
7.45,11.49,15.87,27.03,0,0.0,33.14,50,0,traffic_light
75.77,39.6,20.11,92.06,1,0.0,8.37,20,0,bus_stop
3.58,11.66,5.35,11.57,0,219.85,0.96,50,0,school
0.98,13.21,15.37,23.81,0,0.0,29.99,35,0,traffic_light
7.96,14.82,16.79,26.13,0,0.0,19.24,40,0,school
10.13,1.94,15.86,1.69,0,0.0,24.72,50,0,traffic_light
10.07,12.61,2.92,24.31,0,0.0,12.88,35,0,school
15.39,14.27,15.64,27.82,0,323.65,0.25,20,0,depot
54.46,20.87,45.65,102.42,0,0.0,17.67,20,0,unknown
2.71,5.34,3.85,24.12,0,87.28,0.0,40,0,school
6.87,1.95,4.28,24.3,0,11.77,0.39,45,0,traffic_light
0.17,7.74,15.25,23.88,0,0.0,11.45,20,0,bus_stop
6.32,8.85,15.28,15.02,0,703.15,0.59,45,0,school
5.78,7.88,15.16,3.07,0,25.88,0.17,50,0,traffic_light
2.23,7.25,4.82,14.14,0,0.0,17.85,20,0,depot
2.15,16.03,2.6,10.66,0,11.01,0.57,30,0,traffic_light
1.13,7.37,7.93,8.82,0,0.0,13.9,30,0,traffic_light
9.49,17.54,16.59,17.13,0,0.0,12.09,45,0,traffic_light
0.98,8.59,14.98,28.16,0,0.0,30.71,35,0,school
16.46,14.23,7.65,12.15,0,0.0,20.87,40,0,unknown
4.5,14.0,1.68,15.24,0,0.0,9.95,50,0,traffic_light
7.69,12.84,0.89,14.74,0,0.0,17.06,20,0,school
56.25,88.73,19.1,235.08,1,0.0,9.54,35,0,bus_stop
4.47,13.77,0.14,9.57,0,0.0,19.9,40,0,unknown
4.12,8.4,8.65,14.65,0,0.0,23.31,40,0,unknown
56.49,63.53,42.41,521.45,1,0.0,29.55,35,0,traffic_light
1.4,10.58,15.21,16.91,0,0.0,13.52,40,0,traffic_light
2.06,12.34,6.46,23.09,0,0.0,12.87,45,0,school
11.99,1.46,5.13,1.42,0,18.4,0.15,45,0,traffic_light
9.28,14.63,15.74,29.23,0,0.0,22.97,20,0.49,school
5.54,7.74,12.78,13.35,0,56.11,0.09,45,0,bus_stop
2.01,13.45,2.28,14.89,0,0.0,21.12,40,0,unknown
5.6,11.12,6.48,26.38,0,19.17,0.25,40,0,traffic_light
2.52,11.57,12.93,11.59,0,0.0,7.71,20,0,traffic_light
17.01,15.47,14.08,20.59,0,69.05,0.75,50,0,bus_stop
12.63,7.57,1.68,5.69,0,0.0,23.3,30,0,unknown
12.27,17.88,4.31,21.99,0,0.0,31.79,50,0,traffic_light
20.89,0.4,7.11,10.31,0,0.0,43.73,45,0,school
1.53,15.71,0.24,25.01,0,0.0,15.55,40,0,unknown
5.42,3.08,7.81,12.06,0,0.0,10.12,20,0,unknown
1.19,1.9,8.14,27.01,0,0.0,13.64,35,0,school
12.67,7.19,13.06,16.51,0,0.0,35.02,45,0,traffic_light
3.2,0.4,1.62,13.33,0,0.0,13.92,35,0,bus_stop
10.94,16.78,0.98,27.05,0,0.0,16.72,35,0,traffic_light
0.34,6.21,4.49,24.04,0,0.0,24.88,50,0,bus_stop
7.69,8.32,17.89,6.42,0,0.0,20.01,30,0,school
10.21,17.57,4.04,11.76,0,0.0,36.32,35,1.19,traffic_light
2.77,15.58,4.46,3.69,0,0.0,35.17,40,0,traffic_light
16.66,9.0,4.13,2.47,0,0.0,15.58,20,0,depot
10.11,15.55,4.23,6.48,0,0.0,14.01,45,0,traffic_light
2.94,2.13,2.38,25.03,0,49.32,0.11,50,0,traffic_light
9.44,15.45,5.8,0.85,0,68.71,1.14,35,0,school
18.06,4.95,2.38,10.6,0,7.77,0.9,50,0,unknown
0.35,8.92,13.12,9.3,0,0.0,42.68,50,0,traffic_light
2.1,6.67,8.29,15.72,0,226.47,0.68,40,0,depot
1.17,11.63,0.83,1.96,0,20.36,0.64,20,0,traffic_light
6.82,3.67,11.72,4.8,0,0.0,7.41,45,0,bus_stop
4.01,2.27,11.21,20.41,0,0.0,34.59,45,0,depot
5.83,0.89,3.07,14.19,0,207.34,0.98,45,0,bus_stop
6.68,15.77,4.62,28.52,0,0.0,42.86,40,1.85,bus_stop
1.0,8.72,8.76,3.15,0,0.0,42.5,50,0,depot
6.91,10.02,6.99,6.28,0,0.0,21.61,50,0,unknown
0.74,2.88,17.58,14.89,0,21.06,0.55,35,0,unknown
7.82,3.93,16.87,15.29,0,166.57,1.19,40,0,bus_stop
4.7,1.77,13.0,1.74,0,0.0,31.07,45,0,unknown
38.8,35.34,21.9,6.72,1,776.0,0.68,50,0,school
14.27,17.61,6.09,7.04,0,0.0,11.38,40,0,school
1.24,3.3,5.36,0.78,0,0.0,12.75,35,0,school
2.46,12.0,4.8,17.95,0,0.0,33.12,45,0,school
12.46,8.94,3.33,16.23,0,0.0,11.37,20,0,unknown
6.57,5.04,8.85,21.57,0,56.97,0.59,50,0,unknown
4.62,9.63,14.04,11.13,0,0.0,12.26,35,0,bus_stop
8.14,1.84,13.08,18.27,0,0.0,37.8,35,3.8,unknown
17.43,7.22,17.59,15.7,0,0.0,22.56,30,0,unknown
3.66,10.66,3.2,19.06,0,0.0,15.58,40,0,unknown
2.16,12.3,4.52,0.53,0,0.0,18.8,45,0,unknown
4.38,5.12,5.89,26.15,0,0.0,35.64,35,0.82,traffic_light
13.54,9.8,9.16,15.11,0,0.0,9.77,40,0,unknown
6.42,2.91,6.34,29.07,0,5.35,1.19,20,0,unknown
5.44,8.03,8.22,10.81,0,0.0,10.25,30,0,school
1.96,11.72,8.38,4.66,0,104.32,0.36,50,0,school
10.31,12.71,8.51,3.41,0,0.0,30.11,35,0,unknown
0.78,6.5,12.34,20.35,0,0.0,38.72,45,0,traffic_light
3.92,10.83,15.89,26.75,0,0.0,17.74,20,0,traffic_light
0.31,4.51,13.91,24.1,0,0.0,43.19,45,0,traffic_light
6.69,2.93,17.19,26.97,0,0.0,12.51,20,0,bus_stop
1.66,16.45,8.93,5.84,0,0.0,7.82,30,0,school
12.01,16.14,16.45,20.73,0,100.73,0.84,45,0,bus_stop
1.52,13.98,16.82,4.54,0,0.0,27.28,45,0,bus_stop
4.32,1.37,17.19,2.73,0,0.0,19.64,20,0,school
1.65,4.01,14.7,28.11,0,0.0,21.82,45,0,unknown
1.99,14.26,8.3,27.13,0,0.0,40.45,50,0,unknown
12.44,5.87,8.04,13.9,0,0.0,15.68,35,0,traffic_light
7.92,3.86,3.48,23.18,0,0.0,15.08,20,0,depot
1.8,15.83,10.74,0.02,0,0.0,16.22,45,0,depot
2.05,9.0,13.55,18.27,0,16.0,0.2,50,0,traffic_light
0.9,9.98,2.28,12.41,0,0.0,40.0,40,0,traffic_light
7.93,15.71,2.37,16.16,0,24.94,0.4,45,0,traffic_light
3.86,2.36,17.64,20.11,0,0.0,18.51,40,0,traffic_light
0.88,15.43,5.29,23.61,0,0.0,22.71,20,1.42,bus_stop
8.81,10.09,9.9,22.31,0,68.38,0.92,40,0,traffic_light
11.06,17.14,14.76,6.03,0,10.74,0.93,50,0,unknown
6.38,9.81,8.88,7.51,0,133.56,0.92,30,0,depot
2.14,14.38,4.74,17.52,0,369.24,1.01,20,0,school
2.52,17.5,6.47,23.71,0,0.0,13.81,20,0,school
0.61,4.15,0.52,1.66,0,0.0,13.5,45,0,bus_stop
5.85,5.26,7.01,16.09,0,0.0,10.13,40,0,unknown
70.17,30.89,26.62,166.54,1,0.0,19.41,20,0,bus_stop
13.1,9.21,17.24,2.78,0,4.7,0.08,35,0,unknown
0.7,14.94,4.47,1.18,0,22.92,0.33,35,0,traffic_light
8.47,9.61,7.3,25.99,0,0.0,31.58,45,0,bus_stop
2.52,2.96,12.59,21.2,0,0.0,25.41,40,0,bus_stop
5.88,14.54,8.54,1.99,0,0.0,9.11,20,0,school
0.06,15.0,0.11,9.22,0,45.42,0.67,35,0,unknown
14.44,4.94,13.08,2.1,0,81.81,0.88,20,0,bus_stop
0.81,8.42,5.46,8.39,0,19.7,1.09,20,0,traffic_light
54.15,44.11,56.66,382.71,0,0.0,31.23,40,0,unknown
2.51,3.45,1.43,10.72,0,0.0,17.76,40,0,depot
8.77,11.83,8.7,7.56,0,0.0,46.5,45,2.85,school
4.82,9.11,5.92,21.02,0,44.99,0.97,50,0,traffic_light
29.21,45.4,67.33,581.76,0,0.0,46.13,45,2.71,bus_stop
5.07,1.8,3.15,2.63,0,209.8,0.35,50,0,school
2.88,2.55,2.35,14.7,0,19.76,0.58,50,0,traffic_light
0.24,1.18,17.72,19.51,0,670.31,0.31,30,0,school
6.21,4.54,1.88,18.07,0,0.0,21.09,20,1.31,unknown
1.65,1.25,5.21,5.41,0,0.0,30.34,40,0,school
3.62,4.36,10.5,13.58,0,21.47,1.19,35,0,unknown
11.39,12.57,10.89,21.35,0,172.61,0.5,50,0,school
2.1,14.84,7.15,15.45,0,95.14,1.1,35,0,bus_stop
17.36,9.89,13.43,29.91,0,0.0,16.13,40,0,depot
6.97,10.31,7.05,10.59,0,27.24,0.48,40,0,traffic_light
2.18,11.41,3.96,10.14,0,0.0,14.0,40,0,depot
0.19,6.23,3.19,24.08,0,0.0,24.5,35,0,bus_stop
1.98,5.73,9.87,21.63,0,0.0,14.35,20,0,traffic_light
0.05,0.43,2.6,23.09,0,0.0,19.49,45,0,depot
10.17,9.75,6.22,21.38,0,0.0,36.77,50,0,bus_stop
5.73,17.38,3.63,12.41,0,0.0,20.81,20,0.33,bus_stop
4.27,0.7,5.99,5.91,0,0.0,8.66,30,0,unknown
35,13.85,13.74,4.71,0,19.67,0.38,40,0,unknown
11.47,0.73,12.11,17.26,0,0.0,28.41,50,0,bus_stop
0.26,10.2,1.99,9.92,0,101.52,0.49,40,0,depot
5.47,17.81,17.53,25.96,0,0.0,32.74,30,0.81,depot
3.87,2.66,0.2,26.2,0,0.0,15.75,40,0,bus_stop
4.39,17.32,13.88,21.9,0,0.0,52.05,50,2.03,bus_stop
7.36,9.78,13.76,2.16,0,0.0,46.21,50,0,school
3.69,17.12,2.91,8.95,0,17.29,0.6,20,0,unknown
25.82,6.51,12.84,19.49,0,0.0,8.36,20,0,bus_stop
93.94,15.83,18.57,4.15,1,6.92,0.94,40,0,unknown
28.08,13.22,6.27,10.06,0,352.69,0.03,40,0,school
8.99,5.54,15.68,3.25,0,65.72,0.38,50,0,traffic_light
8.77,12.41,12.37,26.0,0,0.0,18.49,35,0,school
19.18,1.9,6.07,21.73,0,30.88,0.65,45,0,unknown
1.14,14.47,1.39,8.81,0,0.0,16.36,35,0,bus_stop
9.38,17.91,7.23,22.85,0,0.0,8.39,35,0,depot
85.55,50.82,16.79,1.88,1,18.64,0.13,35,0,traffic_light
20.3,13.74,0.7,9.28,0,0.0,9.7,50,0,unknown
0.17,1.4,15.44,18.36,0,0.0,24.06,30,0,bus_stop
1.68,1.46,1.84,12.69,0,0.0,14.39,30,0,school
14.63,0.27,16.49,16.54,0,11.62,0.96,40,0,traffic_light
35,2.94,7.61,0.75,0,0.0,11.44,20,0,unknown
3.19,13.79,12.95,25.23,0,52.37,1.16,20,0,traffic_light
1.74,2.79,4.19,16.76,0,0.0,7.74,30,0,bus_stop
18.9,5.81,17.24,13.79,0,0.0,38.45,45,0,traffic_light
5.46,1.54,17.04,19.64,0,25.95,0.36,20,0,unknown
4.21,7.3,2.82,6.08,0,0.0,36.95,40,0,school
1.51,17.64,6.3,27.87,0,0.0,29.35,40,0,traffic_light
6.67,1.99,2.11,14.5,0,13.76,1.17,30,0,unknown
14.65,9.58,11.98,4.41,0,0.0,23.53,30,0,traffic_light
4.99,6.01,14.5,5.04,0,676.82,0.35,50,0,depot
0.67,12.01,10.02,5.27,0,0.0,16.09,20,0,bus_stop
2.85,2.51,9.75,2.84,0,36.48,0.22,30,0,traffic_light
0.07,17.03,15.29,0.85,0,0.0,21.0,30,0,bus_stop
3.64,2.5,2.12,9.88,0,40.07,0.75,40,0,unknown
7.35,7.06,15.77,29.27,0,0.0,11.02,20,0,bus_stop
10.04,9.24,7.03,8.25,0,0.0,7.55,20,0,traffic_light
9.68,0.41,4.32,26.12,0,60.07,1.2,35,0,bus_stop
4.46,11.78,9.84,19.95,0,0.0,41.79,50,0,traffic_light
3.1,1.53,3.74,18.24,0,0.0,12.74,50,0,school
4.18,14.36,7.03,12.27,0,0.0,25.52,45,0,school
0.63,2.52,14.22,5.35,0,0.0,15.95,40,0,traffic_light
6.81,12.73,6.3,25.11,0,38.92,1.02,45,0,unknown
5.39,17.61,15.12,26.2,0,0.0,10.7,35,0,depot
14.06,16.24,3.26,5.54,0,0.0,12.45,45,0,traffic_light
2.49,0.98,10.28,16.45,0,0.0,27.81,35,0,traffic_light
9.72,16.84,8.9,9.75,0,151.79,1.18,35,0,bus_stop
7.81,1.81,11.55,3.75,0,482.42,0.13,35,0,school
82.93,93.34,34.48,21.58,0,513.03,0.83,45,0,school
58.96,59.19,60.44,125.62,1,0.0,7.64,40,0,unknown
20.44,11.01,7.5,8.53,0,75.12,0.43,35,0,bus_stop
1.61,9.04,5.97,25.59,0,8.83,0.28,30,0,unknown
6.32,9.9,14.88,24.43,0,0.0,32.04,40,0,school
23.34,3.75,9.22,25.54,0,0.0,30.87,30,0.33,unknown
0.99,13.57,2.54,1.6,0,0.0,17.34,45,0,unknown
13.52,16.38,3.33,25.36,0,0.0,15.31,30,0,traffic_light
8.17,9.02,0.02,15.47,0,0.0,7.46,20,0,unknown
55.89,93.0,27.08,29.78,1,382.61,1.15,30,0,school
0.05,17.83,16.09,4.18,0,0.0,39.09,45,0,unknown
3.54,11.22,13.26,3.57,0,0.0,16.96,45,0,traffic_light
1.42,6.93,5.45,7.29,0,0.0,18.8,35,0,unknown
9.05,0.33,1.93,15.24,0,56.62,0.67,30,0,unknown
13.48,7.37,11.9,20.77,0,0.0,7.65,35,0,traffic_light
1.39,11.03,15.09,6.21,0,0.0,17.99,40,0,depot
10.69,14.41,10.84,21.81,0,0.0,17.95,20,0,bus_stop
3.69,16.01,1.66,3.26,0,0.0,42.0,40,0.92,depot
0.43,10.08,3.11,14.98,0,0.0,15.05,50,0,traffic_light
5.21,15.73,15.57,13.4,0,156.95,0.58,40,0,school
8.89,9.95,17.52,10.28,0,0.0,8.67,45,0,bus_stop
2.23,16.69,9.81,24.1,0,17.75,0.24,45,0,traffic_light
13.49,17.31,3.95,4.98,0,0.0,9.44,35,0,traffic_light
4.53,10.63,9.57,9.31,0,43.42,0.58,40,0,traffic_light
47.3,83.38,60.21,874.74,0,0.0,37.77,45,0,unknown
27.13,16.9,2.06,25.38,0,26.06,1.16,20,0,traffic_light
5.92,3.53,6.69,11.76,0,0.0,17.93,35,0,traffic_light
5.48,1.4,3.49,13.3,0,0.0,17.87,40,0,depot
9.82,5.01,11.69,6.7,0,25.64,0.43,35,0,unknown
21.97,15.53,17.67,7.06,0,10.52,0.21,30,0,traffic_light
10.25,13.03,7.38,0.91,0,0.0,8.02,30,0,traffic_light
0.96,17.14,17.21,18.65,0,0.0,10.26,50,0,traffic_light
12.86,4.62,3.91,4.96,0,0.0,18.2,35,0,school
4.53,7.81,3.9,21.27,0,92.55,0.76,20,0,bus_stop
1.57,0.38,7.28,16.23,0,33.77,0.67,50,0,traffic_light
8.33,7.77,8.56,29.08,0,23.76,1.14,20,0,unknown
0.65,12.0,8.45,10.22,0,177.79,0.34,20,0,bus_stop
9.14,14.62,4.75,15.97,0,91.06,0.61,50,0,bus_stop
1.19,13.2,3.43,3.36,0,0.0,20.89,20,3.83,school
9.57,10.88,14.54,11.01,0,471.62,1.05,45,0,school
0.83,5.23,16.67,6.65,0,0.0,27.95,40,0,traffic_light
0.55,0.91,0.98,28.8,0,0.0,13.44,20,0,unknown
10.25,12.86,16.0,18.31,0,0.0,35.91,45,0,bus_stop
1.65,0.12,17.92,21.82,0,0.0,21.93,40,0,unknown
5.52,13.1,10.74,22.42,0,0.0,18.49,20,0,depot
8.36,10.74,11.39,17.57,0,212.53,0.35,20,0,school
4.34,4.46,14.34,26.23,0,504.48,0.03,30,0,school
0.34,10.71,8.94,24.37,0,0.0,14.98,35,0,unknown
20.33,10.0,0.15,24.39,0,0.0,14.93,40,0,bus_stop
5.69,6.13,5.89,5.85,0,28.85,0.18,30,0,traffic_light
1.47,2.14,0.61,17.41,0,0.0,34.8,45,0,traffic_light
9.03,7.57,11.04,2.72,0,0.0,7.03,30,0,school
13.18,3.68,8.54,10.33,0,402.4,0.03,20,0,school
3.34,5.12,3.11,14.06,0,0.0,19.0,20,0,traffic_light
9.06,15.05,13.42,12.84,0,113.88,0.59,20,0,school
0.78,6.48,14.78,6.91,0,0.0,41.6,50,0,bus_stop
32.34,3.72,2.62,1.07,0,57.38,0.26,40,0,bus_stop
8.15,7.16,16.76,24.91,0,0.0,10.2,35,0,bus_stop
15.31,14.92,5.09,10.28,0,0.0,23.47,30,0,bus_stop
0.77,8.21,15.19,6.57,0,358.56,1.07,30,0,school
15.57,11.98,9.69,9.69,0,0.0,9.4,50,0,unknown
7.91,14.64,15.8,16.93,0,40.91,0.59,30,0,unknown
10.03,4.29,7.02,10.72,0,0.0,37.18,45,0,school
0.11,15.96,8.94,22.67,0,42.66,0.01,30,0,traffic_light
6.11,14.34,9.16,27.8,0,0.0,45.8,50,0,school
6.6,17.57,1.01,17.48,0,0.0,32.6,45,0,bus_stop
11.78,1.01,10.87,9.73,0,0.0,21.69,50,0,unknown
46.92,57.81,18.63,16.58,0,43.19,1.03,50,0,unknown
3.8,9.55,4.39,16.59,0,0.0,42.11,40,3.14,unknown
3.57,14.51,3.9,27.93,0,467.32,0.18,45,0,school
13.76,8.97,3.59,28.16,0,22.77,1.05,35,0,unknown
10.39,16.42,12.94,10.65,0,53.61,0.43,40,0,unknown
2.69,7.6,13.22,25.19,0,39.67,1.09,45,0,unknown
10.6,17.03,3.25,23.61,0,0.0,30.25,35,0,school
0.88,5.5,2.63,9.03,0,0.0,19.72,45,0,traffic_light
1.82,9.1,2.37,21.2,0,0.0,18.49,40,0,traffic_light
53.75,25.79,53.67,362.88,1,0.0,50.66,50,1.45,school
3.65,4.9,4.04,24.86,0,0.0,21.92,30,0,unknown
6.46,12.27,1.58,18.05,0,40.82,0.37,50,0,traffic_light
9.08,7.2,13.83,11.36,0,0.0,10.68,30,0,unknown
2.71,0.19,12.87,6.37,0,0.0,30.65,35,0,bus_stop
12.12,4.26,0.23,27.71,0,27.69,0.31,40,0,traffic_light
8.94,12.41,3.53,16.63,0,0.0,13.94,50,0,traffic_light
0.56,8.26,3.48,15.54,0,0.0,26.04,40,0,unknown
20.07,12.2,9.46,3.46,0,0.0,29.7,50,0,unknown
0.89,3.5,5.67,8.11,0,76.64,0.68,20,0,bus_stop
0.24,16.41,0.51,19.24,0,0.0,23.2,50,0,unknown
1.61,9.6,6.32,5.68,0,0.0,20.64,50,0,traffic_light
29.73,13.89,10.63,16.69,0,0.0,34.38,45,0,depot
14.66,15.55,12.49,18.59,0,37.64,1.16,45,0,traffic_light
9.03,11.34,16.38,2.11,0,0.0,29.46,35,0,school
27.1,21.12,72.27,138.55,1,0.0,23.61,40,0,traffic_light
0.62,8.95,12.32,12.35,0,0.0,29.46,35,0,unknown
10.0,13.12,7.97,21.08,0,597.99,0.59,20,0,depot
5.61,11.12,0.99,4.1,0,0.0,8.44,45,0,unknown
0.08,6.19,14.13,7.05,0,0.0,14.26,45,0,school
0.29,17.06,7.46,29.83,0,0.0,27.4,45,0,bus_stop
6.58,6.91,8.19,18.12,0,0.0,24.61,35,0,traffic_light
3.94,12.81,4.77,8.86,0,33.97,0.58,30,0,traffic_light
75.13,40.11,50.67,495.08,1,0.0,44.43,45,0,school
0.76,4.32,11.35,10.99,0,0.0,25.37,50,0,traffic_light
1.01,11.85,7.72,0.04,0,595.58,1.12,40,0,school
2.09,16.88,3.11,7.91,0,283.35,0.15,20,0,school
0.34,17.16,7.55,27.17,0,14.55,0.76,40,0,traffic_light
1.77,1.53,7.41,25.92,0,0.0,25.32,45,0,unknown
17.46,13.0,10.61,16.72,0,559.43,0.92,30,0,depot
1.08,4.87,10.16,15.02,0,0.0,26.68,40,0,traffic_light
12.45,7.23,7.52,4.08,0,0.0,19.08,30,0,traffic_light
15.98,11.33,12.07,21.51,0,154.41,0.99,40,0,school
3.18,17.42,15.42,20.88,0,458.09,0.53,45,0,school
21.65,1.26,7.52,12.2,0,0.0,40.61,45,0,traffic_light
42.37,39.85,45.85,518.88,0,0.0,46.88,45,1.81,traffic_light
3.19,4.28,16.47,24.69,0,36.04,0.77,50,0,traffic_light
1.0,9.0,13.48,11.77,0,0.0,52.84,50,1.85,traffic_light
3.94,0.17,9.68,22.69,0,0.0,27.02,40,0,depot
3.72,15.51,16.17,19.61,0,0.0,11.01,30,0,unknown
5.57,14.23,4.91,20.99,0,0.0,21.43,20,1.35,bus_stop
12.11,3.88,5.45,6.01,0,0.0,38.31,45,0,unknown
22.69,5.09,16.27,15.26,0,0.0,16.15,45,0,traffic_light
1.72,11.52,12.2,24.28,0,117.24,0.06,20,0,bus_stop
10.09,8.51,14.65,27.19,0,0.0,25.79,40,0,unknown
3.91,3.3,0.81,4.49,0,31.52,0.57,35,0,traffic_light
3.21,2.62,13.08,5.17,0,30.8,0.54,35,0,traffic_light
2.19,6.41,2.07,5.15,0,0.0,7.25,35,0,bus_stop
3.89,15.24,8.88,22.58,0,111.5,0.71,35,0,bus_stop
12.33,9.0,13.17,23.74,0,0.0,13.95,30,0,unknown
0.57,0.77,11.63,26.12,0,0.0,47.07,45,2.32,school
0.6,8.91,14.22,2.39,0,0.0,21.96,45,0,bus_stop
6.95,5.8,12.64,12.26,0,35.24,0.18,45,0,traffic_light
86.9,14.08,55.94,51.94,1,0.0,13.28,50,0,unknown
2.06,12.71,12.0,3.95,0,541.3,0.83,50,0,depot
0.51,6.08,2.18,0.84,0,0.0,15.46,30,0,unknown
1.1,15.53,17.0,20.29,0,115.69,0.99,20,0,bus_stop
16.45,5.41,9.2,10.3,0,0.0,19.76,50,0,unknown
1.11,12.53,16.72,18.02,0,49.33,0.21,45,0,unknown
2.13,9.25,14.96,13.23,0,0.0,47.33,50,0,traffic_light
58.08,82.88,53.5,7.5,1,143.23,0.33,30,0,bus_stop
7.6,6.38,2.75,13.79,0,0.0,41.67,45,0,unknown
9.25,1.36,14.23,8.19,0,0.0,16.25,40,0,bus_stop
14.98,16.8,9.2,11.14,0,0.0,30.72,45,0,traffic_light
4.19,14.3,12.12,12.51,0,44.59,0.2,40,0,unknown
18.66,14.8,11.17,18.82,0,0.0,27.61,40,0,depot
54.43,50.4,43.34,14.61,1,236.38,1.04,45,0,depot
23.8,8.47,3.69,17.38,0,0.0,23.71,35,0,unknown
1.36,5.36,16.12,9.57,0,0.0,19.88,50,0,traffic_light
2.95,6.23,4.47,7.47,0,0.0,10.11,50,0,traffic_light
23.02,4.45,7.05,9.97,0,608.72,0.63,35,0,school
17.11,3.37,6.82,12.89,0,0.0,8.4,35,0,depot
2.48,12.84,15.2,22.69,0,0.0,19.89,30,0,school
15.07,12.7,7.77,18.17,0,171.79,0.83,35,0,depot
0.48,3.34,11.42,5.1,0,0.0,27.72,50,0,traffic_light
2.02,6.69,14.93,4.78,0,177.78,0.4,45,0,school
1.77,7.02,1.59,6.98,0,15.78,1.06,50,0,unknown
4.01,10.8,4.47,17.98,0,0.0,10.75,35,0,traffic_light
4.62,6.71,9.05,9.92,0,0.0,30.97,40,0,unknown
35,8.14,1.06,19.04,0,171.5,0.31,50,0,bus_stop
9.94,1.74,7.39,0.21,0,0.0,33.49,50,0,traffic_light
1.48,3.62,8.67,1.16,0,98.27,0.45,35,0,school
0.62,4.2,6.58,6.68,0,0.0,30.27,45,0,bus_stop
14.87,1.65,2.73,19.48,0,0.0,11.99,50,0,unknown
39.7,68.93,37.65,5.78,0,26.48,0.3,45,0,traffic_light
1.08,3.79,9.57,22.38,0,0.0,14.64,35,0,unknown
2.88,16.96,2.11,19.94,0,0.0,8.22,30,0,traffic_light
19.16,7.56,14.24,17.47,0,0.0,10.09,20,0,school
80.82,13.62,27.89,44.5,0,0.0,11.77,45,0,traffic_light
4.04,13.47,5.12,7.4,0,21.75,0.71,40,0,traffic_light
0.84,12.22,8.93,20.63,0,0.0,24.17,40,0,bus_stop
5.07,3.59,8.09,3.83,0,0.0,21.6,20,0.58,school
1.31,0.14,3.8,2.3,0,19.5,0.46,35,0,traffic_light
3.77,15.3,5.78,26.17,0,0.0,45.26,45,1.24,bus_stop
4.68,3.18,3.58,7.65,0,92.65,0.37,35,0,bus_stop
0.0,4.85,4.15,16.29,0,0.0,40.33,50,0,unknown
2.36,17.99,9.01,24.19,0,0.0,47.71,50,0,traffic_light
1.33,15.05,11.58,2.24,0,0.0,27.46,35,0,bus_stop
5.96,12.51,10.53,17.26,0,36.53,0.22,20,0,traffic_light
1.87,1.46,15.27,22.87,0,206.92,0.85,40,0,depot
1.78,4.47,5.73,14.49,0,0.0,13.63,35,0,school
4.98,5.04,16.07,13.21,0,0.0,9.67,30,0,bus_stop
6.19,6.63,17.28,20.76,0,293.68,0.95,30,0,depot
94.2,14.82,33.69,3.2,1,158.8,0.78,40,0,bus_stop
2.45,2.4,16.22,8.13,0,75.78,0.02,45,0,bus_stop
0.07,1.46,12.33,19.15,0,0.0,18.12,45,0,traffic_light
7.01,12.64,5.67,14.56,0,192.27,0.66,35,0,bus_stop
3.71,14.86,9.43,12.76,0,0.0,26.12,35,0,school
18.49,14.29,8.65,13.47,0,0.0,32.43,40,0,bus_stop
2.78,6.99,2.91,0.01,0,0.0,8.64,20,0,traffic_light
6.17,1.5,13.37,3.31,0,34.69,0.61,35,0,unknown
0.38,5.68,4.88,10.2,0,0.0,30.93,30,2.55,school
1.31,10.68,4.71,19.07,0,0.0,29.25,40,0,bus_stop
0.78,5.94,16.06,12.72,0,0.0,18.48,45,0,depot
51.87,9.44,37.72,3.09,1,13.46,1.18,50,0,traffic_light
90.39,47.6,16.3,15.62,1,46.14,1.18,40,0,unknown
1.26,13.09,2.57,3.73,0,0.0,20.09,40,0,bus_stop
5.92,14.27,4.57,9.31,0,0.0,22.77,30,0,depot
1.44,11.09,8.68,19.5,0,0.0,16.71,30,0,school
7.18,16.35,3.96,6.55,0,0.0,23.58,50,0,unknown
15.7,8.47,17.62,1.2,0,0.0,18.53,45,0,traffic_light
15.49,12.5,1.33,28.07,0,0.0,18.13,45,0,traffic_light
14.79,8.74,12.98,23.08,0,116.27,0.54,50,0,bus_stop
1.04,6.04,1.9,17.56,0,0.0,10.19,35,0,traffic_light
3.89,0.77,5.7,7.8,0,0.0,11.88,20,0,unknown
25.29,13.47,2.21,2.11,0,0.0,33.04,35,0,depot
4.23,10.52,7.47,26.25,0,0.0,22.49,45,0,bus_stop
7.76,9.76,8.89,29.53,0,0.0,26.54,45,0,traffic_light
12.47,1.12,2.94,14.74,0,0.0,40.73,40,1.42,bus_stop
17.82,0.07,15.85,4.93,0,0.0,17.81,35,0,traffic_light
9.5,6.01,7.71,4.13,0,0.0,15.95,50,0,bus_stop
0.42,12.02,11.86,29.15,0,27.13,0.94,30,0,traffic_light
4.81,8.12,5.27,3.55,0,0.0,26.88,35,0,unknown
0.06,11.12,16.38,17.77,0,68.55,1.03,45,0,unknown
5.46,9.57,11.42,28.69,0,0.0,41.44,45,0,traffic_light
1.12,4.75,14.27,28.01,0,0.0,18.67,20,0,traffic_light
10.43,0.13,7.9,3.71,0,0.0,45.76,50,0,traffic_light
1.49,4.1,2.49,7.75,0,387.2,0.05,30,0,school
10.87,11.89,16.43,16.18,0,5.97,0.16,35,0,unknown
3.6,9.3,6.94,27.02,0,25.85,0.99,20,0,traffic_light
4.03,3.84,10.89,8.99,0,0.0,23.61,40,0,depot
27.71,7.24,2.23,13.48,0,22.53,0.04,20,0,traffic_light
21.52,15.63,1.48,29.95,0,0.0,19.35,20,0,traffic_light
0.56,4.17,0.59,5.67,0,13.61,0.82,45,0,traffic_light
22.15,16.95,6.04,10.75,0,0.0,35.52,35,0.8,school
9.73,13.74,15.99,0.3,0,0.0,16.7,35,0,traffic_light
0.1,15.46,9.92,24.06,0,232.19,1.17,40,0,school
3.97,0.69,8.54,18.27,0,186.92,1.11,35,0,bus_stop
3.4,7.22,16.56,9.22,0,0.0,11.18,50,0,depot
3.09,7.08,8.39,12.55,0,52.68,0.06,40,0,unknown
5.48,15.98,9.94,4.22,0,0.0,21.05,20,0.19,school
3.6,5.71,13.35,26.91,0,719.75,0.59,45,0,school
6.18,10.39,10.59,2.97,0,17.9,0.54,40,0,unknown
1.19,11.15,10.19,8.52,0,0.0,16.66,30,0,unknown
0.86,8.82,17.09,6.74,0,426.34,0.48,40,0,school
3.22,2.91,7.03,29.61,0,156.84,0.24,20,0,school
3.47,4.17,7.74,16.73,0,0.0,17.48,30,0,unknown
1.93,3.68,10.01,29.96,0,112.88,0.92,40,0,bus_stop
27.88,5.45,2.3,10.34,0,10.46,0.11,50,0,traffic_light
5.16,5.22,10.98,26.98,0,0.0,12.84,40,0,bus_stop
6.61,2.64,11.73,19.27,0,542.55,0.33,20,0,school
7.81,0.74,16.72,6.94,0,0.0,33.36,35,0,traffic_light
14.55,7.69,1.17,14.31,0,0.0,27.8,35,0,depot
16.74,15.21,1.82,11.95,0,25.04,0.17,30,0,traffic_light
2.43,3.15,3.65,20.05,0,0.0,29.82,50,0,unknown
52.7,26.63,45.67,325.78,0,0.0,44.04,45,0,depot
2.13,13.02,13.65,8.58,0,0.0,15.12,20,0,school
6.4,5.43,4.77,5.22,0,0.0,21.13,35,0,traffic_light
13.2,1.5,17.81,21.72,0,0.0,35.52,35,1.02,bus_stop
1.45,12.9,12.54,22.82,0,0.0,18.68,35,0,traffic_light
12.6,1.11,3.3,17.55,0,29.2,0.04,30,0,traffic_light
25.8,2.75,7.11,12.5,0,0.0,22.91,20,3.04,traffic_light
34.54,7.34,13.03,19.26,0,0.0,39.92,50,0,bus_stop
0.4,12.71,10.47,14.39,0,15.4,0.71,35,0,traffic_light
4.94,17.71,7.81,22.44,0,0.0,12.8,40,0,depot
11.49,11.83,1.72,26.57,0,388.56,0.65,50,0,school
2.69,1.27,16.63,18.56,0,250.6,0.28,35,0,bus_stop
9.54,17.68,15.87,12.53,0,26.29,1.05,50,0,traffic_light
4.82,9.3,7.47,16.96,0,56.32,0.51,30,0,depot
2.24,1.89,6.64,9.44,0,40.74,1.08,35,0,bus_stop
4.5,3.69,7.92,29.13,0,78.8,0.36,45,0,bus_stop
7.4,1.87,11.46,23.18,0,0.0,30.28,50,0,bus_stop
2.05,5.88,11.74,26.74,0,0.0,18.33,50,0,school
0.58,14.3,5.12,24.9,0,0.0,29.8,40,0,school
7.45,14.64,10.62,3.6,0,0.0,9.16,50,0,traffic_light
3.99,11.86,17.73,17.64,0,0.0,19.97,30,0,traffic_light
2.24,2.13,12.48,1.9,0,68.58,0.47,20,0,bus_stop
2.7,9.71,4.18,28.24,0,49.26,0.3,45,0,traffic_light
0.19,11.93,7.68,6.39,0,0.0,45.16,45,2.92,unknown
6.22,3.9,13.01,12.12,0,0.0,30.07,30,1.0,unknown
7.27,1.43,17.94,3.67,0,52.04,0.45,20,0,traffic_light
5.38,1.17,0.83,25.28,0,26.14,0.44,35,0,traffic_light
2.48,12.54,12.46,5.07,0,0.0,16.03,40,0,traffic_light
7.83,12.03,17.4,26.33,0,295.95,0.71,30,0,depot
0.29,5.77,7.32,3.44,0,0.0,16.48,30,0,traffic_light
8.97,2.25,6.9,9.95,0,18.28,1.19,40,0,unknown
2.22,15.46,2.11,14.12,0,0.0,22.12,30,0,traffic_light
4.16,6.95,14.47,14.83,0,60.1,0.7,35,0,traffic_light
1.09,10.34,6.36,14.16,0,0.0,28.93,30,0,unknown
0.65,7.2,4.53,7.29,0,0.0,13.96,30,0,traffic_light
8.23,12.49,2.17,15.61,0,417.26,0.19,45,0,depot
0.28,16.11,14.05,1.5,0,472.34,0.29,20,0,school
6.43,8.25,11.88,11.82,0,0.0,21.67,30,0,traffic_light
9.08,2.94,12.59,16.96,0,0.0,18.88,50,0,unknown
0.99,8.69,5.08,9.2,0,0.0,14.84,20,0,traffic_light
43.57,92.27,44.21,201.08,0,0.0,7.85,40,0,school
12.93,17.58,13.34,18.86,0,0.0,30.29,35,0,school
1.03,0.13,6.04,19.39,0,0.0,25.66,45,0,school
4.23,14.64,1.01,26.37,0,0.0,28.11,45,0,school
26.84,15.56,17.37,17.91,0,0.0,20.46,35,0,unknown
0.45,17.74,1.29,23.21,0,71.24,0.58,50,0,bus_stop
27.41,4.35,17.7,9.59,0,0.0,25.49,30,0,traffic_light
26.21,4.1,0.45,0.96,0,0.0,23.22,35,0,school
3.4,2.42,1.45,7.4,0,0.0,17.44,20,0,traffic_light
1.86,8.04,17.38,11.22,0,40.33,0.66,30,0,traffic_light
14.27,10.88,13.01,7.93,0,0.0,44.16,45,0,depot
7.47,17.53,7.51,19.57,0,34.23,0.1,35,0,traffic_light
49.18,64.37,20.38,214.6,1,0.0,12.0,20,0,depot
2.4,16.18,5.79,14.63,0,14.21,0.99,20,0,unknown
0.35,4.09,15.82,29.73,0,0.0,18.01,35,0,depot
8.1,9.26,1.54,4.62,0,595.09,0.07,30,0,depot
8.1,2.18,5.54,23.89,0,188.94,0.58,45,0,bus_stop
4.03,12.72,11.5,28.9,0,102.26,1.07,20,0,bus_stop
1.68,14.9,13.83,2.22,0,0.0,8.16,30,0,bus_stop
5.35,9.33,9.22,5.18,0,33.66,0.99,35,0,traffic_light
5.84,1.84,17.31,1.25,0,19.92,0.49,50,0,traffic_light
0.51,14.34,0.04,22.5,0,212.73,1.11,35,0,school
0.06,14.03,8.15,8.74,0,0.0,19.01,45,0,traffic_light
16.01,12.16,10.53,15.74,0,26.74,1.05,30,0,traffic_light
53.5,70.1,58.33,594.8,1,0.0,30.55,35,0,traffic_light
1.84,16.45,0.68,18.11,0,0.0,11.04,40,0,unknown
0.97,3.22,17.68,4.43,0,0.0,10.53,30,0,unknown
1.76,5.13,4.65,19.61,0,0.0,23.78,40,0,traffic_light
1.55,17.65,5.22,25.14,0,0.0,26.46,45,0,traffic_light
4.61,14.85,16.65,17.22,0,18.73,0.9,50,0,traffic_light
0.26,11.12,3.2,3.66,0,0.0,9.62,40,0,school
5.15,15.71,8.05,21.81,0,0.0,26.62,30,0,bus_stop
0.76,3.06,13.27,13.98,0,7.98,0.66,45,0,traffic_light
6.24,16.52,7.81,2.39,0,45.35,0.52,45,0,bus_stop
2.11,9.04,16.29,4.96,0,73.41,0.7,50,0,bus_stop
32.29,2.0,8.81,16.39,0,311.81,0.57,35,0,depot
3.04,1.03,15.92,16.54,0,0.0,8.33,20,0,bus_stop
34.06,42.27,27.18,575.1,1,0.0,48.98,50,0,unknown
6.77,13.44,2.8,27.26,0,0.0,39.63,40,0,school
9.31,17.96,1.48,5.14,0,0.0,12.6,20,0,unknown
0.26,3.48,0.7,14.2,0,233.04,0.8,50,0,school
8.29,12.73,4.32,24.83,0,0.0,21.38,20,2.56,unknown
27.14,3.19,13.57,19.82,0,0.0,19.9,20,0,bus_stop
0.61,3.46,1.28,13.39,0,0.0,26.28,40,0,school
1.12,3.39,8.52,21.75,0,870.8,0.21,40,0,depot
0.06,10.72,4.22,4.29,0,109.96,0.0,50,0,bus_stop
8.41,12.08,10.06,23.47,0,0.0,20.62,50,0,depot
2.33,5.12,17.86,18.49,0,0.0,19.43,35,0,school
0.79,3.27,15.46,9.72,0,0.0,19.76,45,0,traffic_light
20.57,7.52,9.79,18.22,0,0.0,27.48,35,0,traffic_light
4.25,12.14,9.74,19.96,0,0.0,7.65,20,0,traffic_light
1.93,16.53,13.85,8.58,0,0.0,17.21,30,0,traffic_light
10.01,4.87,6.35,10.65,0,0.0,43.49,45,0,school
3.04,14.44,7.56,22.08,0,45.38,0.89,50,0,traffic_light
2.47,8.32,9.87,9.88,0,0.0,9.05,30,0,bus_stop
0.62,1.41,9.38,13.52,0,0.0,34.59,35,0,traffic_light
2.68,0.26,13.85,22.12,0,30.63,0.58,35,0,traffic_light
1.88,7.09,4.72,29.48,0,31.54,0.34,40,0,traffic_light
72.25,53.94,62.91,168.99,1,0.0,11.28,40,0,bus_stop
5.41,1.44,4.71,12.87,0,0.0,24.24,50,0,bus_stop
18.22,15.85,16.51,18.04,0,0.0,44.73,45,0,traffic_light
1.6,0.43,6.7,13.65,0,0.0,13.45,20,0,bus_stop
5.6,14.96,14.32,23.24,0,545.23,0.75,50,0,depot
8.08,12.14,8.16,25.07,0,0.0,28.0,40,0,unknown
9.51,15.24,8.82,24.99,0,210.51,1.18,40,0,bus_stop
10.62,4.98,7.27,17.37,0,303.21,0.73,50,0,depot
20.45,9.93,9.19,7.48,0,58.76,1.03,50,0,unknown
1.74,17.94,9.63,17.8,0,72.01,0.54,30,0,traffic_light
7.03,0.45,17.97,3.46,0,0.0,9.11,40,0,traffic_light
0.73,6.83,6.08,19.88,0,0.0,11.94,50,0,depot
4.85,6.74,13.95,24.69,0,5.81,0.89,30,0,unknown
5.8,2.82,9.09,4.63,0,10.69,0.8,30,0,traffic_light
0.92,7.9,0.67,22.45,0,0.0,34.83,50,0,unknown
9.74,7.11,14.09,7.73,0,19.55,0.32,40,0,traffic_light
25.88,2.54,1.26,28.53,0,0.0,33.52,35,0,school
10.74,0.4,15.84,19.62,0,0.0,12.54,30,0,unknown
76.43,45.11,50.54,529.78,0,0.0,42.28,50,0,school
2.52,9.9,12.5,4.37,0,0.0,24.83,30,0,bus_stop
16.42,11.26,11.14,20.68,0,0.0,15.11,50,0,school
6.46,4.25,15.41,22.02,0,0.0,12.04,50,0,traffic_light
4.71,8.46,3.63,26.88,0,227.52,0.07,30,0,depot
2.2,13.02,2.79,3.2,0,0.0,30.67,50,0,unknown
8.27,2.4,5.07,27.29,0,0.0,10.54,40,0,traffic_light
9.86,16.15,6.66,22.31,0,11.19,0.19,40,0,unknown
3.21,10.26,12.06,6.74,0,11.55,0.61,40,0,unknown
12.36,2.22,9.63,5.17,0,0.0,22.6,35,0,traffic_light
59.73,42.19,48.09,9.97,1,32.3,0.85,35,0,traffic_light
8.23,2.86,1.87,13.02,0,0.0,36.93,45,0,traffic_light
3.66,2.37,6.05,9.97,0,0.0,37.95,35,1.26,unknown
2.35,16.1,7.22,20.15,0,137.89,0.53,20,0,bus_stop
1.54,17.19,6.12,14.86,0,373.15,1.02,30,0,school
2.8,16.0,13.22,5.76,0,0.0,29.72,40,0,traffic_light
1.04,8.35,6.68,4.04,0,0.0,34.53,40,0,school
2.43,17.12,15.96,3.53,0,681.4,0.95,35,0,depot
1.4,8.93,17.68,3.53,0,0.0,13.17,30,0,traffic_light
6.28,10.85,8.93,15.66,0,0.0,7.57,20,0,school
0.68,3.76,3.66,15.46,0,0.0,10.43,40,0,school
1.1,1.36,0.38,1.38,0,0.0,33.54,35,0,traffic_light
0.85,10.58,2.6,6.8,0,525.74,0.15,40,0,school
3.55,9.59,13.58,6.29,0,0.0,34.41,45,0,traffic_light
7.71,12.74,4.63,5.71,0,0.0,33.31,35,0,unknown
3.62,16.03,7.02,4.34,0,0.0,41.32,50,0,traffic_light
19.18,13.59,3.41,11.83,0,41.27,0.95,50,0,traffic_light
5.85,2.95,16.01,4.14,0,174.95,0.79,45,0,depot
5.2,2.69,2.78,2.9,0,31.6,0.34,40,0,traffic_light
13.78,1.74,16.62,3.33,0,29.71,0.1,20,0,traffic_light
1.62,3.46,17.24,17.19,0,0.0,34.69,45,0,bus_stop
20.7,3.14,4.49,22.88,0,0.0,23.61,40,0,traffic_light
8.47,6.57,1.44,0.86,0,217.34,0.18,50,0,bus_stop
1.99,0.9,3.19,7.83,0,60.24,0.13,30,0,bus_stop
5.35,11.77,12.63,29.41,0,233.03,0.11,30,0,depot
0.48,16.16,9.61,14.84,0,0.0,20.62,20,0.24,traffic_light
1.5,13.47,3.71,6.74,0,0.0,7.49,30,0,traffic_light
2.93,7.63,15.09,20.15,0,0.0,37.89,35,2.67,traffic_light
8.98,1.12,8.64,18.49,0,41.64,0.28,40,0,traffic_light
3.25,8.66,12.98,28.37,0,0.0,40.84,50,0,school
3.32,9.87,5.83,28.82,0,0.0,15.06,45,0,traffic_light
1.01,10.45,8.49,11.36,0,0.0,20.4,40,0,school
4.01,5.77,2.25,8.56,0,25.93,0.37,35,0,traffic_light
27.53,88.31,56.38,4.84,1,48.4,0.2,45,0,traffic_light
4.52,9.71,13.48,18.87,0,815.06,0.14,35,0,depot
6.27,8.88,14.58,28.31,0,0.0,9.5,30,0,unknown
0.14,16.44,2.24,24.13,0,436.38,0.46,40,0,depot
0.27,8.82,7.99,4.14,0,16.95,0.85,20,0,unknown
0.86,1.1,1.12,20.56,0,311.61,0.95,40,0,school
50.02,95.98,69.53,25.88,1,148.15,0.97,50,0,bus_stop
6.16,12.22,14.78,11.94,0,0.0,42.47,45,0,traffic_light
46.06,70.95,42.35,293.88,1,0.0,14.91,30,0,school
2.28,16.69,4.98,12.96,0,0.0,23.64,40,0,depot
2.8,6.08,13.22,0.03,0,0.0,31.06,45,0,bus_stop
0.3,12.56,10.12,14.52,0,13.93,1.19,30,0,unknown
7.25,9.31,8.67,25.27,0,0.0,9.45,40,0,bus_stop
10.72,4.23,2.16,11.58,0,0.0,39.0,40,0,unknown
2.07,6.62,17.51,25.4,0,0.0,13.75,20,0,school
0.82,9.02,15.89,27.73,0,25.07,0.42,40,0,traffic_light
2.88,9.38,2.85,13.97,0,417.16,0.85,45,0,school
4.1,16.62,15.16,11.59,0,30.74,0.26,40,0,traffic_light
9.88,4.01,7.86,23.37,0,0.0,11.23,35,0,traffic_light
5.66,7.89,2.56,10.34,0,0.0,32.98,50,0,bus_stop
7.57,2.58,4.36,26.45,0,0.0,13.34,20,0,bus_stop
9.88,7.37,11.02,20.65,0,14.84,0.12,35,0,unknown
17.3,12.3,0.71,27.55,0,0.0,28.16,35,0,bus_stop
5.88,1.42,2.1,9.48,0,0.0,19.4,20,0,school
62.49,16.59,71.54,1.34,1,41.53,0.29,40,0,unknown
8.18,13.96,13.73,8.75,0,0.0,10.97,20,0,bus_stop
0.99,3.53,0.04,1.5,0,0.0,33.51,35,0,depot
15.28,10.8,5.25,26.77,0,163.79,0.2,20,0,bus_stop
4.15,2.58,10.3,23.74,0,0.0,10.26,45,0,depot
0.63,16.02,15.49,3.97,0,0.0,8.34,20,0,school
0.72,3.61,7.43,13.21,0,26.51,0.43,35,0,unknown
16.74,7.65,12.41,16.87,0,0.0,29.42,40,0,unknown
8.77,6.26,17.33,12.78,0,18.67,0.58,35,0,traffic_light
7.76,12.52,1.51,10.92,0,0.0,21.64,20,2.49,bus_stop
5.1,9.03,5.77,7.79,0,13.96,0.26,50,0,unknown
7.49,11.21,14.54,10.69,0,50.54,0.12,20,0,traffic_light
8.67,0.13,0.06,12.59,0,69.97,1.11,35,0,bus_stop
3.6,2.68,14.56,5.06,0,0.0,20.38,20,2.48,unknown
5.75,0.35,1.0,10.8,0,0.0,15.18,20,0,bus_stop
2.46,14.56,16.14,11.19,0,0.0,38.23,40,0,traffic_light
6.35,11.89,17.63,26.85,0,46.95,0.95,20,0,unknown
0.91,5.03,4.38,17.5,0,40.18,0.8,30,0,unknown
2.35,10.14,2.16,24.0,0,67.79,0.14,35,0,unknown
0.1,4.23,2.16,10.3,0,0.0,35.64,35,1.96,unknown
9.01,10.04,7.4,19.19,0,0.0,24.07,30,0,school
90.41,94.61,42.22,708.08,0,0.0,26.94,50,0,bus_stop
3.48,5.62,13.36,16.38,0,807.26,0.16,45,0,school
7.21,4.98,2.35,23.7,0,0.0,8.67,50,0,bus_stop
0.41,2.78,5.59,7.98,0,0.0,31.63,50,0,unknown
9.16,5.33,5.48,28.53,0,0.0,39.34,50,0,traffic_light
5.75,15.28,17.18,15.47,0,33.12,0.7,30,0,traffic_light
4.12,15.15,2.37,17.02,0,18.81,0.52,30,0,unknown
12.95,17.07,7.47,29.49,0,0.0,32.61,30,1.58,bus_stop
0.49,15.02,10.09,17.89,0,0.0,21.04,20,3.35,bus_stop
7.52,5.26,0.31,16.13,0,0.0,41.41,45,0,school
9.73,1.2,17.79,26.18,0,49.38,0.51,50,0,traffic_light
12.83,3.0,6.59,24.55,0,0.0,41.47,45,0,school
50.02,45.26,65.5,159.67,1,0.0,12.7,40,0,unknown
3.36,0.25,14.44,21.8,0,0.0,32.89,45,0,school
3.5,16.55,5.06,16.14,0,0.0,28.44,35,0,unknown
9.34,9.0,16.21,0.76,0,0.0,20.99,20,1.86,bus_stop
2.29,17.49,10.69,15.06,0,15.03,1.05,30,0,unknown
10.92,17.42,7.79,2.69,0,0.0,33.15,35,0,unknown
3.81,11.37,9.55,20.96,0,0.0,13.82,30,0,bus_stop
10.11,16.87,11.45,7.3,0,0.0,29.88,35,0,traffic_light
4.38,12.87,13.87,24.29,0,0.0,8.26,40,0,school
5.99,10.71,10.82,5.69,0,24.36,0.11,40,0,traffic_light
5.47,10.76,9.91,10.28,0,0.0,20.74,30,0,traffic_light
72.91,42.35,67.69,141.53,1,0.0,12.03,20,0,unknown
60.71,31.74,35.2,2.45,0,25.69,0.28,50,0,traffic_light
3.09,14.44,10.48,19.4,0,0.0,10.31,20,0,unknown
11.93,10.37,16.01,16.07,0,0.0,36.53,45,0,unknown
1.39,0.89,3.61,2.77,0,0.0,31.97,50,0,traffic_light
10.45,7.48,10.37,17.57,0,0.0,17.38,45,0,bus_stop
2.17,6.83,15.57,20.58,0,0.0,13.72,20,0,traffic_light
10.09,11.38,1.9,9.38,0,0.0,9.56,20,0,school
14.7,11.34,13.23,4.76,0,33.86,0.99,30,0,traffic_light
1.14,0.38,9.17,15.53,0,33.07,0.89,35,0,unknown
8.55,16.03,8.48,29.29,0,0.0,21.69,20,1.96,bus_stop
15.28,4.99,17.82,6.37,0,0.0,38.33,40,0,unknown
13.68,4.22,2.39,1.84,0,0.0,26.11,45,0,unknown
9.11,14.41,4.9,28.75,0,99.44,0.87,30,0,bus_stop
0.91,13.56,5.92,17.94,0,0.0,8.58,20,0,bus_stop
23.78,8.74,12.52,1.77,0,0.0,17.97,35,0,traffic_light
3.48,2.34,13.41,22.36,0,0.0,7.73,35,0,traffic_light
7.34,5.94,0.51,10.7,0,47.28,0.1,35,0,traffic_light
1.73,15.63,10.97,5.9,0,0.0,31.64,40,0,bus_stop
84.05,76.97,68.29,703.41,0,0.0,32.9,35,0,traffic_light
43.67,55.84,60.57,109.33,1,0.0,7.05,20,0,traffic_light
8.67,12.91,2.12,13.93,0,56.66,0.3,50,0,traffic_light
2.65,16.66,6.36,4.86,0,0.0,16.3,40,0,traffic_light
6.69,6.56,11.28,22.25,0,0.0,29.95,35,0,unknown
1.72,13.75,13.16,29.69,0,0.0,13.88,35,0,bus_stop
14.26,17.81,4.6,0.26,0,0.0,13.83,45,0,school
0.1,12.04,9.54,12.71,0,0.0,10.68,40,0,unknown
6.86,2.3,13.98,4.58,0,0.0,27.58,30,0,traffic_light
63.96,51.92,17.93,113.84,1,0.0,7.89,45,0,bus_stop
4.03,4.08,1.54,4.7,0,0.0,8.9,40,0,unknown
2.62,10.14,6.95,25.97,0,153.26,1.02,40,0,bus_stop
8.56,2.0,3.56,9.06,0,0.0,34.35,40,0,traffic_light
57.7,27.14,57.24,8.05,1,49.68,1.07,45,0,unknown
6.76,16.32,7.81,14.0,0,695.33,0.6,35,0,school
2.91,4.13,3.11,25.25,0,25.03,0.04,50,0,traffic_light
3.58,15.49,15.93,28.09,0,0.0,20.77,45,0,school
15.41,4.12,3.45,3.93,0,42.71,0.38,40,0,bus_stop
9.01,2.7,13.52,22.47,0,54.95,0.33,50,0,unknown
0.51,14.29,3.45,16.8,0,0.0,13.88,30,0,school
14.96,9.06,10.35,3.52,0,28.53,0.02,45,0,unknown
8.32,9.09,13.56,6.34,0,0.0,38.08,40,0,depot
12.06,0.75,16.56,3.38,0,18.37,0.32,50,0,traffic_light
11.5,8.23,9.46,14.46,0,0.0,32.71,45,0,depot
14.82,7.54,4.73,2.59,0,13.34,0.67,45,0,unknown
10.56,15.21,15.81,7.48,0,0.0,22.97,35,0,traffic_light
8.86,6.68,8.89,18.32,0,0.0,18.43,50,0,unknown
14.61,2.18,17.98,18.69,0,753.9,0.68,45,0,school
8.79,9.65,7.2,28.23,0,40.25,0.25,35,0,bus_stop
15.13,0.34,14.1,0.25,0,0.0,7.23,40,0,unknown
1.47,0.48,17.71,8.79,0,0.0,50.49,50,0.97,bus_stop
3.35,9.43,9.46,1.43,0,0.0,7.71,30,0,unknown
91.71,89.86,54.58,629.03,1,0.0,25.2,30,0,traffic_light
0.5,3.73,8.51,25.95,0,0.0,47.39,45,0.97,bus_stop
7.92,6.86,3.18,8.35,0,0.0,26.82,30,0,school
10.12,11.49,3.78,3.9,0,0.0,7.76,45,0,traffic_light
0.27,10.25,6.38,22.93,0,116.18,0.02,40,0,depot
10.77,16.74,3.96,4.13,0,53.09,0.37,35,0,traffic_light
10.15,3.43,17.19,14.13,0,243.28,0.56,45,0,depot
20.98,0.81,10.7,29.05,0,26.09,0.19,45,0,traffic_light
1.31,5.26,4.76,7.43,0,0.0,9.88,35,0,school
2.14,17.88,9.31,2.2,0,9.14,0.47,20,0,unknown
6.35,5.82,1.99,7.29,0,0.0,21.23,30,0,traffic_light
1.86,5.73,8.35,13.98,0,0.0,18.7,45,0,school
23.18,12.79,16.65,15.1,0,35.52,0.21,50,0,traffic_light
19.9,5.8,11.87,7.95,0,0.0,24.22,30,0,school
3.58,2.57,0.57,12.82,0,0.0,21.74,50,0,school
2.76,0.55,6.74,14.32,0,0.0,17.09,30,0,school
10.23,14.4,15.96,24.27,0,14.6,0.63,50,0,unknown
1.19,17.56,5.86,5.23,0,0.0,10.73,30,0,bus_stop
1.86,0.15,3.18,1.08,0,46.16,0.56,45,0,traffic_light
14.13,11.98,11.0,9.72,0,0.0,47.7,50,0,unknown
14.28,16.75,0.17,0.8,0,0.0,38.14,40,0,unknown
2.1,17.08,12.42,22.61,0,0.0,21.19,20,2.66,school
0.57,6.18,13.8,4.82,0,0.0,15.12,35,0,school
7.08,4.36,15.06,9.29,0,0.0,18.24,40,0,bus_stop
2.11,0.36,11.45,14.99,0,18.24,0.09,35,0,traffic_light
4.84,2.18,8.33,21.79,0,0.0,21.75,35,0,bus_stop
2.25,17.33,15.27,1.89,0,0.0,33.16,35,0,depot
1.95,16.12,17.54,16.78,0,54.89,0.1,40,0,unknown
30.61,13.8,9.8,1.98,0,29.92,0.76,35,0,traffic_light
5.88,8.65,10.85,29.46,0,0.0,21.48,35,0,bus_stop
5.32,8.88,15.25,12.69,0,0.0,22.02,20,0.63,traffic_light
8.11,9.0,6.6,21.79,0,27.5,1.15,50,0,traffic_light
1.16,9.19,0.61,3.74,0,0.0,7.19,35,0,unknown
60.07,27.23,15.72,4.4,1,194.05,0.58,30,0,bus_stop
2.73,0.69,15.57,3.93,0,21.19,1.16,35,0,traffic_light
0.65,5.5,6.52,15.31,0,0.0,10.6,35,0,school
3.64,6.04,6.89,0.74,0,32.8,0.67,20,0,unknown
22.12,0.83,1.75,19.52,0,0.0,20.11,20,3.8,bus_stop
1.4,3.04,15.25,23.64,0,0.0,29.46,30,0,traffic_light
5.29,9.81,16.93,26.48,0,23.94,0.07,40,0,traffic_light
0.66,6.49,13.96,26.93,0,30.76,0.95,50,0,traffic_light
88.89,41.64,53.28,254.09,0,0.0,21.97,20,2.13,bus_stop
3.02,11.76,4.17,25.35,0,0.0,20.74,20,0.84,traffic_light
19.5,16.98,15.46,9.67,0,0.0,34.61,35,0,school
0.35,7.13,13.69,15.23,0,184.87,0.48,20,0,depot
5.51,4.52,16.48,2.62,0,0.0,14.76,35,0,bus_stop
7.04,9.25,11.11,26.35,0,0.0,19.44,20,0,depot
48.25,28.73,30.57,214.2,1,0.0,26.84,50,0,depot
0.51,10.62,7.32,22.05,0,32.56,0.95,35,0,traffic_light
5.43,8.84,2.24,6.44,0,0.0,31.77,45,0,school
10.83,5.67,10.29,4.83,0,0.0,31.52,35,0,unknown
1.52,16.09,0.29,2.72,0,32.32,0.07,40,0,unknown
0.93,15.58,10.89,15.51,0,3.17,0.43,35,0,unknown
6.5,17.94,0.62,20.22,0,0.0,25.62,30,0,bus_stop
0.83,6.25,14.57,14.89,0,0.0,18.65,45,0,depot
8.92,9.37,0.12,24.34,0,22.14,0.18,45,0,unknown
6.0,14.49,0.22,23.51,0,0.0,20.96,20,0.54,school
5.08,16.55,17.47,16.08,0,0.0,19.48,35,0,school
4.33,15.79,5.92,15.03,0,0.0,16.42,40,0,school
5.6,9.55,11.8,3.08,0,0.0,31.05,45,0,depot
1.27,11.51,1.67,15.28,0,0.0,36.21,40,0,unknown
15.9,7.01,10.47,19.1,0,0.0,25.05,45,0,unknown
1.38,14.04,2.68,26.1,0,0.0,35.52,35,2.19,unknown
7.71,15.59,4.45,28.33,0,0.0,12.77,20,0,school
2.17,10.54,13.72,9.19,0,0.0,47.43,50,0,school
3.34,14.16,10.52,15.23,0,350.57,0.41,50,0,school
15.17,14.13,0.23,27.45,0,39.25,1.17,30,0,unknown
2.01,4.48,3.46,27.77,0,0.0,30.79,50,0,school
6.79,13.77,13.41,4.72,0,0.0,8.05,20,0,bus_stop
0.29,16.22,15.83,16.34,0,0.0,31.48,40,0,traffic_light
5.65,17.29,13.79,21.82,0,0.0,11.94,50,0,school
43.28,33.79,24.25,129.71,0,0.0,13.82,30,0,traffic_light
5.71,12.17,10.92,3.17,0,0.0,11.84,45,0,bus_stop
5.25,16.74,6.54,27.48,0,0.0,8.65,20,0,depot
0.45,1.89,11.36,28.57,0,82.18,1.09,40,0,bus_stop
5.68,11.79,4.89,18.17,0,0.0,36.35,45,0,traffic_light
4.46,11.66,15.64,27.04,0,0.0,14.39,50,0,school
8.97,16.7,6.7,4.88,0,0.0,47.49,45,1.61,unknown
79.8,25.38,62.83,92.01,0,0.0,13.05,50,0,traffic_light
0.13,14.63,0.5,12.57,0,21.44,0.5,35,0,unknown
8.27,16.37,16.27,12.55,0,0.0,20.12,40,0,unknown
4.33,11.77,1.17,26.6,0,19.11,0.27,45,0,traffic_light
2.29,2.15,16.38,6.92,0,0.0,8.71,45,0,traffic_light
25.94,10.95,39.15,44.56,1,0.0,14.65,40,0,traffic_light
8.82,16.8,12.32,1.27,0,0.0,20.22,40,0,bus_stop
0.22,9.4,4.28,4.6,0,157.79,0.7,40,0,bus_stop
1.56,17.25,13.82,6.52,0,0.0,41.88,50,0,bus_stop
4.06,2.51,4.62,5.57,0,4.77,1.0,45,0,traffic_light
60.62,56.81,39.39,130.84,0,0.0,8.29,35,0,depot
8.32,14.76,0.54,8.18,0,191.44,0.78,20,0,bus_stop
1.31,3.77,15.0,14.13,0,7.31,0.11,40,0,traffic_light
88.79,85.66,36.89,264.03,1,0.0,11.1,35,0,traffic_light
0.8,16.87,14.27,28.95,0,59.21,0.25,20,0,traffic_light
7.62,10.12,10.78,18.41,0,0.0,25.22,30,0,traffic_light
6.33,17.75,10.42,1.9,0,0.0,41.93,45,0,depot
34.19,15.83,6.85,6.16,0,0.0,29.1,40,0,bus_stop
2.98,16.75,15.58,21.7,0,0.0,20.46,30,0,school
3.01,14.74,1.23,14.69,0,0.0,15.74,20,0,depot
0.02,2.98,6.49,12.69,0,16.36,0.59,50,0,traffic_light
0.51,0.38,8.53,10.68,0,0.0,31.68,30,1.87,traffic_light
18.08,14.35,7.21,6.3,0,0.0,22.75,20,1.28,school
11.77,3.8,11.76,23.28,0,528.82,0.5,35,0,school
12.08,17.46,14.95,15.03,0,141.38,1.06,35,0,bus_stop
14.48,13.54,8.75,8.26,0,0.0,27.75,45,0,bus_stop
2.65,1.32,2.82,7.03,0,0.0,40.14,40,3.43,school
2.22,15.88,8.88,19.74,0,0.0,9.07,20,0,bus_stop
3.27,17.68,5.51,25.22,0,250.88,1.12,50,0,bus_stop
5.59,7.07,16.41,27.65,0,0.0,9.86,30,0,unknown
1.24,11.52,0.07,23.13,0,46.12,0.33,20,0,traffic_light
7.86,6.09,13.07,3.5,0,14.82,0.32,30,0,traffic_light
8.63,11.49,13.92,12.09,0,112.55,0.54,40,0,bus_stop
7.5,7.71,6.03,6.38,0,0.0,30.32,40,0,traffic_light
0.56,10.52,15.38,21.53,0,0.0,11.96,50,0,traffic_light
1.2,8.93,11.53,29.61,0,0.0,7.14,35,0,bus_stop
53.74,83.56,47.11,24.03,1,152.04,1.04,20,0,bus_stop
3.05,1.69,5.03,5.01,0,0.0,9.91,45,0,bus_stop
6.22,6.24,9.91,7.17,0,0.0,11.71,35,0,bus_stop
4.09,0.57,10.48,14.58,0,0.0,13.9,35,0,traffic_light
1.53,4.53,17.1,7.87,0,0.0,12.92,50,0,school
0.06,11.86,15.67,1.47,0,191.29,1.18,35,0,bus_stop
6.06,12.46,6.75,2.56,0,0.0,7.47,30,0,school
3.44,5.68,3.9,15.17,0,0.0,29.57,30,0,unknown
5.24,11.18,2.64,2.59,0,0.0,22.83,40,0,bus_stop
31.6,0.24,1.08,7.26,0,0.0,37.57,35,3.12,traffic_light
4.05,15.06,13.28,29.81,0,19.56,0.05,35,0,traffic_light
1.09,12.76,2.14,9.71,0,8.25,0.28,30,0,unknown
0.06,17.66,8.43,13.35,0,0.0,8.08,35,0,traffic_light
5.62,7.48,16.1,0.81,0,271.99,0.85,45,0,school
5.56,4.33,5.42,29.06,0,47.31,0.55,50,0,traffic_light
0.76,5.7,4.03,24.66,0,365.31,0.93,20,0,school
6.94,4.97,17.35,22.41,0,743.14,0.06,20,0,school
4.65,10.05,1.13,0.55,0,81.44,0.65,35,0,bus_stop
3.04,14.94,14.05,6.63,0,0.0,23.89,50,0,traffic_light
0.94,17.16,5.42,29.98,0,0.0,14.09,20,0,bus_stop
3.09,0.46,7.69,3.6,0,152.34,0.42,20,0,depot
15.82,8.22,11.75,12.16,0,26.13,0.87,40,0,traffic_light
20.93,3.58,6.37,3.58,0,0.0,10.84,35,0,unknown
13.59,17.79,0.21,15.25,0,0.0,11.95,40,0,traffic_light
4.68,9.0,4.79,1.44,0,167.02,0.24,50,0,bus_stop
5.35,17.55,17.31,18.51,0,0.0,15.96,40,0,bus_stop
36.93,79.2,50.65,1.08,1,35.44,0.05,45,0,traffic_light
5.74,3.95,5.34,1.67,0,0.0,30.46,40,0,traffic_light
5.38,6.01,2.16,9.26,0,0.0,22.96,20,0.49,school
1.01,17.12,14.54,25.44,0,206.57,1.06,35,0,school
2.51,11.36,1.61,26.07,0,0.0,15.7,20,0,traffic_light
5.96,11.99,16.87,27.3,0,0.0,10.66,50,0,traffic_light
2.98,1.72,1.12,10.19,0,0.0,18.18,35,0,traffic_light
19.48,10.89,11.12,21.18,0,663.89,0.39,20,0,depot
23.45,14.82,4.71,12.34,0,0.0,29.6,35,0,unknown
4.38,5.65,4.06,2.46,0,0.0,17.62,50,0,school
11.43,17.82,6.97,10.14,0,0.0,35.82,35,3.68,bus_stop
13.15,4.18,9.2,11.56,0,0.0,25.58,50,0,traffic_light
4.3,10.92,3.76,12.93,0,0.0,17.55,30,0,school
5.74,11.47,15.07,1.08,0,0.0,23.17,35,0,depot
5.88,6.64,1.25,28.7,0,0.0,17.48,20,0,unknown
9.41,9.49,4.54,12.69,0,0.0,13.76,30,0,depot
0.82,7.43,13.1,28.04,0,37.18,0.81,45,0,bus_stop
40.99,15.51,61.18,97.61,0,0.0,22.65,40,0,traffic_light
3.23,13.55,15.55,11.41,0,292.31,0.32,30,0,school
10.65,8.37,9.42,6.83,0,0.0,10.14,20,0,traffic_light
19.89,16.81,4.61,20.71,0,169.97,0.89,50,0,school
1.18,9.31,7.45,26.19,0,170.83,0.31,20,0,bus_stop
6.48,17.62,10.37,27.72,0,111.72,0.0,30,0,school
3.59,8.66,6.85,7.18,0,0.0,19.06,30,0,traffic_light
1.88,16.53,4.48,21.23,0,34.05,1.05,50,0,unknown
1.61,2.88,13.33,22.52,0,146.42,0.11,40,0,school
5.18,12.89,11.78,13.25,0,458.08,0.63,40,0,depot
22.29,10.84,3.57,28.52,0,0.0,14.6,30,0,school
3.06,13.83,17.76,20.37,0,0.0,18.98,40,0,bus_stop
7.76,1.56,6.7,27.67,0,0.0,16.26,20,0,traffic_light
15.02,4.06,9.31,1.84,0,0.0,15.6,50,0,traffic_light
85.6,60.9,41.11,611.69,1,0.0,36.16,40,0,unknown
5.25,4.93,1.19,28.28,0,0.0,14.82,50,0,unknown
4.28,6.88,15.07,25.37,0,22.56,0.15,30,0,unknown
0.65,2.31,12.12,27.09,0,0.0,50.59,50,3.55,traffic_light
1.5,9.71,7.82,26.44,0,0.0,21.69,20,0.82,bus_stop
9.41,2.76,12.08,15.97,0,0.0,35.53,40,0,bus_stop
0.92,12.25,16.36,29.19,0,0.0,26.01,50,0,traffic_light
4.28,2.12,2.71,26.44,0,19.15,1.0,40,0,traffic_light
3.07,17.92,2.44,10.77,0,0.0,7.68,20,0,traffic_light
33.66,29.28,16.56,162.82,1,0.0,20.02,35,0,school
11.88,0.89,8.1,12.8,0,21.34,1.06,45,0,unknown
2.42,3.73,0.53,18.46,0,0.0,9.28,50,0,traffic_light
6.37,5.45,1.65,13.3,0,0.0,10.82,45,0,unknown
3.28,1.69,6.21,12.23,0,48.74,0.67,40,0,unknown
2.56,9.73,6.08,19.76,0,0.0,52.15,50,3.75,unknown
2.92,12.55,2.23,1.28,0,0.0,39.27,50,0,school
6.47,8.91,14.41,4.27,0,0.0,18.5,30,0,traffic_light
6.0,5.08,12.39,14.78,0,0.0,33.32,35,0,unknown
0.25,12.71,5.99,3.69,0,158.44,0.98,30,0,bus_stop
2.17,13.78,15.6,20.42,0,0.0,30.57,35,0,bus_stop
46.1,82.56,62.75,393.81,1,0.0,17.17,50,0,school
3.49,12.45,13.26,15.21,0,0.0,20.07,35,0,bus_stop
20.1,11.66,2.11,19.57,0,29.91,0.71,35,0,unknown
0.32,1.53,12.38,5.37,0,0.0,22.09,40,0,school
4.04,8.07,3.54,9.62,0,119.64,1.07,50,0,bus_stop
3.7,2.43,13.49,23.28,0,0.0,38.45,50,0,bus_stop
4.66,7.17,7.1,9.9,0,0.0,15.49,30,0,school
8.91,4.72,2.84,18.26,0,0.0,13.33,30,0,traffic_light
13.07,3.55,12.6,12.43,0,48.03,0.73,20,0,school
3.88,7.55,9.89,29.89,0,0.0,20.98,45,0,traffic_light
35.06,24.9,23.54,208.07,0,0.0,30.08,40,0,unknown
1.3,17.84,8.91,9.8,0,0.0,15.7,20,0,depot
38.99,90.56,22.61,1.79,0,685.8,0.07,40,0,school
9.34,13.92,10.44,3.41,0,372.67,0.12,30,0,school
11.72,13.33,14.01,20.22,0,197.62,1.12,20,0,bus_stop
0.37,17.13,17.3,12.94,0,0.0,8.3,30,0,traffic_light
2.54,17.94,2.04,6.89,0,0.0,20.56,35,0,depot
6.04,16.17,16.32,17.82,0,0.0,8.25,45,0,unknown
7.34,13.32,10.99,2.44,0,134.69,0.34,35,0,bus_stop
9.09,14.92,3.54,23.25,0,262.49,0.1,35,0,depot
5.57,17.52,1.82,3.88,0,0.0,33.5,45,0,traffic_light
2.64,17.83,0.61,16.97,0,399.77,1.19,50,0,depot
2.96,7.01,2.24,23.45,0,0.0,23.98,45,0,traffic_light
10.04,12.4,10.42,20.6,0,0.0,35.28,35,3.04,bus_stop
21.03,4.5,15.88,22.85,0,0.0,45.66,45,3.65,depot
0.53,3.15,13.99,23.67,0,0.0,29.34,45,0,traffic_light
5.29,16.89,10.08,11.88,0,0.0,20.3,30,0,school
12.15,7.0,8.95,7.75,0,0.0,17.58,30,0,depot
10.37,1.08,17.27,6.78,0,36.62,0.57,35,0,traffic_light
11.87,9.68,10.9,29.93,0,0.0,31.63,35,0,school
1.47,10.46,2.32,7.55,0,0.0,23.94,35,0,school
11.84,0.9,2.34,14.84,0,0.0,21.11,30,0,bus_stop
36.54,60.47,37.05,182.06,1,0.0,10.84,20,0,unknown
23.26,5.86,13.32,25.11,0,81.05,0.47,20,0,unknown
12.58,8.11,0.9,29.54,0,0.0,30.04,35,0,traffic_light
63.36,97.98,58.99,553.55,1,0.0,20.34,45,0,bus_stop
4.99,0.91,8.34,14.63,0,0.0,47.56,50,0,traffic_light
59.63,77.93,59.34,14.61,1,17.05,0.68,40,0,traffic_light
5.31,2.58,3.67,10.7,0,13.49,1.2,40,0,unknown
3.06,0.56,9.47,5.12,0,16.43,0.21,30,0,unknown
1.1,2.75,9.62,24.59,0,44.97,0.2,45,0,traffic_light
7.28,6.87,2.05,24.06,0,0.0,21.63,50,0,traffic_light
4.13,12.63,7.75,13.71,0,0.0,10.35,50,0,bus_stop
1.44,13.2,8.74,18.1,0,0.0,12.18,30,0,school
7.27,6.94,5.39,25.75,0,433.13,0.73,40,0,school
4.58,14.56,12.09,3.61,0,0.0,20.74,20,1.48,unknown
0.32,1.84,9.51,22.42,0,0.0,12.0,40,0,school
64.92,66.57,53.5,344.56,1,0.0,18.63,50,0,school
3.92,6.9,9.8,28.15,0,0.0,46.25,45,2.6,unknown
2.08,6.93,13.35,16.1,0,0.0,52.13,50,3.38,bus_stop
0.39,13.54,11.52,19.17,0,0.0,39.71,50,0,bus_stop
5.43,17.95,10.99,5.24,0,0.0,17.63,20,0,bus_stop
2.33,6.9,10.44,9.3,0,0.0,13.72,20,0,bus_stop
3.83,9.31,8.28,3.84,0,0.0,34.79,35,0,unknown
3.77,14.15,15.69,28.12,0,0.0,29.26,40,0,depot
83.95,24.17,34.15,242.38,1,0.0,36.1,45,0,bus_stop
0.32,12.44,1.2,12.63,0,31.48,1.07,35,0,unknown
0.68,13.84,5.33,5.98,0,0.0,15.61,45,0,school
0.8,0.65,5.9,12.61,0,0.0,21.43,35,0,unknown
0.24,10.69,10.29,23.44,0,0.0,30.62,35,0,unknown
0.62,3.95,17.71,11.57,0,11.56,0.29,35,0,unknown
8.35,5.99,14.09,12.2,0,0.0,20.27,35,0,unknown
20.4,7.47,9.59,8.05,0,0.0,9.2,40,0,unknown
15.92,1.05,8.08,8.73,0,94.3,0.45,45,0,bus_stop
0.84,14.68,12.77,5.9,0,0.0,11.41,35,0,traffic_light
4.96,6.45,8.02,23.92,0,0.0,38.06,50,0,traffic_light
14.85,8.11,10.56,11.92,0,0.0,18.74,20,0,unknown
18.9,3.52,17.31,13.42,0,26.32,0.78,35,0,unknown
9.29,3.21,3.03,2.36,0,30.69,0.4,40,0,traffic_light
0.56,1.0,7.78,5.48,0,18.97,0.4,45,0,unknown
2.07,3.22,8.42,2.57,0,65.76,0.16,50,0,unknown
1.31,15.09,17.55,24.09,0,0.0,11.94,35,0,traffic_light
63.55,90.05,24.89,407.65,1,0.0,16.3,20,0,school
1.29,3.09,3.96,11.91,0,0.0,11.21,20,0,traffic_light
4.2,16.92,7.45,6.82,0,0.0,40.33,50,0,unknown
23.33,0.7,11.17,6.21,0,0.0,8.52,50,0,bus_stop
7.89,8.81,0.41,0.16,0,24.26,0.09,30,0,traffic_light
83.91,34.59,19.5,380.36,1,0.0,39.59,45,0,unknown
0.15,13.55,5.01,12.86,0,4.53,0.16,35,0,traffic_light
6.04,7.91,7.8,3.81,0,86.98,0.3,35,0,bus_stop
7.65,11.76,8.28,8.44,0,0.0,17.13,45,0,traffic_light
5.34,17.62,14.27,23.07,0,288.42,1.05,50,0,school
11.15,6.3,10.71,14.8,0,0.0,10.69,50,0,traffic_light
1.22,15.55,7.49,21.65,0,740.26,0.37,35,0,school
2.79,3.27,0.34,24.81,0,0.0,41.91,45,0,bus_stop
1.7,0.22,3.6,24.64,0,161.79,0.55,30,0,school
7.04,5.44,15.21,27.71,0,0.0,25.56,45,0,depot
4.25,6.15,1.61,15.26,0,0.0,9.03,40,0,bus_stop
14.16,11.4,17.26,18.44,0,180.92,0.5,30,0,school
0.6,11.1,9.57,5.55,0,0.0,29.16,35,0,unknown
3.58,13.63,15.91,29.73,0,65.79,0.44,20,0,bus_stop
7.68,17.38,6.28,28.2,0,0.0,51.57,50,2.11,traffic_light
3.25,6.95,8.59,5.7,0,0.0,19.81,50,0,bus_stop
0.05,3.18,16.66,11.03,0,10.95,0.97,50,0,unknown
33.98,4.24,8.64,21.88,0,0.0,26.99,50,0,traffic_light
1.53,5.12,9.79,29.06,0,23.34,0.64,45,0,unknown
6.18,6.83,2.02,28.19,0,0.0,8.91,20,0,bus_stop
5.78,17.34,11.0,4.11,0,0.0,36.98,35,0.47,traffic_light
8.61,0.88,12.61,23.63,0,71.4,0.34,35,0,unknown
13.4,15.24,7.76,10.08,0,36.72,0.26,30,0,traffic_light
1.21,1.05,12.59,16.99,0,108.45,1.12,35,0,school
29.74,61.23,21.19,5.35,0,73.17,0.31,30,0,bus_stop
10.64,5.17,16.94,3.41,0,8.07,0.3,30,0,unknown
5.43,1.12,15.53,3.49,0,0.0,40.77,40,3.16,unknown
1.32,6.58,14.27,9.15,0,202.1,0.73,45,0,bus_stop
0.81,3.4,9.47,11.41,0,0.0,10.31,20,0,traffic_light
1.53,11.49,0.24,1.87,0,158.73,0.4,35,0,depot
0.45,0.7,15.76,28.24,0,0.0,24.13,45,0,bus_stop
0.91,11.46,2.95,2.82,0,0.0,17.48,35,0,traffic_light
5.24,1.52,9.15,29.47,0,0.0,29.96,40,0,bus_stop
6.79,4.38,4.84,12.18,0,0.0,21.84,45,0,bus_stop
0.85,1.86,9.92,15.46,0,0.0,40.23,50,0,bus_stop
4.57,0.89,13.47,9.16,0,0.0,22.95,40,0,unknown
4.51,7.68,0.0,20.0,0,0.0,37.76,50,0,bus_stop
1.74,11.75,9.87,14.76,0,0.0,30.76,45,0,bus_stop
4.3,10.27,6.77,19.15,0,0.0,19.84,50,0,school
1.63,12.59,16.67,20.26,0,59.54,0.67,30,0,unknown
22.27,8.58,6.14,13.95,0,0.0,19.68,50,0,school
0.82,7.35,9.8,4.52,0,0.0,10.12,20,0,school
4.9,0.37,9.08,6.65,0,0.0,39.51,45,0,traffic_light
34.8,23.09,64.37,93.46,1,0.0,14.57,40,0,unknown
4.17,0.74,5.2,5.78,0,32.34,0.11,40,0,traffic_light
1.6,14.4,14.46,24.72,0,0.0,18.68,20,0,traffic_light
7.34,1.3,10.22,5.08,0,0.0,7.76,40,0,unknown
27.81,2.93,13.99,6.27,0,481.61,0.4,40,0,depot
9.88,2.37,16.03,6.12,0,40.37,0.7,40,0,bus_stop
4.47,3.63,8.03,26.43,0,0.0,10.06,45,0,unknown
0.73,6.47,6.75,19.42,0,0.0,18.2,35,0,school
0.54,11.74,14.1,18.72,0,84.84,0.55,30,0,school
73.51,74.96,64.53,155.8,1,0.0,7.48,35,0,school
2.4,5.12,10.69,9.32,0,21.72,0.99,45,0,traffic_light
38.92,64.28,58.32,657.88,1,0.0,36.85,40,0,depot
3.15,12.6,15.45,23.06,0,0.0,13.45,45,0,unknown
11.83,9.63,1.97,24.76,0,0.0,37.08,45,0,bus_stop
27.79,69.27,68.04,531.72,0,0.0,27.64,45,0,bus_stop
3.36,6.83,11.94,13.78,0,75.59,0.06,35,0,unknown
5.18,14.57,16.85,14.93,0,0.0,12.8,35,0,school
2.84,14.29,17.89,26.33,0,34.13,0.56,40,0,traffic_light
1.9,8.75,11.04,22.74,0,0.0,18.16,20,0,school
0.57,7.11,3.31,17.96,0,169.58,0.59,50,0,school
9.52,10.43,16.55,4.42,0,0.0,13.15,20,0,bus_stop
20.21,3.42,9.83,27.92,0,0.0,26.82,50,0,traffic_light
7.38,17.29,3.96,20.35,0,0.0,9.51,20,0,traffic_light
8.75,13.71,11.94,0.48,0,0.0,29.76,45,0,depot
1.22,2.99,17.06,28.13,0,10.64,0.89,20,0,traffic_light
1.91,7.39,6.67,29.43,0,0.0,7.38,35,0,school
16.18,11.83,11.21,5.75,0,0.0,11.93,20,0,traffic_light
19.95,10.96,16.84,10.38,0,0.0,28.67,30,0,unknown
15.81,3.33,16.58,1.09,0,17.24,0.45,45,0,traffic_light
1.53,14.24,15.92,10.22,0,0.0,35.25,35,2.18,traffic_light
0.89,16.26,6.35,5.69,0,0.0,32.73,40,0,depot
13.41,8.9,14.32,21.06,0,114.15,0.7,30,0,bus_stop
5.83,15.52,1.87,25.94,0,5.2,0.57,20,0,unknown
0.19,5.56,11.44,27.78,0,0.0,33.23,50,0,unknown
12.73,5.83,15.11,11.91,0,0.0,25.44,35,0,bus_stop
1.34,13.35,4.35,23.27,0,71.86,0.01,45,0,bus_stop
9.88,0.91,7.41,6.68,0,0.0,48.61,50,0,unknown
3.25,12.71,11.05,1.53,0,0.0,35.74,35,2.74,traffic_light
14.67,6.75,9.12,29.82,0,0.0,12.5,30,0,bus_stop
1.34,14.58,10.86,16.71,0,369.3,0.98,40,0,school
0.51,14.48,14.92,25.03,0,23.4,1.19,50,0,unknown
10.23,2.67,2.84,17.47,0,278.59,0.92,50,0,school
5.91,1.85,2.87,6.9,0,0.0,12.28,40,0,traffic_light
6.16,14.05,4.91,28.46,0,0.0,50.73,50,0.65,unknown
12.28,17.58,14.41,12.68,0,0.0,46.75,50,0,unknown
0.57,14.5,6.05,3.38,0,33.52,1.14,30,0,unknown
20.94,7.74,13.26,6.69,0,0.0,8.26,20,0,unknown
7.87,6.64,12.81,23.08,0,0.0,7.12,20,0,traffic_light
4.87,10.28,11.34,25.1,0,0.0,10.21,30,0,school
25.5,16.52,6.71,29.5,0,0.0,14.44,45,0,bus_stop
20.68,7.66,13.15,21.89,0,39.11,1.04,20,0,traffic_light
0.88,10.38,2.18,12.01,0,0.0,12.85,45,0,unknown
84.76,32.49,57.56,4.06,1,677.99,0.45,20,0,school
3.4,7.19,12.79,29.3,0,0.0,22.52,20,2.92,traffic_light
20.86,17.83,17.25,4.58,0,0.0,28.62,50,0,unknown
6.81,7.51,12.52,21.61,0,0.0,22.39,30,0,bus_stop
60.65,95.81,74.17,659.2,0,0.0,24.77,35,0,traffic_light
5.64,10.02,5.99,24.79,0,4.79,1.09,50,0,traffic_light
3.32,16.83,9.68,1.74,0,75.71,0.28,30,0,bus_stop
7.24,7.86,8.25,4.04,0,0.0,15.94,20,0,unknown
3.86,14.07,9.55,26.05,0,0.0,16.85,30,0,bus_stop
59.77,77.85,66.44,182.97,1,0.0,8.46,35,0,unknown
5.75,15.65,0.41,16.77,0,0.0,34.24,35,0,bus_stop
4.16,9.16,11.01,28.16,0,256.28,0.28,30,0,bus_stop
0.11,0.59,4.25,0.46,0,0.0,14.81,20,0,depot
1.23,10.46,2.69,23.13,0,131.19,0.8,40,0,bus_stop
7.36,9.98,7.39,29.77,0,325.48,0.92,30,0,school
4.53,14.47,11.08,18.03,0,0.0,29.51,50,0,school
9.47,8.94,11.36,11.63,0,0.0,26.59,45,0,traffic_light
2.77,13.7,15.23,12.0,0,0.0,14.07,20,0,traffic_light
37.86,38.99,50.11,391.55,1,0.0,36.15,35,0.41,unknown
32.98,94.75,39.57,516.02,1,0.0,19.61,20,0,unknown
1.99,15.75,10.06,15.63,0,0.0,16.88,20,0,bus_stop
1.59,2.63,16.55,24.38,0,0.0,30.67,35,0,bus_stop
1.13,14.84,5.84,20.77,0,0.0,52.55,50,3.32,bus_stop
9.25,14.34,6.04,7.61,0,0.0,33.03,40,0,depot
3.97,14.04,14.28,24.66,0,0.0,22.05,50,0,bus_stop
9.75,13.45,1.3,9.94,0,0.0,13.05,30,0,traffic_light
6.12,8.71,13.39,3.69,0,0.0,30.93,50,0,unknown
2.28,9.45,13.5,15.18,0,0.0,23.41,30,0,bus_stop
5.54,10.58,14.47,24.04,0,0.0,24.18,40,0,unknown
5.17,6.01,0.44,19.12,0,0.0,9.28,30,0,traffic_light
24.12,7.79,15.22,3.83,0,0.0,18.68,35,0,bus_stop
1.88,7.87,16.66,11.05,0,233.35,0.67,50,0,school
3.61,17.75,3.14,1.6,0,0.0,25.7,50,0,traffic_light
1.06,0.74,10.41,0.27,0,0.0,44.15,50,0,unknown
58.35,9.69,74.0,0.67,0,39.97,0.25,40,0,traffic_light
12.02,16.96,1.42,0.9,0,81.61,0.4,45,0,bus_stop
9.62,15.75,1.54,29.37,0,0.0,42.02,40,2.34,traffic_light
20.72,16.73,6.67,0.89,0,0.0,10.89,30,0,bus_stop
58.59,56.59,44.07,11.15,1,24.48,0.71,50,0,traffic_light
0.83,17.15,7.82,13.92,0,0.0,52.39,50,2.89,school
6.38,2.85,4.38,14.5,0,27.44,0.56,35,0,traffic_light
13.58,12.03,9.97,1.59,0,0.0,13.55,40,0,unknown
18.91,7.92,2.02,26.1,0,0.0,8.84,20,0,traffic_light
2.9,15.12,3.41,14.78,0,0.0,20.29,30,0,bus_stop
53.12,30.62,74.38,260.02,1,0.0,30.57,50,0,unknown
6.91,5.67,16.32,29.33,0,0.0,8.12,20,0,traffic_light
8.74,14.98,12.88,11.16,0,0.0,27.24,40,0,depot
9.85,17.65,6.95,10.39,0,0.0,35.04,45,0,unknown
1.78,12.01,4.49,7.74,0,0.0,22.02,50,0,bus_stop
3.85,3.53,16.79,17.9,0,0.0,15.14,35,0,unknown
16.03,17.25,10.48,24.55,0,0.0,27.46,45,0,school
5.13,12.91,1.79,27.96,0,13.81,0.21,40,0,traffic_light
10.27,3.53,5.88,7.0,0,335.61,0.68,50,0,depot
10.06,2.65,10.08,7.04,0,0.0,13.5,20,0,unknown
22.06,16.52,10.36,3.86,0,0.0,11.07,20,0,unknown
0.09,3.68,10.48,18.11,0,19.04,0.78,45,0,unknown
9.84,3.18,13.1,5.39,0,158.72,1.08,20,0,bus_stop
5.31,10.55,0.38,19.73,0,0.0,22.68,30,0,traffic_light
5.64,14.57,12.59,3.74,0,40.09,0.61,30,0,traffic_light
6.4,12.59,4.95,29.53,0,124.82,0.6,45,0,bus_stop
5.23,10.57,9.17,14.16,0,138.18,0.26,20,0,depot
0.34,4.54,4.24,3.63,0,0.0,43.99,45,0,traffic_light
6.43,7.2,15.22,17.97,0,0.0,16.42,20,0,traffic_light
19.33,1.71,12.69,21.64,0,0.0,16.17,45,0,unknown
3.69,8.75,17.8,28.39,0,0.0,42.33,45,0,traffic_light
0.65,13.68,5.76,12.09,0,0.0,7.72,20,0,bus_stop
4.66,6.34,2.9,9.7,0,0.0,32.65,50,0,unknown
51.56,53.73,25.41,753.01,1,0.0,50.46,50,0.78,unknown
1.22,10.78,10.37,13.85,0,43.13,0.18,30,0,traffic_light
4.65,13.19,3.82,19.54,0,0.0,7.76,30,0,bus_stop
2.95,6.47,4.45,26.58,0,0.0,16.16,20,0,unknown
5.62,7.74,5.72,5.14,0,0.0,14.67,45,0,traffic_light
4.58,1.68,2.08,19.17,0,0.0,7.85,20,0,bus_stop
4.51,11.96,14.82,12.7,0,0.0,18.07,50,0,bus_stop
3.12,10.68,9.98,11.8,0,0.0,34.66,40,0,unknown
57.09,13.8,51.63,88.4,1,0.0,23.06,50,0,unknown
2.07,2.28,12.79,8.44,0,0.0,20.99,40,0,depot
0.3,3.94,16.46,10.91,0,0.0,42.52,40,3.41,depot
4.3,1.7,4.06,9.81,0,0.0,13.53,45,0,unknown
7.49,16.1,8.48,20.64,0,129.53,1.03,35,0,bus_stop
8.76,10.56,15.54,26.86,0,0.0,13.84,40,0,bus_stop
9.49,8.98,14.26,28.96,0,52.66,0.48,45,0,traffic_light
10.95,17.96,2.45,13.2,0,0.0,26.06,35,0,school
21.54,8.47,12.11,18.87,0,549.58,0.49,35,0,depot
26.5,14.66,4.06,0.74,0,0.0,22.87,40,0,traffic_light
4.96,1.5,6.31,26.1,0,0.0,29.17,40,0,unknown
5.62,15.67,17.23,18.16,0,33.69,1.1,50,0,unknown
8.49,2.8,5.29,22.4,0,0.0,7.88,50,0,traffic_light
5.22,0.12,2.07,7.75,0,0.0,9.11,45,0,traffic_light
12.24,2.05,2.03,1.7,0,0.0,28.95,30,0,school
4.68,8.0,15.59,9.69,0,0.0,24.91,45,0,traffic_light
0.53,0.78,17.16,24.13,0,0.0,17.05,30,0,traffic_light
14.52,2.96,3.86,26.28,0,0.0,11.57,50,0,traffic_light
0.4,1.79,11.16,16.28,0,0.0,46.61,50,0,traffic_light
2.12,10.88,6.4,5.74,0,0.0,7.52,40,0,bus_stop
5.67,5.23,7.06,20.75,0,0.0,27.77,40,0,traffic_light
0.51,12.08,8.42,9.87,0,0.0,17.94,20,0,traffic_light
7.97,14.82,8.24,11.3,0,0.0,7.14,20,0,bus_stop
1.18,16.97,13.01,14.89,0,0.0,24.76,30,0,unknown
10.02,5.05,6.29,25.06,0,31.81,1.07,20,0,unknown
56.88,97.89,19.38,564.8,0,0.0,20.77,40,0,traffic_light
4.44,13.58,16.18,0.84,0,0.0,38.6,45,0,school
11.33,15.14,7.72,2.25,0,28.2,1.01,20,0,traffic_light
9.59,7.4,12.16,16.06,0,0.0,11.14,50,0,traffic_light
4.77,2.67,0.85,9.45,0,0.0,9.33,20,0,depot
0.34,8.44,15.86,8.35,0,0.0,30.05,35,0,traffic_light
1.22,9.5,16.09,4.86,0,64.11,0.77,20,0,unknown
0.23,10.05,9.82,27.02,0,0.0,19.28,40,0,traffic_light
2.22,12.48,1.04,24.55,0,0.0,38.61,40,0,school
81.09,22.91,57.37,6.0,0,622.67,0.94,30,0,school
9.02,16.72,15.05,15.25,0,0.0,9.01,30,0,bus_stop
14.01,3.08,6.73,19.21,0,48.1,0.25,45,0,unknown
34.51,16.12,12.19,5.46,0,40.53,0.84,20,0,unknown
16.98,10.91,1.08,21.14,0,0.0,30.31,35,0,traffic_light
91.99,78.16,67.33,13.36,0,257.08,0.62,40,0,depot
1.77,16.93,15.12,15.25,0,0.0,25.53,35,0,school
6.62,7.6,3.45,9.37,0,0.0,30.2,45,0,school
27.07,13.81,8.69,17.5,0,162.93,0.11,20,0,bus_stop
1.04,8.81,15.32,14.19,0,0.0,15.37,45,0,school
0.43,4.42,16.46,6.4,0,0.0,10.26,20,0,traffic_light
7.23,16.46,7.19,5.23,0,0.0,10.36,20,0,unknown
7.02,4.29,13.05,24.73,0,0.0,10.62,45,0,unknown
7.76,3.97,10.29,23.53,0,0.0,19.95,45,0,bus_stop
4.56,9.04,6.94,17.09,0,535.37,0.89,40,0,depot
38.96,45.15,56.22,392.25,1,0.0,31.28,50,0,unknown
0.89,12.09,4.43,7.92,0,0.0,44.28,45,0,unknown
60.55,11.15,15.03,2.25,1,236.31,0.73,35,0,bus_stop
1.4,3.35,6.04,17.15,0,170.31,0.98,40,0,bus_stop
1.06,12.67,11.03,7.52,0,112.08,0.13,20,0,bus_stop
11.98,8.85,10.79,23.27,0,168.88,0.6,30,0,bus_stop
1.84,12.43,7.43,29.85,0,74.98,0.52,20,0,bus_stop
4.78,9.15,14.1,9.02,0,0.0,25.9,45,0,traffic_light
13.43,11.97,17.48,19.22,0,0.0,14.16,35,0,depot
4.25,5.82,9.73,26.48,0,0.0,12.72,35,0,school
8.66,15.9,14.48,20.37,0,43.01,0.23,40,0,traffic_light
5.72,16.4,2.3,5.46,0,0.0,9.58,30,0,depot
0.64,14.46,14.86,1.55,0,29.15,0.71,30,0,traffic_light
14.47,14.88,4.17,8.56,0,35.83,0.96,50,0,unknown
4.06,6.97,11.11,13.69,0,0.0,31.24,30,2.4,bus_stop
8.87,14.08,11.66,26.63,0,0.0,49.74,50,0,depot
0.49,1.69,13.09,8.59,0,0.0,31.08,30,1.87,bus_stop
3.82,16.28,16.64,6.47,0,0.0,15.22,35,0,school
3.41,0.0,13.74,23.6,0,0.0,32.07,40,0,traffic_light
2.95,15.28,12.19,7.06,0,44.16,0.26,30,0,traffic_light
5.59,4.11,13.94,26.57,0,0.0,41.58,45,0,depot
30.32,94.14,18.17,225.28,1,0.0,8.62,45,0,bus_stop
6.02,5.04,17.08,5.72,0,0.0,17.36,30,0,depot
10.5,16.03,10.95,14.1,0,0.0,35.23,35,0.56,unknown
29.99,11.8,9.22,12.97,0,0.0,11.46,50,0,unknown
9.96,9.52,12.47,3.89,0,17.1,0.6,45,0,traffic_light
83.66,38.61,29.18,1.31,1,67.07,0.12,40,0,unknown
43.59,86.83,25.08,8.36,1,168.83,0.35,35,0,school
0.44,11.09,9.14,18.33,0,0.0,41.16,45,0,bus_stop
0.77,2.98,14.23,1.22,0,475.66,0.46,45,0,depot
0.46,7.04,1.12,22.44,0,25.08,1.1,40,0,unknown
6.92,1.14,17.3,26.78,0,0.0,14.89,35,0,traffic_light
2.11,13.86,12.49,15.69,0,0.0,10.9,30,0,unknown
4.19,16.58,9.99,27.73,0,0.0,50.67,50,0.64,unknown
6.01,2.6,4.72,9.43,0,0.0,12.05,30,0,unknown
11.65,6.14,16.95,22.41,0,0.0,19.17,35,0,school
2.96,14.57,0.24,29.89,0,0.0,26.9,45,0,bus_stop
1.79,10.22,2.2,18.16,0,0.0,41.53,40,1.45,unknown
25.52,9.24,9.21,9.04,0,0.0,10.29,40,0,traffic_light
13.6,7.67,4.19,7.69,0,0.0,13.47,35,0,traffic_light
16.93,14.51,7.26,7.37,0,0.0,11.67,20,0,unknown
85.9,52.98,15.15,3.67,1,111.62,0.25,50,0,bus_stop
5.35,8.67,8.48,3.64,0,0.0,30.04,50,0,depot
3.78,17.62,4.94,25.12,0,0.0,20.09,35,0,unknown
2.35,11.51,3.99,9.22,0,50.2,0.29,30,0,unknown
7.19,9.57,10.3,28.13,0,0.0,21.22,30,0,traffic_light
0.38,10.93,5.28,4.05,0,13.81,0.89,40,0,unknown
2.75,2.59,15.96,2.87,0,36.01,0.8,20,0,traffic_light
2.38,11.54,6.58,16.54,0,0.0,34.45,40,0,unknown
24.08,2.87,1.01,6.84,0,0.0,26.39,35,0,bus_stop
4.41,9.55,2.06,16.27,0,4.39,0.37,35,0,unknown
2.9,5.82,3.75,18.72,0,0.0,34.26,50,0,traffic_light
4.06,12.76,5.96,20.32,0,0.0,23.59,35,0,unknown
3.15,0.67,8.02,16.32,0,46.92,0.62,20,0,traffic_light
2.05,11.78,12.6,5.39,0,0.0,30.46,30,1.4,traffic_light
19.12,3.86,14.39,6.0,0,0.0,22.44,20,3.22,bus_stop
88.41,25.14,15.32,114.63,0,0.0,16.41,30,0,traffic_light
1.23,4.21,8.87,2.09,0,0.0,15.17,40,0,unknown
30.83,11.14,7.62,15.15,0,179.25,1.1,40,0,bus_stop
2.52,3.53,17.25,13.12,0,0.0,27.45,45,0,unknown
0.0,10.75,13.64,29.87,0,0.0,41.59,40,3.59,depot
1.39,12.56,6.89,2.27,0,347.75,0.1,40,0,depot
2.33,3.25,14.94,17.54,0,531.44,0.32,20,0,depot
9.07,11.11,3.96,19.34,0,0.0,36.8,40,0,traffic_light
7.81,17.88,6.87,0.53,0,0.0,9.9,20,0,school
0.97,4.84,13.04,13.93,0,0.0,9.59,40,0,depot
8.13,7.56,17.63,25.67,0,0.0,26.6,35,0,depot
4.79,9.96,13.7,4.23,0,0.0,33.31,50,0,bus_stop
2.69,14.86,3.72,8.02,0,77.63,0.5,45,0,bus_stop
1.58,11.59,1.4,27.64,0,99.17,0.25,20,0,bus_stop
9.46,15.61,1.75,10.41,0,0.0,40.67,40,1.66,traffic_light
2.34,12.22,6.67,4.31,0,5.96,1.12,30,0,traffic_light
3.96,14.54,17.85,14.87,0,66.46,0.33,50,0,bus_stop
1.06,10.66,2.52,13.74,0,0.0,28.44,45,0,bus_stop
21.9,0.21,15.24,5.04,0,0.0,21.91,35,0,bus_stop
15.14,1.17,9.75,1.88,0,198.54,0.56,35,0,bus_stop
14.56,10.75,6.26,19.26,0,0.0,41.13,40,1.95,unknown
1.19,11.25,5.03,21.39,0,0.0,17.5,30,0,unknown
47.94,73.64,25.53,769.64,1,0.0,37.62,35,3.9,school
18.14,4.23,16.33,13.09,0,207.3,0.88,30,0,depot
66.44,9.16,33.42,2.8,0,134.9,1.1,50,0,bus_stop
4.19,16.01,2.14,13.0,0,0.0,45.12,45,1.47,unknown
38.59,53.97,32.98,16.72,1,102.48,1.12,35,0,bus_stop
4.8,0.68,17.25,9.72,0,0.0,45.34,45,1.44,unknown
11.11,13.13,6.17,15.95,0,0.0,26.72,45,0,bus_stop
1.73,4.46,17.26,16.01,0,32.85,0.57,20,0,traffic_light
10.45,11.93,10.04,24.66,0,45.71,0.51,45,0,bus_stop
11.95,12.67,6.1,26.71,0,212.28,0.05,45,0,bus_stop
7.83,10.1,16.09,15.41,0,0.0,43.98,50,0,traffic_light
1.79,0.78,11.41,21.38,0,0.0,21.99,20,3.42,traffic_light
16.47,12.22,2.58,14.16,0,0.0,49.03,50,0,bus_stop
21.02,15.14,1.02,28.2,0,19.54,0.89,45,0,traffic_light
4.31,4.92,14.38,29.59,0,0.0,35.5,40,0,traffic_light
1.35,2.75,14.51,5.33,0,0.0,26.32,35,0,traffic_light
4.64,16.27,5.85,28.54,0,0.0,28.73,30,0,traffic_light
20.12,7.6,1.56,2.35,0,0.0,22.15,35,0,unknown
1.05,17.59,16.04,17.96,0,0.0,17.64,50,0,bus_stop
8.53,3.87,11.44,7.76,0,0.0,15.8,20,0,traffic_light
87.65,20.1,48.48,40.12,1,0.0,7.18,20,0,traffic_light
6.28,5.4,15.3,16.55,0,299.83,0.69,35,0,depot
11.62,2.26,2.04,23.68,0,0.0,28.26,50,0,unknown
11.23,1.84,7.24,13.44,0,0.0,11.18,30,0,traffic_light
6.81,13.82,5.91,22.41,0,0.0,23.04,30,0,school
5.15,17.83,7.45,13.21,0,0.0,27.06,35,0,traffic_light
68.26,65.75,67.72,301.71,0,0.0,16.52,45,0,depot
0.16,16.75,8.27,5.18,0,0.0,14.86,30,0,bus_stop
1.6,14.73,7.84,29.37,0,0.0,17.78,20,0,depot
5.01,9.81,11.75,17.92,0,0.0,42.36,40,2.7,depot
8.23,17.04,13.36,0.28,0,0.0,7.28,30,0,traffic_light
0.97,1.87,9.05,28.05,0,75.63,0.23,50,0,unknown
1.25,3.97,1.45,28.79,0,0.0,28.48,35,0,depot
1.18,8.23,13.17,8.14,0,0.0,18.0,30,0,school
17.79,16.73,5.4,25.46,0,0.0,32.21,45,0,traffic_light
0.1,0.89,6.16,0.69,0,0.0,26.92,50,0,depot
3.39,14.44,2.58,7.76,0,0.0,33.16,35,0,traffic_light
0.6,9.48,15.41,4.49,0,0.0,14.56,40,0,unknown
3.67,12.62,11.72,2.07,0,0.0,26.79,35,0,school
2.77,17.29,11.63,15.66,0,0.0,12.39,20,0,traffic_light
8.14,0.39,4.62,23.97,0,0.0,47.88,45,2.02,traffic_light
2.31,17.61,15.86,19.94,0,58.34,0.29,45,0,traffic_light
3.37,2.07,2.86,19.11,0,0.0,24.31,40,0,traffic_light
8.58,1.39,5.56,19.97,0,70.73,0.86,45,0,unknown
3.24,7.48,3.38,23.92,0,5.01,0.29,20,0,unknown
55.03,41.28,42.2,350.28,1,0.0,30.55,45,0,bus_stop
2.57,15.97,3.49,0.02,0,0.0,47.77,45,0.38,bus_stop
1.97,5.65,4.58,15.01,0,0.0,24.64,40,0,traffic_light
2.26,14.45,4.63,4.56,0,0.0,10.87,20,0,unknown
13.12,10.04,4.08,5.75,0,0.0,14.15,50,0,school
51.59,23.62,25.72,0.99,1,26.04,0.15,30,0,traffic_light
0.9,6.76,0.79,14.21,0,62.29,0.06,30,0,traffic_light
14.95,13.42,14.53,2.57,0,42.38,0.21,40,0,traffic_light
27.44,0.69,13.4,10.52,0,132.02,1.09,45,0,bus_stop
12.28,2.92,11.33,7.13,0,46.42,1.05,40,0,unknown
4.24,7.44,9.84,16.74,0,0.0,20.69,20,2.58,traffic_light
4.33,5.09,8.1,21.91,0,0.0,21.36,45,0,unknown
4.92,3.09,8.76,4.43,0,55.97,0.87,50,0,unknown
1.1,13.78,9.95,12.59,0,0.0,8.73,35,0,school
1.58,0.78,1.11,21.37,0,11.68,0.37,20,0,traffic_light
1.22,6.67,12.63,7.1,0,421.97,0.23,30,0,school
84.39,90.95,34.24,1206.18,1,0.0,47.74,45,2.24,bus_stop
3.88,11.43,6.31,17.23,0,0.0,11.81,40,0,school
13.56,1.79,1.28,12.11,0,0.0,17.15,40,0,depot
0.08,8.43,1.66,20.89,0,30.06,1.06,35,0,unknown
5.47,3.19,9.3,26.41,0,123.01,0.68,45,0,depot
1.44,7.92,13.21,25.53,0,241.52,1.13,30,0,bus_stop
0.7,7.31,3.96,20.69,0,0.0,28.06,50,0,school
4.53,9.03,15.76,11.34,0,0.0,49.93,50,0,traffic_light
17.57,11.9,13.98,1.32,0,75.21,0.8,50,0,unknown
66.89,80.78,21.43,871.41,0,0.0,38.84,50,0,bus_stop
35,7.54,12.98,16.46,0,0.0,17.21,30,0,unknown
1.64,15.17,15.35,0.17,0,50.93,0.44,20,0,traffic_light
0.21,12.43,7.93,18.08,0,0.0,26.59,40,0,traffic_light
3.78,9.85,10.48,25.82,0,163.14,0.74,45,0,bus_stop
26.2,26.01,47.07,8.53,1,31.07,1.18,30,0,traffic_light
4.6,8.05,4.91,9.85,0,15.51,1.06,40,0,unknown
4.17,14.5,13.66,24.59,0,0.0,21.74,20,0.9,unknown
14.75,17.06,9.99,13.68,0,0.0,45.01,50,0,unknown
0.88,11.07,8.44,5.48,0,35.41,1.01,20,0,unknown
2.34,13.75,12.93,2.48,0,0.0,23.9,50,0,unknown
1.69,16.47,12.45,1.58,0,0.0,30.1,30,1.51,depot
2.83,7.74,4.57,20.98,0,14.6,0.19,20,0,traffic_light
2.6,13.17,10.91,19.17,0,148.21,0.05,30,0,school
2.8,1.7,0.0,16.27,0,9.15,0.35,50,0,traffic_light
10.6,14.68,15.84,6.13,0,0.0,21.93,35,0,bus_stop
3.25,10.59,17.58,0.69,0,0.0,11.89,45,0,bus_stop
8.05,1.2,14.2,22.35,0,0.0,32.58,30,3.04,unknown
20.09,12.05,13.71,25.93,0,43.06,0.26,50,0,traffic_light
1.59,11.83,13.96,26.19,0,0.0,36.01,40,0,unknown
2.36,17.32,8.0,27.6,0,0.0,22.59,20,2.19,depot
2.54,8.84,10.21,13.4,0,44.06,0.68,40,0,traffic_light
0.01,17.84,10.82,9.72,0,0.0,12.99,40,0,unknown
3.19,11.22,16.68,14.71,0,0.0,29.84,45,0,bus_stop
39.26,80.08,45.94,5.64,1,31.06,0.25,40,0,unknown
0.36,12.84,6.6,5.78,0,56.02,1.15,40,0,traffic_light
94.22,74.14,65.64,5.45,1,24.21,0.26,30,0,unknown
5.94,4.03,2.98,3.26,0,0.0,11.63,45,0,traffic_light
59.23,45.38,65.29,405.44,0,0.0,32.17,40,0,school
3.46,3.11,17.48,1.21,0,0.0,17.8,35,0,bus_stop
38.51,73.03,17.61,538.68,1,0.0,26.56,35,0,school
21.42,0.24,9.36,8.51,0,0.0,26.92,45,0,traffic_light
3.63,11.54,8.82,23.29,0,0.0,10.3,30,0,unknown
5.56,14.27,7.05,16.41,0,0.0,15.9,20,0,traffic_light
50.21,20.98,22.02,4.37,1,169.59,0.75,45,0,school
2.32,10.85,8.45,19.68,0,0.0,29.89,35,0,unknown
17.09,5.02,17.66,2.27,0,28.06,1.16,20,0,traffic_light
0.31,17.19,9.0,22.88,0,71.99,0.53,50,0,bus_stop
8.53,7.75,6.71,29.13,0,0.0,10.16,40,0,traffic_light
10.88,8.79,2.82,10.44,0,151.63,0.24,20,0,school
12.51,17.7,14.93,21.19,0,0.0,24.07,30,0,unknown
5.51,8.25,16.9,4.21,0,0.0,19.38,30,0,unknown
9.35,12.55,11.17,2.46,0,17.43,0.63,30,0,traffic_light
1.54,2.27,2.23,3.99,0,475.75,0.2,45,0,depot
9.85,10.34,15.53,7.52,0,0.0,16.52,45,0,unknown
41.03,65.23,32.89,725.29,0,0.0,40.03,45,0,traffic_light
1.46,11.83,11.32,29.61,0,0.0,16.02,30,0,bus_stop
1.04,3.44,10.67,20.16,0,52.26,0.55,35,0,unknown
3.12,17.69,14.36,26.48,0,144.15,0.58,50,0,school
9.34,13.4,5.51,1.88,0,0.0,18.22,40,0,unknown
83.7,75.01,52.31,24.89,0,13.63,1.19,45,0,traffic_light
3.49,8.37,4.84,13.27,0,0.0,37.09,35,0.1,unknown
9.88,17.77,16.93,19.97,0,0.0,38.51,40,0,unknown
58.24,91.79,66.58,23.05,1,38.9,0.9,30,0,traffic_light
0.63,10.49,14.07,17.98,0,38.71,0.0,35,0,traffic_light
2.11,9.83,16.11,9.25,0,65.44,1.17,20,0,unknown
8.0,5.15,1.09,8.89,0,30.6,0.04,50,0,traffic_light
1.58,0.47,14.58,21.97,0,55.68,0.56,50,0,traffic_light
12.84,15.73,3.26,24.11,0,0.0,39.85,40,0,depot
6.05,10.03,2.04,4.52,0,0.0,12.51,40,0,depot
3.33,4.76,2.05,16.78,0,44.78,0.75,40,0,unknown
6.6,7.04,16.29,11.16,0,0.0,26.51,35,0,depot
0.35,6.78,5.24,28.36,0,0.0,17.17,40,0,bus_stop
2.54,2.18,17.21,27.6,0,0.0,19.05,30,0,school
8.08,3.97,9.6,29.57,0,336.82,0.02,40,0,school
8.06,4.55,16.16,28.2,0,44.88,1.06,20,0,unknown
1.57,13.23,1.55,6.87,0,18.84,0.64,50,0,traffic_light
2.39,14.84,6.59,4.02,0,0.0,49.44,50,0,traffic_light
10.67,17.01,17.18,23.84,0,0.0,26.49,30,0,traffic_light
12.44,16.68,3.15,8.55,0,0.0,41.3,40,3.93,school
0.45,6.28,11.52,3.6,0,86.33,0.45,35,0,unknown
0.22,7.47,13.39,24.44,0,121.78,0.56,40,0,school
9.04,17.4,6.19,16.58,0,0.0,36.67,35,0.29,traffic_light
31.28,3.66,3.48,21.02,0,0.0,18.0,20,0,unknown
4.17,0.06,6.76,11.4,0,14.66,0.56,45,0,traffic_light
11.35,2.39,1.27,6.32,0,30.52,0.11,30,0,traffic_light
4.88,16.69,14.6,6.1,0,0.0,17.5,20,0,depot
87.95,22.07,37.8,3.3,0,594.29,0.54,45,0,school
12.58,17.98,17.21,6.48,0,0.0,28.49,40,0,school
2.17,8.64,5.59,0.83,0,0.0,12.26,20,0,traffic_light
2.39,4.74,17.06,11.12,0,0.0,52.15,50,0.73,depot
15.71,2.12,9.82,29.16,0,0.0,20.66,20,1.65,bus_stop
69.29,92.98,63.66,18.03,1,20.66,0.7,20,0,traffic_light
0.04,14.45,5.94,13.29,0,0.0,42.17,50,0,bus_stop
16.52,7.73,2.91,9.24,0,177.45,0.01,50,0,school
1.0,6.79,7.42,4.0,0,0.0,20.03,45,0,unknown
7.87,5.77,7.89,3.41,0,125.37,0.11,35,0,bus_stop
20.22,2.25,8.53,23.65,0,0.0,22.12,45,0,traffic_light
11.32,14.43,10.96,19.42,0,252.25,0.1,20,0,school
1.42,8.31,9.54,20.33,0,103.96,0.63,35,0,bus_stop
1.04,2.66,12.6,23.69,0,0.0,13.81,20,0,school
0.96,13.37,1.9,22.69,0,0.0,27.85,30,0,school
10.83,2.52,12.35,6.32,0,0.0,14.81,40,0,unknown
16.62,1.2,9.98,9.66,0,0.0,33.92,50,0,depot
3.3,16.12,12.55,18.03,0,21.68,0.39,40,0,traffic_light
8.5,6.39,4.56,9.22,0,0.0,30.68,40,0,bus_stop
6.55,1.31,7.37,16.17,0,0.0,29.76,35,0,school
78.52,14.4,47.02,1.67,0,423.82,0.42,45,0,depot
0.79,15.3,6.2,0.34,0,0.0,7.95,30,0,bus_stop
4.97,10.01,7.05,0.99,0,0.0,33.12,50,0,traffic_light
0.1,11.51,14.99,15.78,0,0.0,28.48,35,0,traffic_light
3.09,12.28,13.92,19.09,0,256.57,1.03,30,0,school
2.99,15.37,7.5,2.26,0,0.0,7.85,40,0,unknown
1.9,5.34,6.39,12.51,0,210.23,0.69,40,0,school
4.06,17.69,17.89,1.68,0,0.0,23.38,35,0,unknown
0.7,3.71,16.47,25.68,0,0.0,16.69,20,0,traffic_light
10.33,6.74,14.37,11.81,0,0.0,7.66,40,0,unknown
25.41,5.84,2.89,22.53,0,395.08,0.98,40,0,depot
1.12,2.63,10.6,16.11,0,0.0,30.83,30,1.37,unknown
1.05,3.43,12.82,4.42,0,30.52,0.33,30,0,traffic_light
5.83,8.19,8.4,15.05,0,23.73,0.03,35,0,unknown
3.72,2.03,13.23,22.83,0,19.31,0.39,50,0,unknown
9.1,15.75,15.7,1.85,0,0.0,34.18,35,0,traffic_light
0.62,8.71,1.62,8.5,0,0.0,23.65,35,0,traffic_light
2.28,2.82,6.43,1.72,0,55.84,1.11,50,0,unknown
23.4,10.55,9.97,3.64,0,0.0,16.29,40,0,bus_stop
15.03,0.29,0.5,2.4,0,65.77,0.91,35,0,traffic_light
94.38,36.71,22.31,347.52,0,0.0,34.08,45,0,unknown
20.76,17.42,0.14,10.3,0,43.83,0.66,30,0,unknown
11.02,17.92,0.84,11.3,0,0.0,15.37,20,0,traffic_light
12.62,3.93,4.19,11.95,0,311.36,0.88,45,0,depot
1.63,10.09,4.53,27.03,0,0.0,28.9,50,0,depot
16.21,0.03,9.07,22.42,0,0.0,38.75,40,0,bus_stop
10.17,9.6,12.33,6.79,0,0.0,15.97,35,0,school
9.33,4.58,11.84,5.29,0,40.72,0.46,45,0,traffic_light
15.71,16.28,2.24,25.72,0,0.0,37.11,40,0,unknown
0.91,2.92,17.95,25.73,0,0.0,9.11,20,0,traffic_light
2.33,4.42,12.84,7.44,0,0.0,20.58,30,0,school
5.35,5.68,14.12,13.9,0,92.83,0.04,20,0,bus_stop
7.29,13.43,9.1,18.11,0,0.0,39.88,40,0,bus_stop
0.1,16.87,4.43,26.19,0,0.0,15.01,30,0,traffic_light
44.35,53.09,65.0,469.03,1,0.0,31.8,35,0,bus_stop
1.21,0.39,10.18,23.52,0,0.0,8.74,30,0,school
4.25,3.27,3.4,19.63,0,0.0,8.57,40,0,bus_stop
12.07,4.82,12.02,28.47,0,0.0,33.1,40,0,bus_stop
3.33,10.33,12.16,13.99,0,0.0,17.67,30,0,bus_stop
3.5,15.67,7.87,28.48,0,67.3,0.97,40,0,traffic_light
12.56,3.58,0.74,3.35,0,65.36,0.95,40,0,traffic_light
2.25,13.4,12.3,16.08,0,0.0,10.55,35,0,unknown
4.38,8.32,6.97,10.07,0,0.0,16.21,50,0,unknown
2.39,13.57,8.09,1.27,0,0.0,25.49,35,0,unknown
1.73,1.3,15.89,7.43,0,0.0,30.99,30,1.65,unknown
50.05,14.69,20.71,59.94,1,0.0,14.69,30,0,unknown
5.91,3.29,5.85,18.58,0,32.17,0.65,50,0,unknown
66.58,67.02,34.2,397.25,1,0.0,21.34,45,0,depot
46.69,95.48,45.75,365.88,0,0.0,13.8,20,0,unknown
12.38,6.61,7.99,19.11,0,0.0,7.66,45,0,bus_stop
24.34,2.43,14.18,10.96,0,0.0,10.04,20,0,unknown
1.02,11.73,3.56,21.48,0,185.07,0.4,50,0,depot
3.99,10.74,10.0,10.6,0,0.0,9.99,20,0,school
5.05,11.18,2.33,23.34,0,431.9,0.59,35,0,school
3.67,13.61,8.35,16.89,0,0.0,25.01,30,0,school
1.78,8.7,17.72,8.2,0,0.0,17.33,20,0,traffic_light
51.68,84.61,48.94,11.23,0,34.75,0.48,45,0,traffic_light
18.69,13.64,10.28,24.57,0,0.0,27.38,40,0,traffic_light
29.58,17.38,5.59,4.13,0,0.0,21.73,20,0.78,traffic_light
4.24,11.1,11.14,11.29,0,41.14,1.06,35,0,traffic_light
8.81,15.08,10.11,29.97,0,23.95,1.1,20,0,traffic_light
30.44,13.04,8.2,9.34,0,0.0,16.12,40,0,depot
17.51,10.93,9.05,25.24,0,0.0,7.31,35,0,unknown
5.96,10.14,5.45,4.33,0,0.0,18.63,20,0,traffic_light
24.8,6.43,10.31,24.72,0,0.0,25.97,30,0,unknown
6.5,7.38,0.61,12.13,0,0.0,9.38,20,0,traffic_light
33.14,15.44,2.61,2.85,0,0.0,13.94,35,0,unknown
7.08,8.76,12.34,0.53,0,34.96,1.04,40,0,unknown
6.61,9.93,17.05,18.46,0,0.0,30.01,40,0,traffic_light
5.64,16.36,1.31,20.95,0,45.38,0.3,35,0,traffic_light
0.15,10.52,5.9,8.74,0,0.0,51.39,50,1.73,traffic_light
1.61,14.07,3.23,21.96,0,0.0,7.62,35,0,unknown
12.86,12.23,7.92,29.15,0,50.02,0.17,40,0,traffic_light
11.09,16.48,10.5,25.88,0,9.5,0.8,20,0,traffic_light
8.65,4.34,4.13,11.7,0,0.0,17.67,45,0,school
0.53,3.8,8.87,8.85,0,61.01,0.19,20,0,traffic_light
11.95,6.51,5.97,6.83,0,656.28,0.07,20,0,school
3.82,17.7,14.4,23.95,0,0.0,26.08,50,0,traffic_light
6.37,6.39,14.08,17.64,0,0.0,9.29,35,0,unknown
23.64,8.62,12.19,2.14,0,0.0,29.88,35,0,bus_stop
3.01,1.65,2.4,17.9,0,60.28,0.78,40,0,traffic_light
78.54,47.57,48.29,305.68,1,0.0,23.13,50,0,bus_stop
13.83,16.85,12.85,23.43,0,0.0,25.92,30,0,school
0.83,0.98,17.34,28.9,0,0.0,8.57,30,0,traffic_light
30.33,14.2,11.93,26.29,0,0.0,11.9,30,0,traffic_light
2.53,7.95,5.26,17.56,0,126.28,1.05,30,0,bus_stop
23.0,9.46,8.48,26.97,0,0.0,25.96,50,0,depot
12.61,3.04,1.28,25.95,0,42.86,1.09,20,0,traffic_light
26.61,10.17,10.54,29.94,0,19.69,0.75,45,0,traffic_light
2.22,6.63,8.8,26.12,0,0.0,28.34,35,0,bus_stop
0.96,10.03,2.45,17.48,0,157.63,0.76,20,0,school
10.61,8.56,2.82,6.44,0,0.0,24.91,50,0,depot
9.07,1.11,17.67,18.32,0,0.0,12.28,30,0,bus_stop
9.61,8.0,14.27,18.36,0,0.0,37.03,40,0,depot
2.6,16.18,10.39,8.71,0,0.0,36.09,35,3.99,depot
15.34,17.63,0.99,13.07,0,0.0,13.78,40,0,traffic_light
3.1,7.62,0.92,14.36,0,0.0,17.58,35,0,traffic_light
3.39,13.29,9.1,24.58,0,27.81,0.3,30,0,traffic_light
4.6,9.71,16.1,5.05,0,0.0,21.84,20,2.65,unknown
0.5,5.03,2.85,18.98,0,152.6,0.41,35,0,bus_stop
16.1,7.1,6.49,10.96,0,0.0,13.52,50,0,bus_stop
10.43,14.39,2.88,17.65,0,0.0,22.81,20,1.4,school
4.32,17.73,16.92,25.44,0,0.0,10.88,35,0,unknown
14.98,4.24,8.75,21.23,0,0.0,11.82,20,0,depot
8.97,9.73,12.05,14.59,0,16.57,0.11,50,0,traffic_light
7.13,11.24,13.72,3.97,0,0.0,37.08,45,0,unknown
37.0,17.49,22.64,1.27,1,553.56,0.26,20,0,school
1.66,3.05,2.5,13.69,0,0.0,18.69,50,0,unknown
15.96,8.27,4.3,0.02,0,0.0,42.59,40,0.02,depot
7.56,11.86,1.42,11.35,0,0.0,14.01,30,0,traffic_light
0.2,0.08,4.15,2.34,0,14.67,0.88,40,0,traffic_light
2.14,14.89,7.33,18.47,0,0.0,12.81,30,0,depot
3.62,3.22,4.43,3.06,0,0.0,20.93,20,0.32,traffic_light
2.51,16.07,4.66,24.13,0,0.0,23.43,35,0,traffic_light
11.73,9.36,3.39,28.4,0,0.0,19.37,45,0,traffic_light
3.37,9.34,6.94,10.05,0,0.0,16.24,20,0,unknown
8.82,10.96,5.82,8.73,0,21.69,0.99,50,0,unknown
10.84,7.13,1.33,20.14,0,0.0,15.66,45,0,bus_stop
1.55,9.56,5.06,24.01,0,44.5,0.07,20,0,traffic_light
0.25,7.71,1.91,19.77,0,335.15,0.93,45,0,depot
6.83,3.01,12.73,16.24,0,318.5,0.67,20,0,school
2.33,6.0,9.64,8.87,0,0.0,30.13,30,0.6,bus_stop
3.56,7.58,14.57,22.46,0,0.0,26.86,50,0,depot
3.12,4.86,9.82,13.36,0,78.08,0.5,35,0,bus_stop
7.75,7.67,14.49,29.79,0,6.81,0.56,30,0,unknown
15.62,15.6,10.44,12.61,0,51.42,0.87,50,0,school
5.83,11.35,14.92,18.32,0,0.0,35.11,35,3.03,unknown
11.61,7.87,3.06,8.86,0,341.81,0.05,45,0,depot
0.33,13.84,13.95,10.58,0,0.0,40.26,50,0,unknown
42.19,9.34,19.58,75.57,1,0.0,29.14,40,0,bus_stop
0.35,12.82,1.22,28.02,0,0.0,19.92,30,0,traffic_light
4.07,15.15,4.28,0.22,0,0.0,18.16,30,0,depot
2.11,5.49,12.94,12.93,0,0.0,33.6,45,0,traffic_light
0.43,3.63,13.79,14.59,0,0.0,14.0,20,0,school
7.6,13.34,8.6,6.81,0,0.0,10.63,35,0,school
4.62,6.03,3.65,24.42,0,169.1,0.39,30,0,bus_stop
2.17,15.23,7.03,19.66,0,0.0,20.61,20,1.38,bus_stop
1.34,14.75,7.02,16.18,0,0.0,28.61,30,0,depot
9.57,6.41,6.67,16.98,0,169.63,0.07,35,0,school
4.71,2.15,9.74,21.55,0,0.0,28.43,30,0,unknown
5.47,12.32,1.51,20.24,0,0.0,8.34,45,0,traffic_light
0.04,9.59,4.4,20.73,0,0.0,13.78,30,0,school
10.37,11.99,0.62,8.48,0,0.0,35.46,50,0,traffic_light
25.67,14.0,10.72,26.7,0,85.23,0.49,40,0,unknown
2.17,0.14,5.35,4.25,0,478.96,0.78,35,0,depot
22.02,12.54,6.38,26.22,0,96.41,0.04,30,0,school
9.81,16.08,13.62,4.24,0,14.26,0.84,50,0,traffic_light
1.55,0.37,17.43,13.79,0,0.0,27.43,30,0,unknown
13.64,17.77,14.72,28.01,0,0.0,46.62,45,1.95,depot
12.35,2.31,5.96,19.99,0,0.0,7.21,20,0,school
3.48,8.56,0.97,15.12,0,0.0,26.46,50,0,unknown
4.01,13.01,12.58,26.27,0,35.99,0.42,40,0,traffic_light
7.24,9.1,7.24,29.27,0,0.0,27.36,45,0,school
20.58,17.38,4.86,19.48,0,109.31,0.39,40,0,school
3.47,2.43,8.24,21.25,0,124.69,0.03,20,0,school
1.96,2.79,2.0,1.01,0,0.0,15.76,40,0,unknown
11.27,9.12,0.79,0.14,0,57.07,0.1,40,0,traffic_light
3.57,2.05,16.83,14.78,0,710.87,0.94,35,0,depot
2.68,15.89,11.15,4.41,0,185.33,1.14,20,0,bus_stop
13.98,15.19,10.56,11.89,0,64.48,1.14,20,0,unknown
7.35,1.82,3.09,3.55,0,150.31,1.11,40,0,bus_stop
1.07,4.75,5.25,7.34,0,0.0,14.94,20,0,traffic_light
18.68,5.5,5.41,13.2,0,0.0,28.84,35,0,unknown
6.18,4.26,0.22,11.1,0,0.0,18.94,30,0,depot
35,10.17,10.53,15.06,0,0.0,18.2,20,0,school
10.39,8.04,3.94,5.29,0,0.0,15.53,45,0,unknown
9.87,6.7,6.03,18.3,0,0.0,22.25,40,0,traffic_light
65.38,36.99,60.82,210.55,1,0.0,20.49,50,0,traffic_light
1.91,12.42,5.63,27.64,0,0.0,11.71,20,0,traffic_light
20.39,16.82,4.62,22.12,0,0.0,35.0,40,0,bus_stop
14.41,3.82,16.01,6.32,0,0.0,39.45,40,0,traffic_light
9.36,12.1,17.91,10.53,0,67.45,0.57,40,0,bus_stop
7.59,15.31,15.82,15.93,0,0.0,47.98,45,3.96,bus_stop
4.86,7.23,2.66,14.97,0,0.0,33.7,40,0,unknown
4.79,14.56,5.29,17.55,0,0.0,16.06,20,0,traffic_light
8.92,17.71,9.89,20.23,0,0.0,29.84,30,0,unknown
3.79,15.63,3.95,10.45,0,280.98,0.22,45,0,school
9.24,8.22,3.4,17.37,0,0.0,34.49,35,0,traffic_light
0.46,8.63,15.99,8.59,0,0.0,23.23,50,0,traffic_light
5.96,10.24,6.79,20.78,0,0.0,14.0,45,0,depot
19.89,5.06,2.28,9.03,0,0.0,11.41,30,0,school
4.54,9.55,6.02,3.79,0,0.0,31.09,50,0,unknown
5.84,11.99,2.0,6.53,0,0.0,31.49,45,0,traffic_light
2.8,0.94,6.96,14.02,0,219.87,0.27,30,0,bus_stop
4.34,10.58,16.44,0.14,0,51.09,1.13,50,0,unknown
3.71,9.96,3.75,11.23,0,3.07,0.74,50,0,unknown
10.55,5.35,17.59,8.42,0,0.0,39.59,40,0,depot
8.87,8.4,3.79,28.29,0,23.65,0.52,40,0,traffic_light
70.9,27.21,35.69,7.1,1,15.53,0.94,35,0,unknown
51.67,78.65,19.95,404.19,1,0.0,18.5,30,0,traffic_light
9.87,2.4,11.55,11.64,0,0.0,37.16,45,0,traffic_light
1.08,6.7,12.4,20.94,0,0.0,10.2,20,0,school
10.72,0.63,15.21,23.37,0,186.51,1.14,40,0,school
15.59,17.36,15.98,13.91,0,0.0,22.85,40,0,traffic_light
6.47,17.34,0.42,10.71,0,0.0,36.76,35,3.36,school
3.94,6.78,7.07,1.12,0,0.0,16.21,40,0,traffic_light
10.12,8.03,12.18,26.94,0,98.89,0.6,35,0,bus_stop
4.74,0.3,1.91,25.49,0,0.0,10.45,20,0,bus_stop
4.12,3.87,0.84,16.86,0,246.54,0.64,45,0,school
3.1,14.56,14.28,6.35,0,0.0,7.78,50,0,school
14.43,7.4,9.19,22.96,0,0.0,22.62,20,1.12,school
0.08,12.25,7.47,29.29,0,0.0,10.45,40,0,depot
7.39,2.99,0.13,17.94,0,0.0,41.5,50,0,unknown
1.44,0.87,7.34,22.23,0,0.0,20.95,40,0,unknown
11.63,15.8,3.6,24.33,0,0.0,21.78,30,0,school
1.8,15.26,17.76,10.66,0,0.0,22.04,35,0,depot
3.64,0.38,2.1,13.5,0,0.0,10.55,20,0,bus_stop
2.86,0.62,17.43,16.62,0,0.0,42.57,40,0.57,bus_stop
9.89,1.19,16.45,22.97,0,0.0,33.53,45,0,unknown
4.26,7.94,6.92,4.67,0,0.0,7.62,50,0,unknown
0.66,8.74,7.57,6.28,0,0.0,24.07,30,0,traffic_light
0.93,12.03,11.34,21.75,0,38.52,0.12,30,0,unknown
4.03,3.35,1.32,28.59,0,0.0,20.59,35,0,depot
1.51,2.13,15.04,23.47,0,94.2,1.04,35,0,bus_stop
0.34,6.33,3.51,28.65,0,65.1,0.63,40,0,unknown
0.0,11.21,7.49,26.74,0,0.0,20.9,30,0,traffic_light
21.37,10.82,6.37,1.35,0,165.52,1.02,35,0,bus_stop
1.24,11.73,16.81,22.44,0,0.0,12.76,40,0,unknown
24.17,3.9,10.25,21.0,0,0.0,15.57,30,0,bus_stop
4.21,6.13,10.27,14.94,0,39.12,0.73,50,0,traffic_light
50.6,52.48,41.65,284.58,1,0.0,19.52,40,0,unknown
3.18,11.2,3.35,11.79,0,0.0,23.7,40,0,traffic_light
36.74,80.87,72.56,593.38,1,0.0,26.42,30,0,depot
2.08,3.19,2.32,23.98,0,77.67,0.47,40,0,depot
14.15,13.38,4.89,21.49,0,0.0,51.52,50,0.68,school
1.02,9.49,1.34,3.47,0,126.04,0.03,40,0,bus_stop
7.99,4.81,14.39,4.89,0,0.0,20.32,35,0,unknown
0.48,16.17,0.91,14.8,0,0.0,9.13,20,0,traffic_light
4.66,8.77,15.42,5.6,0,239.27,0.7,35,0,school
0.77,9.34,5.56,24.57,0,0.0,12.41,30,0,bus_stop
18.35,17.4,8.23,25.53,0,0.0,7.97,45,0,unknown
2.29,12.36,8.61,25.88,0,128.25,0.62,35,0,depot
40.74,80.76,42.94,22.62,1,14.24,1.01,45,0,traffic_light
0.97,5.77,9.48,20.97,0,52.29,0.3,35,0,unknown
5.53,1.08,11.83,15.7,0,0.0,13.94,20,0,bus_stop
1.21,2.74,11.11,1.92,0,246.43,0.46,35,0,depot
27.74,42.16,17.02,5.83,0,338.9,0.5,30,0,school
10.31,9.68,5.5,23.53,0,21.45,0.77,40,0,unknown
3.58,6.99,16.89,27.43,0,135.47,0.37,20,0,bus_stop
2.63,7.15,4.95,2.43,0,26.54,0.67,45,0,traffic_light
15.48,3.51,9.31,0.58,0,0.0,13.5,30,0,traffic_light
0.92,7.18,9.54,18.67,0,0.0,19.13,30,0,traffic_light
4.63,5.9,13.68,29.58,0,0.0,22.37,30,0,unknown
18.23,15.0,9.76,14.69,0,187.86,0.01,45,0,bus_stop
2.22,8.85,5.0,23.63,0,0.0,36.75,50,0,traffic_light
10.0,16.94,8.9,20.7,0,57.16,0.7,40,0,traffic_light
1.66,3.72,2.57,2.16,0,0.0,16.54,30,0,traffic_light
10.16,1.66,4.06,11.73,0,0.0,47.81,50,0,traffic_light
1.2,2.64,14.5,11.42,0,0.0,41.06,40,0.71,traffic_light
1.89,2.95,0.5,27.1,0,442.48,0.58,20,0,school
18.6,12.23,5.81,29.19,0,14.11,0.41,35,0,traffic_light
11.93,6.09,15.56,4.79,0,9.9,0.93,30,0,traffic_light
26.32,1.33,1.75,7.5,0,0.0,30.23,35,0,unknown
9.32,15.24,10.17,10.49,0,0.0,11.04,45,0,traffic_light
7.05,13.07,3.17,23.79,0,0.0,14.95,50,0,bus_stop
8.2,3.07,7.54,6.48,0,0.0,15.59,20,0,traffic_light
0.07,16.66,1.89,12.36,0,0.0,8.23,20,0,school
7.26,17.27,9.88,12.58,0,0.0,32.4,30,2.15,unknown
0.62,3.14,7.96,12.95,0,0.0,12.69,20,0,traffic_light
89.9,51.33,21.08,3.11,0,29.7,0.22,40,0,unknown
24.92,12.14,11.28,14.3,0,0.0,11.54,35,0,bus_stop
6.39,14.88,9.8,18.41,0,80.33,0.95,20,0,bus_stop
0.49,16.58,14.14,11.0,0,21.05,0.21,35,0,unknown
8.49,1.87,13.42,16.6,0,0.0,20.4,40,0,bus_stop
15.29,13.94,3.55,19.46,0,0.0,16.41,30,0,traffic_light
91.55,43.61,74.06,499.59,1,0.0,41.24,40,3.73,traffic_light
0.96,10.73,16.42,2.32,0,7.68,0.35,45,0,traffic_light
1.01,8.68,13.13,29.69,0,78.01,1.16,20,0,bus_stop
3.6,8.46,14.44,18.29,0,288.98,0.46,20,0,school
1.76,2.75,8.73,3.37,0,0.0,21.58,20,0.39,school
3.66,12.6,6.16,27.22,0,0.0,19.61,40,0,depot
94.06,69.2,36.26,306.93,1,0.0,15.97,40,0,traffic_light
21.43,1.55,3.54,5.25,0,11.59,0.66,45,0,unknown
0.88,1.63,3.06,5.91,0,0.0,24.74,35,0,traffic_light
6.12,0.37,12.8,10.85,0,124.01,1.0,40,0,bus_stop
2.33,3.17,12.99,10.39,0,0.0,13.82,20,0,traffic_light
1.72,6.14,14.44,27.9,0,31.86,0.6,30,0,traffic_light
4.62,13.81,9.23,22.86,0,0.0,29.99,40,0,traffic_light
4.72,0.86,10.61,15.26,0,11.74,0.23,35,0,unknown
4.15,5.26,12.41,11.04,0,37.67,0.51,45,0,unknown
3.24,7.43,3.32,8.51,0,0.0,26.31,45,0,traffic_light
0.16,1.07,12.41,16.92,0,0.0,31.46,35,0,unknown
15.45,6.45,2.1,18.61,0,191.99,0.79,45,0,school
0.45,1.28,7.5,10.63,0,0.0,9.02,45,0,bus_stop
32.73,30.75,35.67,2.63,1,161.25,0.31,45,0,school
4.49,15.62,6.75,27.7,0,0.0,17.02,40,0,bus_stop
3.9,1.64,8.65,25.61,0,0.0,27.02,35,0,bus_stop
39.62,44.6,24.73,102.87,1,0.0,8.3,20,0,school
3.76,11.2,15.79,6.68,0,0.0,33.68,40,0,bus_stop
6.29,11.36,1.35,2.46,0,0.0,28.65,50,0,traffic_light
21.81,1.31,7.38,15.0,0,0.0,14.55,20,0,traffic_light
12.07,14.45,1.88,27.22,0,61.98,0.26,50,0,unknown
1.03,1.29,9.28,2.57,0,0.0,29.34,50,0,unknown
1.04,0.39,16.51,11.57,0,40.71,0.53,40,0,traffic_light
1.02,1.94,16.25,3.24,0,0.0,21.5,50,0,school
8.79,15.85,17.13,21.08,0,69.91,0.86,35,0,unknown
26.66,16.37,13.79,29.37,0,33.22,0.76,45,0,traffic_light
8.57,3.64,17.97,10.53,0,0.0,15.2,20,0,bus_stop
8.06,1.25,8.91,29.89,0,0.0,9.42,30,0,school
6.56,1.05,1.21,10.69,0,0.0,34.83,35,0,traffic_light
21.2,13.87,17.26,23.0,0,0.0,23.61,35,0,school
8.66,5.36,9.74,11.33,0,0.0,9.03,40,0,school
1.82,3.35,16.78,28.43,0,0.0,19.25,30,0,bus_stop
3.59,6.51,5.88,17.05,0,0.0,22.09,45,0,school
10.37,3.57,11.94,29.18,0,0.0,31.3,35,0,unknown
71.59,14.78,65.82,92.08,1,0.0,22.43,30,0,traffic_light
4.82,10.39,15.35,20.98,0,0.0,36.47,45,0,school
5.97,5.66,3.35,1.26,0,0.0,21.73,20,2.08,traffic_light
42.22,27.58,31.13,187.99,0,0.0,24.53,35,0,traffic_light
0.15,2.78,0.46,11.51,0,108.66,0.38,30,0,bus_stop
4.21,4.53,15.39,25.24,0,23.81,0.17,45,0,traffic_light
29.75,58.04,58.03,176.83,0,0.0,10.97,50,0,unknown
16.49,3.8,15.47,27.15,0,0.0,27.7,30,0,depot
3.44,14.08,13.81,1.95,0,0.0,46.15,45,3.62,depot
4.28,16.64,2.11,24.78,0,0.0,49.16,50,0,unknown
21.65,2.75,11.63,7.43,0,183.38,0.28,20,0,bus_stop
9.04,16.56,1.01,23.35,0,0.0,39.69,45,0,traffic_light
1.21,13.84,15.86,20.96,0,74.93,0.01,30,0,unknown
0.23,14.63,1.53,23.09,0,29.62,0.43,50,0,traffic_light
11.01,8.88,12.14,5.58,0,18.68,0.62,50,0,unknown
19.53,11.89,13.58,28.45,0,0.0,17.34,30,0,depot
10.85,12.18,7.76,1.59,0,0.0,26.65,50,0,traffic_light
4.21,14.08,0.65,14.63,0,38.18,0.35,20,0,traffic_light
5.9,14.58,15.63,10.13,0,0.0,32.83,45,0,unknown
4.41,3.79,16.4,26.5,0,14.73,0.15,45,0,unknown
8.93,16.34,8.28,11.25,0,15.31,0.15,40,0,traffic_light
0.68,1.03,15.37,23.32,0,0.0,38.76,50,0,traffic_light
1.99,0.62,4.52,3.45,0,0.0,25.35,35,0,bus_stop
9.88,11.85,0.21,18.8,0,0.0,27.11,30,0,school
8.16,3.68,0.89,24.87,0,0.0,13.42,50,0,school
5.71,2.12,0.42,14.83,0,0.0,10.78,20,0,bus_stop
17.55,3.33,3.34,4.49,0,0.0,19.69,40,0,depot
12.16,16.33,16.58,29.38,0,22.35,0.95,45,0,traffic_light
0.2,11.47,2.61,26.6,0,0.0,7.35,30,0,school
0.13,11.9,6.69,14.18,0,0.0,40.14,45,0,traffic_light
1.99,3.97,10.03,20.35,0,0.0,17.07,45,0,unknown
0.15,0.97,14.96,23.85,0,0.0,7.94,40,0,school
0.38,3.77,12.39,22.29,0,8.36,0.34,30,0,traffic_light
7.3,14.18,0.47,29.92,0,0.0,12.98,20,0,traffic_light
15.36,5.53,9.94,19.86,0,23.65,0.51,45,0,unknown
5.99,14.92,3.82,10.5,0,0.0,30.7,45,0,unknown
0.4,12.83,3.77,15.54,0,0.0,11.68,30,0,bus_stop
6.82,2.46,6.6,27.56,0,0.0,25.41,40,0,bus_stop
2.52,3.65,14.75,5.42,0,0.0,19.81,20,0,traffic_light
2.63,6.91,7.7,22.78,0,0.0,8.84,50,0,depot
0.93,15.18,7.02,26.34,0,12.54,0.82,40,0,traffic_light
4.02,3.58,1.19,19.79,0,0.0,15.54,40,0,traffic_light
3.51,5.7,17.87,0.96,0,24.01,0.58,50,0,unknown
6.07,2.43,14.65,0.14,0,0.0,29.93,30,0,depot
1.31,15.75,6.23,29.96,0,0.0,38.28,40,0,bus_stop
3.5,11.31,4.9,10.03,0,0.0,13.84,50,0,bus_stop
8.36,14.7,10.15,8.92,0,283.32,0.33,40,0,school
4.66,15.17,17.65,20.67,0,0.0,41.74,50,0,bus_stop
6.97,16.81,9.86,8.05,0,24.88,0.62,20,0,traffic_light
9.4,14.39,17.76,10.8,0,126.23,1.16,40,0,bus_stop
1.89,4.57,2.31,20.7,0,0.0,18.07,35,0,bus_stop
0.4,9.29,16.89,17.81,0,0.0,27.8,40,0,traffic_light
6.4,3.89,2.21,12.57,0,0.0,25.31,30,0,bus_stop
7.2,1.65,8.73,29.1,0,0.0,7.38,30,0,school
2.7,9.99,8.4,16.46,0,0.0,29.17,30,0,bus_stop
3.74,5.03,1.39,1.64,0,0.0,25.1,30,0,traffic_light
79.91,15.91,60.76,166.6,0,0.0,37.7,50,0,bus_stop
3.62,17.46,14.89,11.15,0,0.0,24.81,50,0,traffic_light
0.2,4.48,6.72,6.64,0,0.0,21.32,30,0,traffic_light
15.71,11.63,11.12,0.84,0,9.19,0.31,30,0,traffic_light
17.31,17.9,11.02,29.5,0,143.09,0.98,40,0,bus_stop
0.76,16.24,17.73,4.67,0,0.0,7.16,45,0,unknown
5.19,1.71,0.55,9.12,0,0.0,39.39,45,0,depot
0.13,6.82,10.7,24.67,0,0.0,19.69,50,0,school
10.17,8.83,14.42,29.52,0,0.0,9.99,40,0,traffic_light
0.65,9.07,5.15,13.97,0,0.0,10.35,45,0,unknown
18.56,7.72,8.24,1.06,0,162.72,1.1,20,0,school
14.01,10.87,6.91,8.27,0,28.92,0.18,35,0,traffic_light
2.46,1.59,11.08,26.1,0,0.0,21.86,45,0,bus_stop
1.6,4.91,7.91,22.5,0,175.45,0.08,20,0,school
1.74,8.04,17.36,2.41,0,57.6,0.1,35,0,bus_stop
7.77,5.39,16.21,9.76,0,0.0,28.95,35,0,depot
20.11,1.41,7.74,0.91,0,0.0,11.23,20,0,traffic_light
4.07,9.89,1.58,14.3,0,96.07,0.41,40,0,bus_stop
0.45,9.04,5.9,7.2,0,481.63,0.81,35,0,depot
2.0,14.61,14.09,23.55,0,16.17,0.67,40,0,unknown
4.03,17.1,11.77,8.42,0,0.0,9.84,30,0,depot
5.5,14.81,16.47,24.49,0,50.92,0.62,45,0,traffic_light
1.44,14.89,2.35,1.48,0,33.33,0.69,35,0,traffic_light
1.87,14.49,7.25,13.13,0,18.95,0.57,50,0,unknown
3.35,5.16,6.43,3.2,0,193.72,0.65,30,0,school
11.12,5.43,14.92,14.02,0,0.0,18.73,20,0,unknown
7.25,15.69,5.29,29.25,0,0.0,29.42,30,0,depot
2.12,1.66,2.76,1.24,0,0.0,14.23,30,0,unknown
1.79,8.63,2.88,19.53,0,0.0,31.27,50,0,unknown
6.53,14.96,0.89,29.69,0,0.0,24.8,30,0,traffic_light
21.66,10.16,13.47,19.93,0,0.0,29.92,35,0,unknown
2.24,10.49,1.32,19.58,0,103.63,0.2,35,0,bus_stop
86.38,89.3,61.62,17.31,0,65.99,0.7,50,0,bus_stop
62.8,42.59,52.36,331.15,1,0.0,27.99,40,0,bus_stop
5.14,17.34,8.93,9.12,0,320.1,1.16,20,0,depot
21.64,13.85,0.54,20.04,0,128.66,0.95,35,0,depot
1.8,11.71,3.08,21.18,0,0.0,38.22,45,0,school
3.27,15.41,8.51,20.36,0,43.76,0.24,40,0,unknown
1.51,5.03,14.88,5.53,0,0.0,29.42,35,0,unknown
0.93,1.81,13.44,12.16,0,37.93,0.91,45,0,unknown
7.94,0.5,7.76,20.86,0,28.72,0.46,50,0,traffic_light
19.98,6.08,0.06,22.38,0,0.0,13.84,20,0,bus_stop
8.08,12.73,16.55,1.33,0,17.32,0.5,30,0,unknown
0.89,15.89,11.65,3.57,0,64.07,0.3,50,0,unknown
0.66,1.78,5.94,15.6,0,0.0,34.17,50,0,traffic_light
2.96,11.03,7.04,0.71,0,65.31,0.97,45,0,traffic_light
3.55,1.17,3.13,25.78,0,105.89,0.66,20,0,bus_stop
19.94,3.46,13.82,19.05,0,0.0,22.31,50,0,bus_stop
8.18,16.22,16.82,29.58,0,0.0,15.02,30,0,traffic_light
10.93,14.28,11.96,18.7,0,0.0,7.14,40,0,depot
57.59,63.39,51.51,662.18,0,0.0,37.61,40,0,unknown
5.39,8.4,1.89,11.23,0,0.0,44.53,45,0,depot
54.32,46.72,41.11,14.28,1,21.14,1.1,35,0,traffic_light
1.01,10.65,2.09,9.33,0,0.0,44.01,45,0,bus_stop
62.81,37.72,25.4,1.47,1,8.78,0.14,50,0,traffic_light
10.63,8.79,2.17,13.36,0,152.33,0.16,50,0,bus_stop
0.6,10.53,17.34,12.42,0,0.0,22.09,20,2.93,unknown
5.95,2.78,5.7,12.8,0,0.0,37.25,35,2.05,school
5.44,8.18,1.0,1.63,0,0.0,22.39,30,0,school
3.86,0.86,6.9,16.38,0,0.0,26.83,50,0,unknown
4.01,1.11,12.54,12.56,0,0.0,50.94,50,3.22,bus_stop
9.31,0.29,15.0,16.12,0,83.82,1.19,50,0,unknown
1.0,3.58,0.97,14.44,0,0.0,44.82,50,0,school
1.4,8.33,3.82,12.53,0,0.0,32.8,40,0,bus_stop
6.23,9.9,8.75,7.73,0,45.68,0.4,45,0,traffic_light
3.41,16.03,1.29,25.55,0,0.0,52.9,50,0.5,traffic_light
4.41,10.23,16.15,29.79,0,0.0,31.18,40,0,traffic_light
3.82,6.17,16.36,21.63,0,0.0,14.62,50,0,unknown
0.27,1.36,1.56,22.53,0,11.64,1.04,20,0,traffic_light
7.05,5.13,2.37,28.66,0,0.0,8.78,50,0,school
8.32,8.18,17.91,28.82,0,0.0,20.22,20,2.32,unknown
11.99,13.98,16.79,1.29,0,41.09,0.3,50,0,bus_stop
9.28,11.96,13.78,2.36,0,0.0,11.17,45,0,unknown
1.8,10.06,14.34,5.77,0,11.21,0.6,30,0,unknown
10.16,16.95,12.29,4.33,0,27.39,0.73,35,0,unknown
3.47,16.8,11.81,27.81,0,0.0,32.09,30,0.64,unknown
12.27,8.52,15.95,27.73,0,0.0,39.85,45,0,bus_stop
14.41,12.27,14.94,12.37,0,184.23,0.44,40,0,bus_stop
4.34,4.2,17.06,2.45,0,0.0,34.35,50,0,school
1.27,13.74,6.14,19.89,0,0.0,13.35,20,0,traffic_light
12.89,0.2,6.84,26.4,0,0.0,15.85,30,0,traffic_light
2.38,12.26,0.58,14.07,0,0.0,18.88,30,0,bus_stop
3.26,4.73,15.21,4.71,0,0.0,22.22,20,3.83,traffic_light
3.14,7.11,13.27,9.81,0,0.0,8.99,40,0,bus_stop
2.51,2.85,3.81,21.07,0,58.58,0.55,40,0,unknown
4.91,6.49,10.12,15.74,0,0.0,23.6,50,0,traffic_light
0.11,5.6,7.24,11.59,0,32.55,0.47,45,0,unknown
0.41,10.04,14.55,15.93,0,0.0,9.97,30,0,traffic_light
2.4,5.47,5.24,25.97,0,0.0,16.66,45,0,bus_stop
0.66,16.94,4.23,5.09,0,0.0,34.48,40,0,depot
44.14,9.53,35.18,23.42,0,0.0,8.85,20,0,traffic_light
6.72,13.58,1.58,14.12,0,0.0,24.52,50,0,school
18.02,4.32,15.53,2.62,0,0.0,25.89,45,0,school
2.49,5.26,10.12,0.43,0,39.16,0.24,40,0,traffic_light
14.38,13.57,2.41,17.12,0,0.0,35.34,45,0,depot
0.97,15.42,13.62,9.65,0,47.84,0.16,50,0,unknown
7.28,6.34,2.7,15.63,0,248.45,0.5,45,0,depot
12.26,7.05,13.29,8.94,0,82.38,1.05,35,0,bus_stop
29.25,6.34,10.66,28.52,0,0.0,14.51,30,0,school
3.94,3.54,5.85,7.09,0,0.0,33.9,50,0,traffic_light
5.48,10.99,11.28,22.53,0,31.41,0.18,20,0,unknown
5.93,14.25,11.5,2.92,0,0.0,20.59,45,0,bus_stop
4.95,10.75,17.74,10.55,0,0.0,34.37,40,0,bus_stop
29.51,14.06,10.31,15.04,0,65.78,0.74,35,0,depot
7.15,6.43,2.93,21.2,0,0.0,9.27,20,0,traffic_light
2.36,12.35,8.39,21.98,0,31.19,0.86,35,0,traffic_light
6.7,12.78,12.77,5.89,0,0.0,31.75,40,0,school
0.33,3.4,13.27,29.22,0,0.0,32.62,30,2.08,school
1.74,11.22,9.25,16.51,0,0.0,9.61,20,0,traffic_light
3.35,12.24,11.24,21.03,0,555.63,0.98,20,0,depot
4.33,6.0,12.46,8.91,0,0.0,36.05,50,0,bus_stop
2.76,6.57,7.08,23.06,0,0.0,29.14,40,0,depot
0.21,11.56,5.18,13.85,0,0.0,7.69,30,0,unknown
30.02,14.44,2.93,29.25,0,32.12,0.46,30,0,unknown
19.15,14.46,3.55,3.79,0,0.0,19.31,45,0,bus_stop
4.13,3.23,10.89,16.4,0,0.0,13.16,20,0,traffic_light
2.07,16.95,13.08,22.2,0,0.0,7.56,20,0,traffic_light
35,4.84,9.86,12.87,0,0.0,26.82,40,0,traffic_light
0.7,4.68,11.32,12.04,0,0.0,16.15,20,0,unknown
8.12,8.94,8.1,19.89,0,32.9,0.94,35,0,traffic_light
12.65,2.15,16.99,10.48,0,0.0,31.22,30,3.93,bus_stop
2.61,2.79,16.53,3.64,0,0.0,24.67,30,0,unknown
2.7,6.77,8.34,17.48,0,0.0,46.21,50,0,school
22.65,3.38,1.77,16.67,0,0.0,27.27,30,0,bus_stop
12.96,3.98,11.97,12.98,0,624.48,0.3,35,0,depot
16.79,7.02,15.65,13.93,0,20.05,1.03,30,0,traffic_light
5.5,0.62,12.02,20.85,0,478.39,0.47,35,0,school
31.68,43.47,19.05,6.29,1,244.67,0.52,45,0,bus_stop
1.84,1.45,3.01,10.66,0,0.0,45.21,45,0.19,school
69.14,61.26,41.6,347.5,0,0.0,20.42,20,3.28,school
8.58,12.52,0.02,12.95,0,0.0,20.88,35,0,bus_stop
1.36,0.85,3.1,27.2,0,18.56,0.35,30,0,traffic_light
3.95,6.1,8.57,8.0,0,0.0,19.92,20,0,bus_stop
0.73,2.88,16.0,18.69,0,0.0,16.09,20,0,traffic_light
4.75,10.69,0.74,22.36,0,15.06,0.98,20,0,traffic_light
13.47,9.33,3.43,6.8,0,0.0,17.09,50,0,school
4.15,4.48,1.12,25.47,0,0.0,11.33,20,0,traffic_light
10.95,11.69,15.02,9.43,0,87.7,0.57,50,0,bus_stop
2.11,8.81,15.07,27.3,0,0.0,20.64,20,1.52,traffic_light
17.71,8.55,1.69,25.94,0,0.0,17.03,20,0,traffic_light
2.39,1.82,15.13,22.58,0,126.88,0.17,35,0,bus_stop
7.21,13.33,2.99,27.67,0,0.0,21.32,45,0,traffic_light
1.55,16.49,6.1,5.3,0,0.0,17.14,30,0,school
2.87,8.34,15.16,3.65,0,0.0,22.52,20,3.51,depot
8.35,10.84,7.96,2.22,0,39.29,0.76,45,0,traffic_light
0.99,8.14,8.28,25.07,0,0.0,12.24,30,0,traffic_light
3.86,10.19,12.57,4.8,0,0.0,29.42,35,0,traffic_light
91.96,41.92,45.94,251.63,1,0.0,21.61,20,3.92,traffic_light
2.32,9.66,15.99,29.69,0,36.22,0.32,50,0,traffic_light
6.21,6.56,17.18,13.61,0,0.0,39.05,45,0,unknown
6.66,8.83,0.73,21.98,0,0.0,12.34,30,0,unknown
0.17,10.09,13.82,1.95,0,245.32,0.38,50,0,bus_stop
3.94,10.38,13.51,13.56,0,0.0,7.98,20,0,bus_stop
4.77,13.13,12.67,26.9,0,0.0,16.22,20,0,traffic_light
4.17,8.58,14.57,4.17,0,193.83,0.75,20,0,depot
10.05,4.9,16.78,13.78,0,0.0,32.17,45,0,traffic_light
2.07,9.12,4.62,21.7,0,0.0,12.89,50,0,unknown
29.53,46.94,57.74,2.89,1,395.77,0.22,45,0,depot
42.99,68.5,45.04,770.87,1,0.0,40.51,50,0,traffic_light
9.71,12.42,5.56,24.05,0,0.0,11.96,20,0,unknown
1.98,10.37,4.02,20.59,0,0.0,15.69,20,0,unknown
14.73,16.71,13.49,29.01,0,0.0,26.45,45,0,traffic_light
5.63,0.04,10.54,16.89,0,371.76,0.88,30,0,depot
0.35,1.48,11.13,2.93,0,127.52,0.02,35,0,bus_stop
3.46,16.9,1.03,14.36,0,0.0,27.09,45,0,bus_stop
4.24,4.69,6.22,16.78,0,0.0,23.95,40,0,unknown
1.23,0.88,5.34,13.05,0,0.0,21.49,40,0,depot
4.84,16.98,2.85,21.41,0,0.0,7.96,30,0,school
8.63,14.15,11.6,27.54,0,0.0,10.65,20,0,unknown
2.08,10.59,1.66,12.0,0,0.0,36.29,35,3.74,unknown
0.14,11.23,14.06,3.01,0,169.54,0.89,50,0,bus_stop
11.09,13.66,15.05,9.4,0,0.0,29.47,40,0,traffic_light
92.98,24.78,44.18,154.71,1,0.0,22.48,40,0,depot
2.49,0.78,2.37,27.41,0,0.0,52.09,50,3.4,school
4.05,5.75,0.18,10.55,0,0.0,12.58,45,0,traffic_light
2.02,11.2,13.23,4.97,0,35.89,0.65,40,0,unknown
2.4,11.08,10.74,28.33,0,37.8,0.12,45,0,unknown
7.44,13.97,17.94,27.91,0,0.0,13.77,35,0,school
18.08,14.99,17.21,8.77,0,0.0,8.42,20,0,bus_stop
10.82,6.47,14.19,0.69,0,0.0,32.3,35,0,school
0.12,2.78,17.91,20.3,0,20.5,0.47,30,0,traffic_light
4.76,7.36,1.28,28.63,0,115.75,0.57,45,0,bus_stop
13.81,6.21,17.83,28.52,0,0.0,45.24,45,3.85,traffic_light
23.06,17.59,13.46,3.78,0,39.1,0.16,30,0,unknown
3.16,3.19,9.79,9.56,0,38.37,0.41,45,0,unknown
0.34,17.42,13.1,23.04,0,0.0,41.57,50,0,unknown
8.58,14.64,6.39,1.98,0,0.0,39.69,40,0,school
2.27,2.94,1.98,2.73,0,74.36,0.05,45,0,unknown
9.69,16.99,14.84,9.51,0,10.74,0.76,30,0,unknown
1.44,2.49,4.57,20.25,0,0.0,28.9,35,0,school
9.72,6.03,4.46,22.92,0,0.0,17.99,30,0,traffic_light
9.21,4.36,12.61,3.51,0,0.0,19.2,45,0,unknown
1.59,2.09,1.99,16.95,0,11.07,0.48,30,0,unknown
4.91,0.05,6.85,20.51,0,49.05,1.14,35,0,traffic_light
3.88,2.94,12.63,24.78,0,0.0,18.84,30,0,school
5.1,6.29,14.08,28.53,0,44.09,1.08,50,0,unknown
1.86,14.46,6.3,8.3,0,0.0,19.33,30,0,unknown
0.77,8.95,17.72,26.49,0,0.0,32.8,35,0,bus_stop
35,14.08,5.78,17.37,0,170.31,0.92,30,0,depot
0.7,12.28,3.41,14.43,0,0.0,11.27,30,0,traffic_light
6.99,0.34,14.18,11.36,0,0.0,52.73,50,2.34,bus_stop
4.89,12.34,17.2,29.1,0,217.48,0.43,40,0,school
1.36,0.3,4.28,7.28,0,0.0,9.53,45,0,unknown
12.29,2.11,12.65,23.15,0,388.45,0.28,30,0,school
13.25,2.17,1.3,29.01,0,0.0,26.14,35,0,bus_stop
6.92,16.71,15.91,28.51,0,17.17,0.8,40,0,traffic_light
4.03,2.8,2.75,27.21,0,0.0,23.78,45,0,traffic_light
1.67,16.82,12.06,3.22,0,14.08,0.33,50,0,traffic_light
19.72,7.12,10.87,24.51,0,0.0,7.63,20,0,traffic_light
3.58,17.98,7.71,9.83,0,0.0,17.33,20,0,school
3.02,9.14,14.24,16.96,0,0.0,9.93,20,0,unknown
0.53,4.12,10.95,7.74,0,0.0,27.3,45,0,school
3.61,11.69,8.78,18.81,0,0.0,19.18,35,0,school
7.06,6.46,6.93,0.92,0,45.18,0.67,35,0,traffic_light
12.68,1.0,9.77,17.18,0,0.0,13.43,30,0,bus_stop
94.17,77.89,15.92,23.19,1,166.88,1.07,35,0,bus_stop
30.49,78.76,33.8,266.42,1,0.0,12.18,40,0,bus_stop
15.74,11.88,8.56,27.17,0,344.58,0.68,45,0,depot
0.12,0.62,16.44,10.39,0,314.2,0.07,35,0,school
9.22,16.0,0.85,2.03,0,0.0,9.05,50,0,depot
5.49,15.92,13.26,20.31,0,0.0,20.12,20,2.57,bus_stop
16.65,12.8,13.77,11.32,0,0.0,9.46,20,0,bus_stop
0.06,0.98,10.66,16.02,0,0.0,20.21,40,0,traffic_light
5.75,3.29,4.89,14.13,0,0.0,21.76,50,0,school
54.61,55.2,55.62,111.66,1,0.0,7.28,35,0,unknown
56.21,82.36,58.31,7.53,1,103.88,0.33,35,0,bus_stop
6.63,13.39,8.99,20.13,0,66.4,0.95,30,0,traffic_light
4.47,7.91,3.46,4.14,0,36.11,0.48,40,0,traffic_light
2.7,10.17,2.11,16.14,0,0.0,27.12,30,0,traffic_light
9.87,16.4,9.87,17.85,0,0.0,32.54,45,0,traffic_light
6.76,4.02,0.5,19.85,0,0.0,14.42,30,0,traffic_light
7.13,3.66,14.07,12.0,0,88.89,1.14,20,0,bus_stop
15.39,2.62,10.37,2.7,0,36.17,1.02,40,0,traffic_light
12.9,1.27,8.05,0.77,0,0.0,19.77,30,0,traffic_light
11.88,11.71,7.05,19.6,0,0.0,8.89,40,0,unknown
5.11,14.5,14.21,25.06,0,0.0,14.39,35,0,depot
14.11,3.54,8.87,10.66,0,0.0,25.36,50,0,unknown
6.5,9.76,14.48,13.48,0,0.0,31.36,30,3.32,traffic_light
13.92,16.27,6.67,7.65,0,0.0,24.64,45,0,school
1.21,1.82,0.63,3.3,0,0.0,18.49,50,0,school
43.84,25.52,64.48,357.26,1,0.0,50.39,50,2.91,school
2.45,14.93,8.43,0.82,0,0.0,22.14,45,0,traffic_light
0.05,15.89,2.91,20.48,0,376.01,0.54,45,0,school
15.44,15.38,4.67,19.73,0,44.76,0.04,40,0,traffic_light
6.01,11.73,2.58,5.04,0,0.0,14.88,50,0,school
3.41,17.37,7.5,11.21,0,60.32,0.97,45,0,traffic_light
0.18,15.99,17.06,9.54,0,0.0,21.54,45,0,traffic_light
9.42,0.17,6.32,10.94,0,25.3,1.0,20,0,unknown
35,12.48,14.14,29.82,0,51.78,1.05,35,0,unknown
13.1,7.57,15.32,25.94,0,68.44,1.16,40,0,traffic_light
4.73,2.38,14.78,9.26,0,0.0,30.26,40,0,bus_stop
2.55,12.22,10.84,4.11,0,214.66,0.95,35,0,bus_stop
2.44,5.27,13.5,9.79,0,0.0,12.89,35,0,depot
4.59,10.51,14.03,24.2,0,404.92,0.68,20,0,school
2.44,17.77,6.88,10.47,0,28.84,0.37,45,0,unknown
0.59,14.38,7.86,16.89,0,0.0,20.36,45,0,depot
0.52,5.77,5.99,8.62,0,0.0,10.26,45,0,bus_stop
7.29,1.41,5.71,23.52,0,623.9,1.15,20,0,depot
5.12,9.93,12.08,18.43,0,31.55,0.26,50,0,traffic_light
5.52,14.77,4.2,2.89,0,0.0,23.6,50,0,traffic_light
59.78,26.87,34.87,8.19,1,53.55,1.1,45,0,bus_stop
1.22,5.06,13.0,2.69,0,0.0,19.03,40,0,unknown
1.5,6.42,2.11,15.48,0,0.0,36.13,35,0.58,traffic_light
4.7,11.21,11.57,4.79,0,0.0,21.11,35,0,school
5.02,0.27,13.59,5.46,0,0.0,21.73,20,2.32,traffic_light
0.31,2.36,13.34,16.19,0,0.0,12.07,20,0,traffic_light
8.87,0.92,8.37,25.88,0,0.0,32.08,35,0,school
0.04,7.96,15.99,26.78,0,0.0,19.69,20,0,bus_stop
8.67,17.66,6.99,2.79,0,422.23,0.35,40,0,depot
7.82,4.58,15.56,2.3,0,86.2,0.8,45,0,unknown
81.21,71.31,36.11,12.24,1,18.95,0.62,30,0,traffic_light
6.54,11.99,0.57,0.67,0,0.0,36.2,40,0,school
9.75,6.69,4.19,24.0,0,594.56,0.72,40,0,depot
2.44,14.31,16.8,23.52,0,0.0,7.13,20,0,school
0.7,15.09,1.11,0.42,0,0.0,14.95,45,0,unknown
65.1,90.34,40.13,606.13,0,0.0,24.16,45,0,unknown
2.96,0.04,16.0,17.19,0,0.0,26.2,35,0,depot
6.79,12.74,10.84,10.95,0,0.0,20.15,45,0,unknown
5.53,13.74,3.83,13.07,0,0.0,26.43,50,0,bus_stop
6.14,4.53,12.26,23.91,0,0.0,14.1,45,0,unknown
0.29,5.86,10.64,9.64,0,34.15,0.54,20,0,traffic_light
16.49,0.43,4.93,16.44,0,89.38,0.64,40,0,bus_stop
21.33,5.62,13.16,18.11,0,0.0,33.79,40,0,traffic_light
1.62,2.81,3.34,15.28,0,0.0,31.3,40,0,traffic_light
0.56,16.46,2.57,9.82,0,231.79,0.92,30,0,school
9.02,13.5,0.91,20.52,0,0.0,23.8,30,0,unknown
18.7,17.73,6.34,7.96,0,377.85,0.84,35,0,depot
2.58,14.32,1.04,6.73,0,0.0,14.73,20,0,unknown
2.41,3.48,6.21,22.56,0,215.46,0.92,40,0,bus_stop
1.01,9.91,13.12,2.92,0,0.0,25.5,50,0,school
2.3,14.89,2.61,15.59,0,0.0,31.86,45,0,unknown
4.51,5.64,3.29,14.43,0,0.0,20.62,35,0,unknown
1.91,14.88,17.83,23.39,0,0.0,15.16,40,0,bus_stop
6.82,4.68,11.03,8.17,0,113.96,0.71,35,0,school
3.24,14.85,1.8,13.24,0,0.0,12.81,35,0,unknown
9.91,11.56,9.62,21.8,0,0.0,20.94,20,1.38,traffic_light
6.52,12.29,15.57,7.25,0,0.0,26.16,50,0,unknown
1.26,15.22,5.85,13.79,0,0.0,14.3,30,0,school
8.82,0.47,17.37,15.21,0,368.94,0.84,45,0,school
0.65,15.49,7.04,28.82,0,14.78,0.84,50,0,traffic_light
1.18,0.12,8.82,1.13,0,0.0,7.1,20,0,school
8.03,7.48,7.81,14.57,0,0.0,36.57,35,2.55,traffic_light
2.22,13.42,16.23,22.84,0,0.0,18.81,20,0,school
8.75,12.87,6.25,22.59,0,388.37,0.1,50,0,depot
0.02,14.42,1.49,18.8,0,302.58,1.13,40,0,school
9.75,16.77,17.36,11.27,0,0.0,12.51,50,0,traffic_light
5.81,16.31,14.79,27.72,0,0.0,14.75,40,0,unknown
39.1,29.94,17.47,343.63,1,0.0,41.32,50,0,bus_stop
4.7,0.99,9.35,19.37,0,0.0,38.93,40,0,traffic_light
0.68,15.16,6.86,12.48,0,55.93,0.19,35,0,traffic_light
16.8,13.59,4.13,4.57,0,0.0,16.55,45,0,school
2.36,14.4,12.44,24.81,0,59.54,0.03,40,0,unknown
39.31,84.55,74.39,4.11,1,808.2,0.18,50,0,school
10.97,11.15,13.75,12.34,0,0.0,51.21,50,3.56,unknown
1.8,4.1,11.21,29.15,0,404.28,0.64,30,0,depot
0.94,1.2,17.89,19.58,0,293.77,0.4,30,0,bus_stop
2.54,6.53,13.77,29.73,0,13.1,1.13,40,0,unknown
0.44,6.75,12.58,11.36,0,23.04,1.16,45,0,unknown
0.98,0.89,9.49,19.99,0,0.0,24.13,30,0,school
2.14,0.78,13.35,3.85,0,24.88,1.02,35,0,unknown
2.66,17.02,15.55,25.74,0,208.29,1.11,35,0,bus_stop
43.61,85.69,68.26,9.15,0,31.91,0.38,45,0,traffic_light
8.03,2.32,9.85,22.55,0,0.0,18.16,20,0,school
22.4,11.03,17.99,3.53,0,0.0,26.04,35,0,school
3.84,5.45,7.06,26.22,0,61.57,0.22,20,0,traffic_light
2.34,10.49,8.06,3.79,0,0.0,8.37,20,0,traffic_light
1.47,5.87,0.18,12.17,0,0.0,16.11,45,0,unknown
37.05,21.68,41.87,0.71,1,29.72,0.12,20,0,unknown
0.27,12.61,11.78,24.66,0,0.0,29.54,30,0,depot
18.28,17.81,7.39,12.65,0,0.0,39.95,40,0,traffic_light
34.35,9.91,9.1,26.14,0,267.01,0.06,20,0,depot
2.92,2.29,6.37,16.63,0,0.0,13.51,20,0,unknown
6.96,1.74,4.97,19.33,0,0.0,29.35,35,0,bus_stop
47.24,17.09,37.68,1.66,1,28.29,0.35,20,0,traffic_light
3.97,2.66,16.81,6.87,0,0.0,23.11,45,0,traffic_light
0.68,2.11,11.72,10.71,0,0.0,28.13,40,0,unknown
0.51,11.74,5.43,10.2,0,6.08,0.51,50,0,traffic_light
2.7,11.77,11.89,6.51,0,0.0,25.32,40,0,depot
66.59,34.85,67.59,389.73,1,0.0,40.26,45,0,unknown
1.32,5.85,12.83,20.53,0,0.0,16.48,35,0,traffic_light
3.11,12.68,7.97,14.09,0,0.0,24.27,35,0,unknown
2.31,15.32,14.3,15.33,0,0.0,12.82,30,0,unknown
6.5,17.64,8.29,11.8,0,0.0,20.34,35,0,school
3.2,10.13,7.12,13.14,0,81.51,0.42,50,0,school
0.84,16.32,10.46,4.99,0,0.0,40.31,40,3.37,school
13.16,13.05,15.54,4.43,0,0.0,11.89,45,0,traffic_light
53.77,38.43,48.11,130.95,0,0.0,12.27,45,0,unknown
1.61,5.09,6.2,3.1,0,0.0,15.63,40,0,unknown
3.21,15.89,8.57,5.48,0,0.0,15.81,20,0,school
0.48,5.84,5.21,9.65,0,0.0,13.16,20,0,traffic_light
3.73,7.04,4.57,21.55,0,0.0,43.05,45,0,unknown
0.33,14.39,10.96,19.29,0,0.0,8.15,45,0,bus_stop
5.31,14.01,15.25,29.5,0,0.0,7.09,35,0,school
1.99,14.77,17.49,3.21,0,0.0,24.77,35,0,bus_stop
0.56,13.43,16.09,8.53,0,0.0,17.01,40,0,depot
1.58,10.7,4.86,4.98,0,0.0,11.41,30,0,traffic_light
42.32,40.16,34.98,398.84,0,0.0,35.75,50,0,unknown
3.19,16.76,7.7,29.88,0,0.0,17.23,30,0,bus_stop
10.92,4.9,11.62,26.19,0,0.0,34.86,40,0,unknown
15.75,11.77,0.51,14.51,0,0.0,29.03,50,0,depot
4.48,7.88,8.48,18.85,0,0.0,36.48,40,0,bus_stop
9.58,2.35,9.58,10.18,0,0.0,29.43,30,0,bus_stop
1.89,12.49,11.99,28.88,0,90.17,0.96,20,0,bus_stop
28.91,0.25,6.7,22.51,0,0.0,36.44,40,0,school
2.02,4.84,8.22,10.87,0,0.0,25.19,45,0,unknown
3.11,13.14,1.02,12.89,0,0.0,21.95,30,0,school
2.0,2.17,4.79,13.46,0,41.01,0.52,30,0,traffic_light
5.21,0.3,12.01,21.83,0,0.0,15.34,35,0,depot
4.48,2.32,11.48,22.54,0,0.0,11.76,35,0,school
56.69,65.23,74.35,609.19,1,0.0,33.62,45,0,bus_stop
3.55,13.95,7.57,1.76,0,0.0,32.15,50,0,traffic_light
10.94,1.93,17.17,8.65,0,0.0,12.92,30,0,unknown
3.19,14.63,11.27,22.81,0,146.71,0.03,20,0,bus_stop
1.33,10.91,6.85,8.24,0,0.0,29.87,35,0,unknown
32.41,7.01,8.44,22.13,0,3.19,0.13,30,0,unknown
1.11,10.88,4.61,1.5,0,27.76,0.16,30,0,traffic_light
55.31,96.21,24.3,2.68,1,11.96,0.1,20,0,unknown
6.88,13.83,0.6,15.65,0,26.03,0.37,50,0,unknown
8.19,14.02,3.7,28.76,0,65.58,0.49,40,0,unknown
0.38,1.26,10.01,28.41,0,0.0,26.67,45,0,unknown
6.65,17.87,9.48,14.49,0,54.71,0.23,50,0,unknown
4.16,7.99,14.38,25.64,0,0.0,41.46,40,0.25,traffic_light
5.18,17.71,7.71,16.69,0,64.21,1.15,50,0,bus_stop
4.41,9.12,13.77,0.56,0,417.8,0.72,30,0,school
9.08,0.8,10.13,22.84,0,0.0,10.55,20,0,bus_stop
14.3,15.24,2.29,2.48,0,0.0,12.54,20,0,traffic_light
3.74,3.0,10.25,13.9,0,0.0,17.36,45,0,school
39.68,67.86,19.8,589.4,1,0.0,31.27,30,0.62,unknown
0.53,9.02,3.7,15.84,0,0.0,21.21,30,0,traffic_light
0.26,16.63,13.78,0.1,0,157.29,1.14,30,0,school
7.23,11.62,5.25,27.08,0,75.69,0.37,20,0,bus_stop
3.62,13.84,8.13,19.39,0,0.0,7.09,30,0,unknown
0.77,14.83,3.6,3.94,0,0.0,32.87,40,0,unknown
4.75,0.4,17.49,22.25,0,27.77,0.22,30,0,unknown
0.29,0.6,1.49,4.32,0,0.0,25.05,45,0,depot
4.78,16.0,1.68,25.16,0,0.0,11.7,20,0,traffic_light
8.22,6.95,14.66,29.31,0,0.0,40.34,45,0,traffic_light
2.83,17.21,17.44,27.54,0,21.73,1.02,45,0,traffic_light
1.71,15.4,10.07,2.15,0,0.0,29.96,40,0,traffic_light
13.17,13.47,16.93,20.91,0,0.0,19.3,50,0,unknown
28.78,14.3,47.34,1.42,1,458.1,0.36,40,0,school
0.13,8.74,1.42,17.55,0,0.0,29.15,35,0,bus_stop
2.86,3.86,9.57,24.54,0,0.0,52.53,50,1.2,school
8.62,6.53,16.97,28.47,0,0.0,21.09,30,0,traffic_light
1.87,5.03,15.05,19.27,0,16.77,0.24,30,0,traffic_light
19.88,15.83,5.33,2.55,0,0.0,22.65,30,0,school
2.35,6.2,10.18,3.19,0,0.0,15.24,40,0,traffic_light
16.72,10.5,1.71,18.57,0,174.28,0.74,20,0,depot
0.5,4.31,13.98,13.91,0,0.0,40.97,50,0,traffic_light
6.03,13.36,3.39,14.53,0,0.0,34.05,45,0,traffic_light
7.43,3.07,14.51,17.1,0,0.0,19.84,20,0,unknown
4.71,10.2,1.97,15.56,0,0.0,22.53,50,0,unknown
9.87,9.82,15.32,7.34,0,0.0,13.85,40,0,unknown
13.79,3.93,10.59,9.71,0,0.0,18.77,50,0,bus_stop
26.77,15.99,3.01,12.92,0,60.02,0.5,50,0,unknown
2.97,13.88,17.98,11.45,0,0.0,46.65,50,0,traffic_light
1.0,2.58,7.6,6.55,0,0.0,10.97,50,0,unknown
1.14,6.83,13.71,14.53,0,0.0,17.32,30,0,traffic_light
1.35,5.61,6.07,24.9,0,0.0,29.09,45,0,school
88.02,94.92,71.05,25.64,0,33.39,0.97,30,0,unknown
1.13,1.11,9.85,11.7,0,0.0,7.09,45,0,unknown
9.65,10.76,12.27,10.69,0,17.46,0.1,45,0,unknown
7.75,10.01,3.78,3.36,0,0.0,10.8,50,0,bus_stop
4.34,9.41,16.79,2.41,0,6.22,0.69,45,0,traffic_light
43.91,54.24,48.99,9.04,1,145.54,0.6,40,0,bus_stop
9.79,10.84,0.85,22.86,0,562.08,0.49,50,0,school
5.48,16.45,14.17,6.29,0,0.0,10.96,35,0,traffic_light
3.14,16.49,13.92,10.75,0,32.97,0.59,40,0,traffic_light
1.21,6.62,14.06,22.7,0,268.77,0.04,35,0,depot
8.28,3.12,5.0,28.54,0,53.0,1.06,50,0,traffic_light
3.89,9.44,15.38,2.04,0,0.0,15.43,45,0,unknown
7.34,11.44,3.74,16.43,0,17.0,0.29,40,0,unknown
2.29,10.33,10.01,6.19,0,163.53,0.23,50,0,bus_stop
73.55,88.88,45.75,320.08,1,0.0,12.97,35,0,bus_stop
2.91,2.11,11.7,22.59,0,0.0,29.77,30,0,school
0.74,7.9,15.03,9.91,0,0.0,10.54,35,0,depot
0.92,14.69,10.43,10.64,0,23.73,0.47,35,0,unknown
10.08,4.68,17.34,24.06,0,0.0,23.23,35,0,traffic_light
20.98,3.21,16.87,0.54,0,11.66,0.07,50,0,traffic_light
1.98,8.13,8.83,23.15,0,0.0,38.98,40,0,unknown
12.23,1.91,12.65,28.02,0,0.0,25.6,30,0,unknown
90.31,99.2,47.26,30.05,0,76.8,1.09,50,0,bus_stop
22.87,0.7,0.72,7.09,0,0.0,20.88,45,0,school
5.52,13.39,15.76,23.49,0,0.0,21.9,20,3.92,traffic_light
18.56,6.6,11.35,0.47,0,254.52,1.09,20,0,depot
11.98,5.28,7.3,5.88,0,0.0,40.8,40,1.69,unknown
0.82,4.59,5.34,22.23,0,0.0,46.67,50,0,school
3.1,6.15,7.63,27.49,0,0.0,19.41,20,0,bus_stop
3.26,0.84,7.48,17.79,0,0.0,46.12,45,0.16,school
2.93,6.2,10.16,9.35,0,0.0,36.91,35,3.26,traffic_light
2.37,16.98,0.41,16.26,0,24.41,1.1,35,0,traffic_light
82.97,18.06,31.61,51.84,1,0.0,10.33,45,0,depot
19.41,9.19,14.98,27.69,0,0.0,27.78,30,0,school
0.65,14.78,8.46,12.83,0,0.0,44.67,45,0,unknown
3.59,4.85,6.3,7.89,0,0.0,26.13,40,0,unknown
12.78,9.88,13.58,22.51,0,241.88,0.69,45,0,depot
13.87,14.15,10.25,6.69,0,0.0,18.0,35,0,school
11.76,16.47,9.24,10.32,0,15.94,0.63,40,0,traffic_light
6.5,13.98,4.65,15.83,0,66.67,1.01,50,0,bus_stop
3.26,4.38,4.87,6.71,0,0.0,29.03,45,0,bus_stop
4.97,9.92,13.39,10.41,0,70.64,0.69,20,0,bus_stop
3.94,14.67,16.67,14.66,0,138.65,1.13,35,0,school
1.32,5.88,10.7,0.78,0,0.0,19.61,20,0,bus_stop
1.97,13.21,15.1,26.4,0,20.62,0.37,50,0,unknown
31.66,10.07,13.79,23.27,0,0.0,25.68,50,0,bus_stop
0.5,6.42,4.29,28.38,0,52.04,0.8,50,0,unknown
9.53,11.2,15.19,3.18,0,0.0,8.59,20,0,traffic_light
1.38,8.58,5.81,23.34,0,0.0,45.78,50,0,traffic_light
0.0,13.34,6.67,7.54,0,0.0,43.09,45,0,unknown
1.35,0.99,4.51,15.94,0,367.02,0.49,35,0,depot
1.01,14.66,6.23,3.66,0,0.0,28.35,35,0,traffic_light
0.29,8.21,7.11,11.02,0,0.0,18.56,35,0,traffic_light
13.37,14.95,3.93,22.5,0,181.35,1.04,50,0,bus_stop
3.72,5.29,8.96,22.52,0,102.37,0.62,50,0,school
4.61,14.62,17.01,6.82,0,0.0,10.13,20,0,unknown
3.06,16.48,15.58,19.07,0,0.0,37.14,40,0,bus_stop
10.5,11.11,12.81,18.03,0,12.35,0.36,20,0,unknown
15.35,15.11,5.1,26.08,0,0.0,39.78,45,0,bus_stop
0.79,13.88,17.35,12.19,0,0.0,7.96,20,0,unknown
7.4,10.64,4.1,28.88,0,0.0,13.4,20,0,school
1.94,12.61,14.63,6.74,0,144.28,0.3,20,0,bus_stop
5.22,1.9,4.47,12.94,0,323.94,0.74,45,0,depot
0.09,12.16,2.14,7.41,0,27.88,0.07,40,0,traffic_light
2.99,15.94,11.21,1.05,0,0.0,13.56,30,0,bus_stop
0.1,7.51,9.19,25.57,0,0.0,13.31,35,0,traffic_light
0.33,12.12,8.54,5.81,0,0.0,43.98,45,0,unknown
0.82,5.24,16.02,4.68,0,0.0,42.82,40,1.87,bus_stop
5.64,12.59,5.42,5.5,0,0.0,27.92,50,0,traffic_light
4.42,15.03,0.11,1.26,0,19.91,0.48,20,0,traffic_light
4.41,17.83,16.91,14.17,0,58.25,0.8,50,0,traffic_light
1.97,14.39,6.69,7.43,0,61.36,0.99,50,0,unknown
2.58,7.5,7.78,0.42,0,210.14,0.13,20,0,bus_stop
1.37,1.73,3.03,29.84,0,0.0,7.7,40,0,traffic_light
12.78,9.7,9.1,7.69,0,0.0,39.78,40,0,bus_stop
2.75,6.81,7.39,11.78,0,0.0,34.07,35,0,unknown
5.79,4.17,14.07,7.05,0,31.54,1.01,40,0,traffic_light
8.16,0.46,9.03,1.92,0,0.0,19.96,30,0,school
1.61,17.74,10.66,18.06,0,0.0,7.49,45,0,unknown
7.77,12.38,3.69,3.71,0,0.0,11.25,20,0,traffic_light
15.79,7.4,14.18,18.03,0,0.0,36.8,50,0,school
1.73,13.58,6.44,20.84,0,160.19,0.75,35,0,bus_stop
1.05,5.93,3.85,18.05,0,0.0,24.13,35,0,bus_stop
7.62,8.32,4.48,21.29,0,36.96,0.61,50,0,traffic_light
29.58,8.67,12.3,17.3,0,261.19,0.43,45,0,school
7.08,13.98,0.01,2.53,0,180.07,0.81,20,0,school
16.03,8.01,0.93,2.62,0,0.0,14.27,40,0,traffic_light
5.17,2.26,7.34,15.68,0,0.0,15.96,20,0,bus_stop
6.47,7.35,6.65,24.31,0,10.0,0.75,40,0,traffic_light
7.35,15.86,11.32,28.28,0,12.9,0.11,50,0,traffic_light
1.38,6.34,3.67,13.85,0,71.74,0.27,50,0,traffic_light
4.01,17.66,3.57,6.67,0,0.0,33.86,40,0,bus_stop
2.87,10.05,1.76,19.97,0,0.0,26.35,35,0,traffic_light
25.03,10.94,12.74,16.22,0,0.0,14.82,50,0,traffic_light
13.47,12.22,7.82,19.62,0,0.0,8.26,20,0,traffic_light
62.62,41.04,28.6,5.88,0,138.61,0.52,35,0,school
4.73,5.33,11.31,10.45,0,0.0,30.7,50,0,unknown
7.39,12.66,13.84,2.71,0,47.61,1.12,50,0,traffic_light
13.21,9.44,13.98,29.21,0,0.0,31.31,35,0,traffic_light
0.73,4.02,5.65,21.74,0,0.0,13.19,35,0,traffic_light
4.31,11.07,4.72,0.09,0,23.18,0.72,35,0,traffic_light
11.79,14.89,0.26,2.93,0,0.0,28.53,45,0,traffic_light
0.03,9.03,0.8,23.7,0,537.38,0.11,35,0,depot
2.18,1.23,8.42,5.12,0,105.82,0.55,40,0,bus_stop
16.67,6.27,17.78,11.77,0,0.0,25.87,40,0,unknown
13.61,11.27,8.71,15.02,0,61.41,0.66,50,0,unknown
51.59,98.13,40.36,782.44,1,0.0,28.7,35,0,traffic_light
4.62,10.23,16.55,25.38,0,0.0,14.82,45,0,school
14.96,0.19,11.37,2.77,0,0.0,8.2,35,0,traffic_light
2.1,2.26,2.64,27.36,0,0.0,15.08,30,0,traffic_light
8.7,1.26,11.28,25.09,0,0.0,15.86,50,0,depot
9.85,12.26,1.19,3.2,0,0.0,8.09,30,0,school
16.32,4.0,1.52,23.09,0,0.0,28.55,35,0,depot
19.56,2.33,13.52,3.84,0,75.22,0.48,30,0,depot
6.04,15.88,3.49,15.01,0,16.52,1.07,45,0,traffic_light
1.54,6.33,15.24,20.19,0,0.0,19.54,35,0,unknown
0.68,14.24,6.3,4.3,0,0.0,10.41,45,0,unknown
2.24,4.07,15.3,29.81,0,0.0,35.0,35,0,unknown
2.42,8.7,13.92,3.69,0,18.32,0.91,35,0,traffic_light
9.95,14.5,12.51,3.45,0,0.0,10.77,20,0,unknown
0.06,6.77,17.25,12.47,0,0.0,21.97,45,0,traffic_light
1.29,14.74,11.45,9.01,0,0.0,30.6,35,0,school
0.22,4.96,16.74,11.57,0,0.0,26.79,45,0,traffic_light
5.25,11.92,12.85,18.07,0,0.0,12.73,45,0,unknown
6.39,8.62,17.66,13.79,0,29.95,0.07,50,0,traffic_light
0.79,9.04,0.65,23.14,0,0.0,26.53,30,0,traffic_light
1.33,9.34,7.57,11.18,0,0.0,16.17,35,0,traffic_light
0.05,13.51,8.8,16.61,0,0.0,16.21,35,0,traffic_light
1.26,13.0,17.13,0.42,0,0.0,15.83,50,0,school
1.86,12.81,7.48,16.71,0,0.0,43.45,50,0,traffic_light
7.3,15.89,4.76,4.58,0,0.0,8.92,40,0,traffic_light
62.02,60.09,73.15,2.45,0,46.35,0.15,30,0,unknown
14.2,17.87,15.61,27.63,0,0.0,14.7,20,0,traffic_light
6.94,2.88,5.1,14.09,0,0.0,16.13,20,0,bus_stop
1.27,7.54,3.88,9.9,0,0.0,18.82,20,0,traffic_light
10.02,2.93,0.07,3.51,0,49.06,0.76,45,0,traffic_light
2.04,10.53,3.27,20.31,0,640.91,1.01,35,0,depot
1.8,0.33,1.11,3.94,0,0.0,41.1,50,0,school
1.3,11.6,8.95,7.26,0,198.73,1.1,30,0,bus_stop
1.36,12.8,0.89,5.21,0,0.0,20.34,20,3.41,depot
27.74,99.14,48.65,11.13,1,452.36,0.4,40,0,school
7.27,9.11,1.51,7.11,0,10.07,0.17,50,0,unknown
5.24,8.07,17.98,14.53,0,0.0,29.63,30,0,unknown
4.34,2.36,11.32,1.47,0,74.06,0.73,40,0,unknown
4.01,4.45,5.29,12.74,0,0.0,40.09,45,0,bus_stop
0.47,13.64,0.22,1.54,0,0.0,20.1,30,0,traffic_light
2.97,10.15,2.13,29.31,0,45.11,0.08,40,0,traffic_light
1.19,0.69,7.83,18.33,0,0.0,12.95,30,0,unknown
1.32,13.01,5.49,0.01,0,0.0,28.72,40,0,bus_stop
2.8,16.79,1.33,23.38,0,0.0,23.49,50,0,depot
1.57,11.48,16.22,17.16,0,0.0,16.16,35,0,traffic_light
9.77,8.0,15.9,17.52,0,0.0,19.82,35,0,unknown
9.51,9.01,10.79,7.78,0,0.0,25.73,30,0,bus_stop
1.45,13.18,13.24,23.92,0,15.76,0.82,35,0,unknown
0.12,12.58,6.96,19.13,0,12.89,0.18,20,0,traffic_light
1.12,9.1,0.67,12.38,0,96.71,0.77,30,0,bus_stop
2.12,5.4,9.81,16.87,0,570.33,0.81,20,0,school
6.98,16.02,5.66,29.72,0,388.22,0.15,30,0,school
1.54,12.9,2.99,26.08,0,0.0,42.32,45,0,bus_stop
12.58,9.86,6.47,0.16,0,0.0,19.73,20,0,traffic_light
0.48,4.61,6.73,16.49,0,0.0,44.12,45,0,school
4.33,16.79,1.26,27.68,0,0.0,43.22,50,0,unknown
21.37,2.84,13.35,25.93,0,0.0,28.88,45,0,traffic_light
10.12,5.89,7.09,26.56,0,0.0,42.64,45,0,unknown
5.98,11.09,6.27,15.6,0,0.0,29.63,45,0,unknown
6.36,17.8,7.14,12.44,0,0.0,23.21,30,0,traffic_light
6.67,0.01,17.98,3.1,0,0.0,20.61,40,0,bus_stop
1.09,1.39,0.13,27.88,0,0.0,30.0,30,0,traffic_light
0.55,4.98,17.41,19.3,0,0.0,19.45,30,0,school
43.04,48.68,17.72,276.09,0,0.0,20.42,35,0,unknown
19.01,2.94,5.63,25.14,0,27.35,0.36,30,0,unknown
1.06,4.07,7.08,19.2,0,0.0,20.17,20,3.83,traffic_light
24.14,8.19,0.73,22.26,0,0.0,35.22,50,0,unknown
2.98,9.77,11.3,9.37,0,0.0,25.72,30,0,bus_stop
6.72,6.85,10.86,1.15,0,455.99,0.34,35,0,school
2.33,12.95,10.17,29.65,0,591.81,0.42,20,0,depot
3.74,2.52,1.03,16.77,0,0.0,14.96,20,0,traffic_light
1.3,5.16,5.17,2.66,0,0.0,22.7,40,0,unknown
14.62,13.0,1.62,4.42,0,0.0,32.22,40,0,traffic_light
2.93,2.61,14.22,0.96,0,0.0,25.8,35,0,unknown
10.66,12.51,7.64,13.07,0,7.3,0.21,20,0,unknown
34.12,49.63,30.29,103.82,1,0.0,7.53,20,0,unknown
2.95,14.25,13.42,26.53,0,25.07,0.93,40,0,traffic_light
1.5,7.84,3.63,17.79,0,0.0,14.64,30,0,unknown
4.63,9.37,11.04,0.19,0,0.0,14.21,45,0,unknown
7.39,11.65,14.71,26.2,0,0.0,27.66,35,0,traffic_light
9.68,11.84,13.46,11.01,0,26.83,0.3,40,0,unknown
1.69,9.36,4.15,25.05,0,40.98,0.73,20,0,unknown
46.99,22.64,24.07,124.83,1,0.0,19.85,20,0,school
0.01,13.37,5.73,20.6,0,62.32,1.14,40,0,bus_stop
3.2,4.35,10.69,12.7,0,0.0,9.01,45,0,bus_stop
2.62,15.06,0.58,2.62,0,0.0,46.25,45,2.72,traffic_light
0.88,9.42,14.39,13.0,0,0.0,11.91,20,0,bus_stop
4.03,15.78,16.69,1.9,0,34.8,0.27,20,0,traffic_light
8.49,14.15,3.98,22.41,0,0.0,43.56,50,0,school
2.29,17.47,5.03,6.7,0,0.0,18.86,50,0,school
2.33,1.52,2.87,0.84,0,0.0,7.9,40,0,unknown
2.53,2.91,5.35,13.38,0,0.0,12.37,30,0,bus_stop
12.24,9.42,10.38,8.4,0,0.0,26.76,35,0,unknown
1.53,7.58,4.01,16.59,0,0.0,15.38,45,0,traffic_light
5.96,10.24,7.43,12.9,0,129.57,0.17,30,0,depot
4.14,1.0,10.65,22.37,0,0.0,16.86,35,0,depot
35,3.19,7.53,25.61,0,0.0,12.45,20,0,depot
23.87,16.68,11.78,8.33,0,0.0,22.45,20,1.3,bus_stop
18.05,1.16,11.98,23.24,0,0.0,32.04,30,3.75,unknown
7.74,6.35,14.42,15.99,0,0.0,30.96,30,1.11,school
0.21,2.86,5.76,14.57,0,0.0,9.25,45,0,traffic_light
13.34,4.41,2.13,20.11,0,0.0,23.41,45,0,school
2.99,7.87,3.99,27.61,0,0.0,11.24,50,0,school
4.95,10.58,15.09,0.55,0,0.0,29.96,35,0,bus_stop
8.43,12.06,14.23,14.36,0,0.0,23.06,50,0,unknown
62.59,54.64,74.18,10.21,0,72.62,0.67,35,0,school
9.55,0.04,11.16,19.64,0,0.0,37.4,40,0,bus_stop
5.59,2.45,4.88,15.8,0,0.0,16.76,20,0,school
16.12,13.88,1.58,4.13,0,82.14,1.09,40,0,unknown
11.71,14.0,5.25,8.66,0,0.0,39.73,50,0,unknown
12.45,1.31,11.14,29.11,0,190.64,0.7,45,0,school
7.18,11.94,14.4,18.29,0,0.0,41.44,50,0,school
10.89,0.4,7.2,8.48,0,0.0,12.44,20,0,traffic_light
18.65,11.99,6.8,28.58,0,106.32,0.65,30,0,school
2.82,14.63,14.4,25.7,0,0.0,10.97,45,0,depot
8.98,14.17,15.13,2.24,0,45.95,0.17,50,0,traffic_light
3.02,16.63,6.94,4.36,0,0.0,16.51,20,0,depot
2.97,14.17,9.81,19.58,0,0.0,30.55,35,0,unknown
12.46,11.11,6.51,19.75,0,0.0,11.78,40,0,depot
15.97,13.18,1.75,21.24,0,0.0,19.9,35,0,unknown
2.25,8.14,11.45,5.2,0,42.54,0.92,40,0,traffic_light
1.59,5.23,9.25,10.63,0,68.18,0.49,40,0,traffic_light
5.36,5.44,7.47,2.07,0,156.06,0.57,30,0,depot
3.17,13.82,3.34,8.06,0,0.0,10.61,20,0,traffic_light
0.36,12.17,13.24,20.6,0,0.0,38.18,40,0,traffic_light
0.69,8.19,6.16,26.95,0,0.0,17.7,35,0,traffic_light
0.76,6.35,11.63,18.46,0,5.11,0.11,35,0,traffic_light
4.72,8.38,14.77,11.59,0,0.0,13.51,30,0,traffic_light
4.59,16.72,1.44,12.11,0,61.62,0.43,35,0,traffic_light
0.68,0.58,17.51,4.9,0,228.65,0.94,20,0,bus_stop
7.49,14.48,9.24,0.23,0,0.0,37.36,50,0,bus_stop
12.77,0.02,1.79,13.57,0,215.59,0.79,35,0,bus_stop
6.41,1.85,14.49,5.62,0,37.43,0.92,30,0,unknown
9.22,11.1,17.48,16.07,0,19.98,0.88,20,0,traffic_light
2.77,11.2,4.94,25.52,0,65.0,1.01,30,0,traffic_light
2.48,10.19,11.11,10.03,0,0.0,19.79,50,0,school
14.27,4.83,9.46,2.98,0,43.69,0.3,40,0,traffic_light
2.21,10.56,8.26,13.57,0,0.0,26.47,40,0,traffic_light
18.62,11.94,14.96,28.46,0,0.0,12.92,30,0,unknown
3.84,1.16,14.08,16.94,0,0.0,18.86,35,0,depot
2.42,16.57,2.32,19.73,0,0.0,38.78,50,0,traffic_light
1.0,9.67,10.58,22.9,0,0.0,16.49,20,0,depot
7.17,6.23,9.52,5.36,0,0.0,12.57,45,0,traffic_light
0.06,6.83,12.75,3.59,0,79.02,1.18,50,0,bus_stop
8.67,10.08,9.74,7.76,0,0.0,18.69,20,0,unknown
9.89,7.2,13.99,16.54,0,27.86,0.62,40,0,traffic_light
8.77,12.07,8.89,28.98,0,272.02,0.72,30,0,school
79.78,86.66,15.05,1205.29,0,0.0,50.07,50,0.62,traffic_light
14.03,7.88,7.9,0.81,0,691.94,0.87,30,0,school
85.49,67.65,30.44,746.89,1,0.0,39.74,50,0,unknown
12.62,15.75,6.91,13.82,0,0.0,22.89,30,0,unknown
8.34,5.69,13.31,7.87,0,0.0,12.4,40,0,bus_stop
7.72,4.19,16.71,23.08,0,0.0,46.97,50,0,bus_stop
12.87,4.79,7.16,3.85,0,0.0,15.61,50,0,depot
2.09,17.0,3.35,1.63,0,40.5,0.49,45,0,traffic_light
10.11,0.99,10.32,9.77,0,0.0,52.31,50,0.72,school
5.41,12.63,4.88,0.6,0,0.0,29.84,35,0,traffic_light
0.53,11.35,7.98,18.61,0,14.75,0.86,40,0,unknown
2.08,17.61,7.58,18.31,0,0.0,15.39,30,0,school
11.29,16.95,5.23,7.59,0,23.41,0.8,30,0,traffic_light
69.11,66.81,67.4,669.72,1,0.0,36.09,35,3.98,unknown
23.21,2.94,11.7,25.71,0,20.65,1.2,20,0,traffic_light
2.05,16.98,12.12,19.74,0,40.2,0.34,30,0,unknown
0.23,12.92,9.97,7.31,0,0.0,28.68,50,0,traffic_light
3.34,14.73,13.78,10.18,0,0.0,9.33,45,0,unknown
5.25,0.82,8.15,12.11,0,204.17,0.46,35,0,school
54.52,94.12,33.43,1106.4,1,0.0,42.32,50,0,bus_stop
10.33,6.68,3.53,8.99,0,0.0,15.62,30,0,traffic_light
11.04,12.59,17.94,18.32,0,27.5,0.65,45,0,traffic_light
9.1,9.14,0.97,7.39,0,0.0,10.58,40,0,bus_stop
3.66,2.48,13.99,14.2,0,47.12,0.46,20,0,traffic_light
2.82,0.34,14.01,24.61,0,27.71,0.33,35,0,traffic_light
18.49,6.98,8.81,20.72,0,0.0,9.42,20,0,school
1.79,10.81,16.59,0.74,0,0.0,38.84,45,0,traffic_light
3.4,5.07,6.03,14.99,0,18.45,0.62,50,0,traffic_light
6.91,5.6,6.56,19.86,0,77.98,0.54,50,0,bus_stop
89.33,48.97,30.23,5.6,1,28.23,0.41,20,0,traffic_light
0.65,13.2,0.17,18.0,0,0.0,33.07,40,0,depot
0.42,12.05,16.69,26.15,0,0.0,39.86,40,0,unknown
0.48,3.62,11.46,28.49,0,142.52,1.0,50,0,depot
0.36,9.29,13.66,7.85,0,0.0,19.06,40,0,bus_stop
5.25,0.31,4.78,20.16,0,0.0,7.56,20,0,unknown
0.94,2.76,10.66,18.31,0,0.0,43.98,45,0,traffic_light
3.89,13.84,15.98,20.38,0,0.0,7.95,40,0,school
48.0,66.29,63.35,295.21,1,0.0,16.03,20,0,bus_stop
0.47,3.6,4.6,22.27,0,0.0,11.59,45,0,depot
1.88,5.77,3.25,13.94,0,14.22,0.39,50,0,unknown
19.52,10.45,5.38,10.22,0,0.0,36.77,40,0,depot
3.57,2.19,16.71,19.84,0,0.0,18.23,40,0,unknown
1.87,1.3,4.32,7.48,0,0.0,15.44,35,0,school
5.88,4.0,2.92,18.16,0,0.0,14.05,35,0,unknown
0.9,5.47,3.26,14.95,0,0.0,7.97,45,0,bus_stop
0.7,8.01,5.42,25.62,0,0.0,17.49,20,0,bus_stop
2.25,17.07,2.55,3.4,0,232.02,0.68,45,0,school
4.32,2.41,0.49,0.33,0,0.0,32.35,35,0,depot
0.91,3.99,5.97,10.95,0,75.83,0.1,45,0,bus_stop
2.57,13.01,5.83,0.23,0,0.0,22.05,20,0.54,unknown
5.64,13.26,4.39,24.59,0,27.21,0.15,45,0,unknown
2.37,14.53,11.91,22.01,0,0.0,10.88,30,0,traffic_light
0.46,2.25,0.23,10.03,0,0.0,22.91,45,0,traffic_light
5.03,7.22,2.03,20.96,0,0.0,30.59,45,0,depot
0.12,0.98,6.71,25.13,0,327.95,0.97,45,0,school
4.16,15.44,17.43,25.93,0,53.61,1.02,45,0,traffic_light
1.28,13.1,7.44,17.93,0,0.0,18.06,45,0,depot
0.03,8.52,7.42,10.09,0,0.0,15.44,30,0,unknown
36.37,26.52,21.95,334.6,1,0.0,45.42,45,0.12,bus_stop
6.22,8.2,0.81,24.36,0,18.12,0.51,40,0,traffic_light
2.42,16.52,6.04,8.3,0,100.83,0.47,45,0,bus_stop
1.35,2.96,9.13,26.56,0,22.16,0.43,50,0,traffic_light
7.24,2.29,0.02,28.2,0,0.0,17.77,50,0,traffic_light
7.26,15.8,9.83,14.75,0,0.0,42.58,50,0,school
39.11,9.23,21.77,64.83,1,0.0,25.28,50,0,bus_stop
71.18,61.41,57.25,227.86,1,0.0,13.36,35,0,school
24.53,15.63,3.06,23.47,0,0.0,23.55,45,0,school
9.6,11.24,2.39,0.38,0,0.0,25.54,40,0,traffic_light
1.65,0.47,0.15,26.56,0,25.94,0.37,50,0,traffic_light
27.09,0.32,0.05,24.5,0,0.0,20.76,30,0,school
3.85,11.48,11.58,25.51,0,0.0,22.26,20,1.82,unknown
6.07,12.83,8.26,27.12,0,0.0,27.88,30,0,school
9.09,7.29,0.68,3.69,0,0.0,11.93,30,0,traffic_light
0.32,0.92,7.3,14.64,0,14.25,0.13,40,0,unknown
50.83,14.96,54.22,106.36,1,0.0,25.59,50,0,bus_stop
2.49,0.35,13.37,1.38,0,0.0,33.25,40,0,school
4.73,15.93,2.89,18.41,0,0.0,13.24,30,0,school
3.56,4.27,8.46,0.78,0,42.91,0.84,50,0,unknown
18.24,5.82,12.46,14.72,0,0.0,27.92,50,0,traffic_light
1.31,14.25,3.65,20.19,0,37.24,0.9,45,0,traffic_light
5.55,16.19,16.18,22.22,0,0.0,31.96,35,0,bus_stop
1.14,13.17,10.61,13.28,0,466.68,0.1,30,0,depot
0.92,1.17,17.3,7.01,0,385.72,0.76,45,0,school
2.79,5.72,11.03,14.25,0,0.0,11.51,50,0,unknown
7.73,8.37,7.78,2.34,0,4.3,0.53,30,0,traffic_light
0.47,5.94,6.21,8.35,0,204.56,0.94,20,0,depot
7.36,13.91,17.98,25.11,0,154.34,0.49,35,0,bus_stop
4.13,6.95,12.57,3.26,0,36.02,0.46,40,0,unknown
0.77,3.99,17.5,19.32,0,0.0,16.33,50,0,depot
1.85,17.6,17.81,23.26,0,474.07,0.1,20,0,school
89.55,31.31,70.05,269.24,0,0.0,30.96,50,0,bus_stop
5.85,14.1,17.16,15.83,0,357.58,0.4,50,0,school
0.55,12.7,15.22,20.08,0,667.63,0.2,35,0,school
12.73,16.94,12.41,26.3,0,28.83,0.07,35,0,traffic_light
0.23,12.27,4.44,4.37,0,0.0,41.5,45,0,traffic_light
2.91,1.31,5.22,10.17,0,0.0,15.02,50,0,traffic_light
5.0,12.93,1.17,21.69,0,0.0,8.31,40,0,depot
2.04,13.32,5.78,20.73,0,0.0,8.17,50,0,school
3.77,9.67,8.41,21.15,0,0.0,36.17,35,2.08,bus_stop
72.51,75.74,64.72,9.56,1,43.22,0.45,45,0,traffic_light
4.24,16.96,3.25,21.46,0,0.0,10.96,45,0,traffic_light
4.9,6.41,9.16,21.0,0,0.0,30.0,45,0,bus_stop
0.41,16.11,16.5,11.48,0,0.0,20.7,30,0,bus_stop
11.53,8.47,11.5,16.04,0,0.0,14.32,30,0,school
15.51,2.9,13.54,21.89,0,0.0,12.33,40,0,bus_stop
9.53,14.75,12.18,21.12,0,451.69,1.0,40,0,school
7.24,15.55,9.74,25.47,0,216.63,0.39,45,0,depot
88.22,28.32,59.47,93.03,0,0.0,11.83,20,0,bus_stop
1.46,17.49,16.25,26.48,0,0.0,18.88,40,0,depot
7.04,1.88,13.54,16.66,0,0.0,7.98,20,0,depot
5.76,7.46,10.66,7.92,0,0.0,8.47,45,0,school
3.26,0.11,9.36,6.09,0,129.96,0.85,40,0,bus_stop
2.8,14.02,15.58,24.46,0,0.0,12.4,30,0,unknown
3.37,2.4,8.93,11.28,0,266.77,0.3,50,0,depot
8.2,13.05,14.13,12.35,0,44.35,0.37,35,0,unknown
0.39,4.07,1.79,14.87,0,0.0,32.83,45,0,school
9.53,7.5,9.81,22.19,0,0.0,33.52,50,0,unknown
5.26,17.2,8.77,13.44,0,0.0,11.48,30,0,traffic_light
2.99,1.83,11.84,0.23,0,0.0,10.92,20,0,traffic_light
19.39,16.47,2.4,8.33,0,15.46,0.52,20,0,traffic_light
3.64,17.77,3.88,23.8,0,0.0,14.54,30,0,traffic_light
0.87,0.77,11.14,22.5,0,0.0,33.11,50,0,bus_stop
1.91,13.66,11.63,28.89,0,0.0,28.42,40,0,traffic_light
7.19,6.5,15.92,18.96,0,0.0,18.8,30,0,traffic_light
13.74,15.94,14.23,1.2,0,5.7,0.03,30,0,unknown
19.67,2.04,10.67,17.71,0,47.93,0.61,45,0,traffic_light
9.53,0.3,0.56,28.07,0,247.4,1.05,45,0,school
2.1,14.76,7.92,5.27,0,0.0,37.75,35,2.08,bus_stop
5.99,9.48,14.15,5.1,0,0.0,30.63,45,0,traffic_light
3.93,0.28,0.45,23.42,0,0.0,17.78,40,0,unknown
7.89,1.75,11.49,24.77,0,0.0,15.77,45,0,bus_stop
15.95,6.94,15.14,23.42,0,13.86,0.56,20,0,traffic_light
3.2,3.05,4.6,28.09,0,27.17,0.09,30,0,traffic_light
15.11,2.72,9.7,2.11,0,50.36,1.04,40,0,traffic_light
0.85,1.7,14.6,19.79,0,80.85,1.07,30,0,unknown
3.35,3.88,13.82,18.38,0,0.0,30.45,35,0,bus_stop
3.04,3.01,13.14,16.63,0,157.87,1.14,45,0,depot
13.85,16.47,13.38,21.79,0,0.0,28.38,30,0,traffic_light
5.47,17.18,14.29,3.74,0,0.0,15.06,35,0,traffic_light
3.49,2.15,12.48,8.28,0,200.85,1.05,20,0,bus_stop
7.02,0.0,8.98,25.57,0,0.0,33.47,45,0,traffic_light
6.33,2.14,9.79,23.02,0,0.0,38.55,50,0,bus_stop
5.42,6.56,14.7,21.8,0,0.0,23.16,30,0,unknown
8.08,13.47,7.75,24.82,0,0.0,26.67,45,0,traffic_light
5.17,0.7,17.32,5.29,0,0.0,20.73,45,0,traffic_light
4.78,15.89,9.25,15.39,0,22.1,0.44,40,0,unknown
0.46,4.4,2.87,18.84,0,88.68,0.42,20,0,bus_stop
5.06,9.51,4.66,16.95,0,0.0,31.1,40,0,bus_stop
6.08,14.85,3.37,9.73,0,0.0,40.5,40,1.11,school
3.85,4.24,8.38,4.67,0,16.17,0.63,20,0,traffic_light
2.8,5.24,4.46,17.5,0,251.67,0.12,35,0,bus_stop
4.26,2.81,7.17,17.85,0,57.31,0.5,40,0,traffic_light
0.4,16.75,5.45,27.46,0,265.22,0.46,20,0,school
3.65,10.6,16.67,29.8,0,21.69,0.8,30,0,traffic_light
4.97,9.94,6.96,24.42,0,0.0,44.82,50,0,bus_stop
4.23,12.77,17.92,25.94,0,237.99,1.16,20,0,bus_stop
1.92,2.01,7.57,0.13,0,0.0,27.05,30,0,traffic_light
0.56,14.63,3.26,4.71,0,0.0,34.64,45,0,bus_stop
7.24,13.89,6.79,9.95,0,0.0,27.51,45,0,school
63.94,34.51,35.45,221.12,1,0.0,23.06,35,0,bus_stop
5.74,8.33,13.45,12.83,0,0.0,45.85,45,2.19,unknown
0.99,3.26,4.77,29.23,0,27.28,0.76,40,0,unknown
7.12,16.31,0.95,8.32,0,0.0,9.07,30,0,unknown
13.65,2.73,9.13,4.69,0,0.0,24.19,45,0,unknown
2.8,15.8,0.25,0.05,0,0.0,36.77,35,3.16,traffic_light
2.78,9.41,9.52,13.9,0,0.0,22.99,20,2.34,school
9.04,14.13,7.82,13.68,0,0.0,10.46,40,0,bus_stop
0.71,9.06,17.65,4.84,0,0.0,27.14,30,0,school
11.3,17.28,11.95,0.55,0,2.91,0.33,50,0,unknown
22.57,8.4,2.02,18.68,0,0.0,7.21,30,0,bus_stop
1.35,0.38,11.45,8.19,0,0.0,19.47,20,0,unknown
18.71,15.01,16.66,4.55,0,310.25,1.03,20,0,depot
4.6,13.77,4.13,4.38,0,0.0,23.98,40,0,unknown
4.45,15.48,12.65,8.09,0,0.0,26.73,45,0,school
2.28,3.57,0.88,22.91,0,0.0,24.78,35,0,traffic_light
7.73,16.01,12.27,26.96,0,14.66,0.33,45,0,traffic_light
5.37,16.75,6.75,17.28,0,0.0,13.06,45,0,depot
6.34,10.51,3.14,12.67,0,569.58,1.08,45,0,school
12.78,16.05,15.74,7.42,0,73.55,0.05,50,0,bus_stop
22.64,17.75,1.61,23.93,0,33.06,0.87,20,0,traffic_light
74.56,17.88,40.16,68.57,1,0.0,13.81,30,0,unknown
5.25,2.57,1.46,4.58,0,0.0,19.32,50,0,school
9.0,12.78,10.82,18.93,0,25.43,0.04,50,0,traffic_light
2.59,12.01,5.85,22.64,0,466.83,0.03,30,0,depot
0.14,14.35,12.67,5.65,0,0.0,43.54,45,0,unknown
35,6.11,13.56,13.46,0,0.0,37.46,45,0,traffic_light
8.48,3.61,5.19,17.44,0,0.0,20.11,30,0,school
0.81,13.5,4.38,8.33,0,0.0,14.86,20,0,unknown
15.48,2.69,12.99,3.26,0,0.0,49.65,50,0,unknown
1.63,10.4,11.03,21.52,0,0.0,26.89,45,0,traffic_light
5.13,14.53,7.9,2.53,0,0.0,11.74,35,0,school
3.61,0.05,11.86,14.14,0,106.26,1.17,50,0,bus_stop
2.73,8.07,8.06,21.78,0,374.95,0.33,30,0,depot
1.81,14.96,1.46,24.73,0,0.0,47.15,45,0.35,unknown
46.8,82.23,72.29,341.22,1,0.0,14.94,45,0,traffic_light
0.75,2.35,14.92,14.09,0,54.1,0.8,45,0,unknown
8.96,14.64,17.87,28.57,0,65.49,0.48,20,0,bus_stop
4.23,9.06,4.75,8.05,0,0.0,21.09,20,0.83,school
29.44,0.27,9.21,19.57,0,0.0,19.97,30,0,traffic_light
6.16,7.84,13.77,24.18,0,0.0,23.73,50,0,unknown
10.18,16.29,14.24,23.54,0,112.47,0.75,35,0,bus_stop
7.99,12.94,9.77,8.46,0,0.0,18.42,40,0,unknown
5.47,9.55,16.86,21.48,0,34.55,0.03,45,0,unknown
2.07,0.25,3.25,5.12,0,0.0,9.42,50,0,traffic_light
2.61,8.23,3.55,1.13,0,0.0,31.62,45,0,school
2.44,0.76,2.27,1.46,0,0.0,16.83,45,0,traffic_light
1.57,13.45,15.51,27.5,0,199.83,0.14,35,0,bus_stop
4.22,6.34,3.66,1.43,0,0.0,29.22,50,0,bus_stop
3.5,1.98,14.35,17.73,0,351.16,0.8,50,0,school
5.2,7.07,15.09,28.28,0,0.0,11.24,45,0,bus_stop
2.22,12.9,17.45,21.19,0,0.0,19.74,35,0,school
18.27,10.48,7.8,5.26,0,22.94,0.13,50,0,traffic_light
8.74,7.99,17.67,21.57,0,0.0,24.21,30,0,bus_stop
0.36,14.05,12.92,3.77,0,0.0,13.34,45,0,school
16.57,13.25,16.81,17.09,0,0.0,8.9,20,0,traffic_light
9.89,7.75,12.73,23.92,0,0.0,38.07,50,0,school
11.68,14.72,7.42,16.85,0,0.0,25.22,30,0,bus_stop
30.99,10.22,8.96,28.69,0,268.85,0.0,45,0,school
4.33,14.15,7.03,27.61,0,18.48,0.42,50,0,unknown
5.1,17.8,0.05,2.78,0,0.0,39.92,50,0,traffic_light
10.98,14.75,13.17,28.27,0,0.0,25.94,35,0,bus_stop
4.44,13.82,12.61,0.18,0,0.0,27.33,40,0,school
3.02,10.46,0.99,16.54,0,83.94,1.11,20,0,bus_stop
66.21,36.7,37.12,2.38,1,101.75,0.23,50,0,bus_stop
8.57,0.86,0.06,20.44,0,409.18,0.12,20,0,school
0.36,7.11,14.88,26.42,0,0.0,9.24,20,0,traffic_light
3.94,6.03,6.15,21.03,0,0.0,23.69,35,0,traffic_light
62.45,76.25,73.97,25.26,1,41.98,1.19,35,0,unknown
0.37,9.18,12.23,16.83,0,231.91,0.24,40,0,depot
85.68,51.7,38.57,658.85,1,0.0,45.88,50,0,unknown
29.93,5.5,9.65,14.55,0,0.0,43.97,45,0,unknown
2.21,14.24,4.38,29.44,0,76.61,1.18,30,0,unknown
0.68,12.55,14.1,9.6,0,63.31,0.77,30,0,unknown
9.31,0.49,3.36,25.99,0,0.0,16.66,45,0,school
12.05,11.74,10.09,23.35,0,0.0,31.58,40,0,traffic_light
8.1,15.46,12.5,5.78,0,0.0,8.99,35,0,depot
1.07,3.03,16.96,4.48,0,0.0,8.12,30,0,traffic_light
3.52,2.2,7.76,16.12,0,0.0,28.05,45,0,unknown
7.75,9.08,5.01,25.04,0,800.0,0.33,40,0,school
2.54,4.35,9.32,9.66,0,0.0,8.87,20,0,traffic_light
41.05,13.81,34.21,4.21,1,98.11,1.1,50,0,bus_stop
4.85,17.48,12.61,7.26,0,3.94,0.58,30,0,unknown
8.23,13.67,14.22,29.76,0,0.0,8.3,30,0,traffic_light
5.8,3.62,15.02,12.95,0,0.0,16.52,40,0,unknown
1.16,6.12,11.08,4.96,0,231.99,0.24,40,0,bus_stop
82.33,47.07,29.15,251.42,1,0.0,19.23,40,0,school
3.37,6.42,9.35,3.47,0,23.54,0.43,40,0,traffic_light
14.15,4.45,13.45,2.31,0,0.0,24.91,35,0,unknown
12.15,0.82,11.06,9.62,0,0.0,27.68,35,0,traffic_light
8.55,15.87,11.95,24.05,0,0.0,28.98,40,0,traffic_light
4.82,7.24,14.72,9.23,0,0.0,13.59,45,0,traffic_light
20.53,3.67,13.56,13.92,0,150.99,0.44,45,0,bus_stop
15.35,17.3,6.13,7.17,0,0.0,27.98,45,0,school
15.52,0.41,12.19,14.79,0,0.0,15.86,50,0,traffic_light
57.05,58.51,39.39,284.16,1,0.0,17.48,50,0,school
1.51,16.21,6.99,25.49,0,0.0,24.58,30,0,traffic_light
2.38,6.3,7.9,0.53,0,51.77,0.14,20,0,traffic_light
2.72,5.19,10.84,8.43,0,146.35,0.04,45,0,bus_stop
4.59,2.49,6.22,23.77,0,229.2,0.18,50,0,bus_stop
7.6,6.49,16.96,18.59,0,0.0,28.58,35,0,traffic_light
4.36,16.34,14.6,19.03,0,57.49,0.79,40,0,traffic_light
0.72,5.58,6.87,27.85,0,0.0,12.3,50,0,traffic_light
8.59,15.61,12.63,24.96,0,53.27,0.6,45,0,unknown
6.2,5.72,8.89,19.37,0,26.36,0.29,35,0,traffic_light
1.21,8.98,1.05,21.02,0,0.0,45.22,50,0,traffic_light
0.79,15.13,7.34,4.97,0,58.13,0.39,50,0,bus_stop
3.24,17.97,9.89,28.16,0,322.26,0.51,35,0,school
10.63,10.07,15.74,2.11,0,0.0,43.02,45,0,unknown
4.93,5.47,10.22,27.74,0,0.0,33.9,35,0,traffic_light
1.36,4.97,7.05,18.26,0,0.0,22.85,35,0,unknown
14.8,16.6,2.62,24.67,0,0.0,30.77,30,0.62,school
0.71,17.05,6.45,7.15,0,0.0,19.14,30,0,unknown
14.18,13.51,3.63,14.89,0,0.0,32.41,35,0,school
0.64,7.64,0.58,7.31,0,0.0,27.45,45,0,bus_stop
21.77,11.64,8.35,15.46,0,0.0,7.44,20,0,traffic_light
35,16.87,6.64,24.46,0,0.0,13.13,20,0,traffic_light
0.99,8.65,5.39,24.08,0,0.0,16.47,20,0,traffic_light
3.07,14.13,11.51,22.51,0,0.0,21.85,30,0,traffic_light
1.01,15.55,5.49,10.25,0,0.0,42.34,50,0,bus_stop
2.35,10.37,3.72,11.07,0,0.0,14.95,50,0,unknown
83.64,59.93,20.62,629.33,1,0.0,37.8,35,0.7,unknown
2.32,10.27,7.91,19.83,0,0.0,25.78,45,0,school
0.35,10.1,9.85,3.95,0,25.7,1.07,20,0,traffic_light
2.25,10.16,10.01,10.49,0,111.87,1.18,45,0,depot
4.22,14.21,8.23,26.44,0,174.51,0.42,45,0,bus_stop
1.35,10.04,9.01,17.95,0,11.4,1.19,30,0,unknown
0.24,12.03,3.83,13.76,0,0.0,17.7,20,0,traffic_light
0.14,7.75,0.82,16.09,0,0.0,20.49,20,2.9,bus_stop
10.91,1.68,16.63,9.4,0,161.03,0.93,50,0,school
4.59,12.96,1.79,26.39,0,223.37,0.48,45,0,bus_stop
6.45,7.45,16.41,12.26,0,8.91,0.06,40,0,traffic_light
7.09,0.08,1.3,13.47,0,146.31,0.42,20,0,school
4.04,9.81,0.12,7.27,0,207.68,0.49,30,0,depot
76.88,85.34,60.43,578.59,1,0.0,24.41,50,0,bus_stop
66.09,46.37,25.7,305.2,0,0.0,23.69,40,0,traffic_light
2.6,15.23,0.36,23.63,0,0.0,8.17,20,0,unknown
76.79,56.52,62.36,508.09,1,0.0,32.37,35,0,unknown
4.93,6.97,8.93,14.98,0,0.0,16.09,20,0,traffic_light
42.1,35.73,28.34,186.85,1,0.0,18.82,45,0,traffic_light
2.55,12.96,7.63,17.9,0,0.0,37.39,40,0,traffic_light
7.08,12.37,15.95,9.15,0,256.16,0.36,35,0,school
2.19,11.69,11.22,14.71,0,32.38,1.08,50,0,traffic_light
17.47,0.68,11.25,9.67,0,0.0,42.8,40,1.08,unknown
4.95,15.94,14.86,11.32,0,0.0,15.97,20,0,school
8.09,17.94,5.34,23.74,0,0.0,29.2,40,0,school
3.81,3.3,5.4,26.81,0,0.0,26.36,35,0,depot
1.27,5.93,0.95,22.63,0,54.57,0.38,20,0,unknown
12.04,16.75,17.88,1.35,0,0.0,21.28,20,3.34,traffic_light
1.93,3.41,0.21,18.19,0,435.88,0.03,35,0,depot
3.16,5.63,3.19,21.31,0,0.0,46.78,45,1.56,traffic_light
18.26,9.21,7.65,15.67,0,0.0,37.19,45,0,bus_stop
8.91,0.66,17.88,12.47,0,0.0,19.68,45,0,school
8.08,1.74,17.01,1.88,0,0.0,25.16,30,0,bus_stop
1.43,13.48,4.74,12.79,0,264.19,0.54,40,0,depot
2.36,10.0,1.74,25.04,0,0.0,17.74,45,0,traffic_light
8.45,7.22,8.83,23.87,0,0.0,11.75,50,0,unknown
17.03,15.76,1.06,13.19,0,153.88,0.99,30,0,bus_stop
33.72,31.06,41.83,9.64,1,103.42,1.12,30,0,bus_stop
11.5,15.48,6.95,23.61,0,424.43,0.46,45,0,depot
5.96,10.64,16.05,19.01,0,0.0,8.91,20,0,traffic_light
14.35,13.5,9.43,17.36,0,0.0,17.96,20,0,unknown
87.6,14.03,26.8,1.35,0,44.83,0.35,35,0,unknown
2.24,8.82,14.88,8.73,0,0.0,7.66,50,0,unknown
3.42,9.12,12.68,2.53,0,604.44,0.27,30,0,depot
0.9,3.05,4.07,16.32,0,97.33,1.11,50,0,bus_stop
0.09,8.33,4.34,3.63,0,0.0,21.79,40,0,depot
8.39,10.52,16.17,8.08,0,0.0,22.28,45,0,traffic_light
7.44,17.84,14.5,18.08,0,0.0,8.28,20,0,traffic_light
0.26,8.27,11.01,26.08,0,0.0,32.85,35,0,traffic_light
1.28,4.9,2.04,26.29,0,322.04,0.94,30,0,school
12.91,7.07,4.84,9.74,0,0.0,46.43,50,0,bus_stop
1.2,1.63,3.53,28.08,0,0.0,30.67,50,0,depot
11.47,14.57,6.87,8.5,0,0.0,10.45,45,0,unknown
71.01,87.25,45.59,988.06,1,0.0,40.77,45,0,unknown
2.01,14.19,6.05,0.67,0,0.0,8.75,50,0,unknown
4.69,14.03,15.43,5.52,0,0.0,23.97,40,0,traffic_light
60.91,32.75,31.59,335.64,0,0.0,36.89,35,2.86,bus_stop
1.7,2.31,6.15,21.87,0,335.93,0.71,40,0,depot
11.44,15.08,17.85,25.85,0,0.0,28.42,30,0,unknown
7.06,1.25,1.29,20.22,0,0.0,29.11,50,0,traffic_light
5.91,6.27,0.91,24.11,0,34.44,0.95,35,0,unknown
11.73,3.85,5.21,0.1,0,0.0,23.63,50,0,unknown
3.47,4.16,15.89,18.89,0,0.0,35.25,40,0,bus_stop
3.64,9.32,13.51,27.68,0,0.0,9.61,45,0,depot
6.42,13.17,4.36,4.12,0,156.39,0.14,35,0,school
9.04,2.99,16.53,13.65,0,0.0,14.16,35,0,unknown
3.37,10.33,11.98,2.14,0,0.0,20.79,20,3.6,traffic_light
2.19,14.66,7.0,6.35,0,22.48,0.07,30,0,unknown
56.31,56.42,61.86,596.72,1,0.0,38.07,50,0,traffic_light
3.37,0.94,15.29,23.6,0,0.0,18.93,45,0,bus_stop
35,3.93,2.97,2.03,0,0.0,11.38,40,0,bus_stop
3.94,4.55,2.19,22.35,0,0.0,16.24,30,0,unknown
3.54,9.0,12.56,1.92,0,0.0,31.69,50,0,traffic_light
9.12,11.77,1.72,26.04,0,0.0,49.91,50,0,bus_stop
2.01,0.05,14.42,15.15,0,0.0,7.69,35,0,unknown
6.52,8.09,5.48,19.69,0,552.16,0.61,45,0,school
4.51,13.02,9.01,3.74,0,9.23,0.74,45,0,traffic_light
7.16,10.85,12.53,22.13,0,0.0,34.82,45,0,unknown
12.14,1.95,13.95,20.26,0,350.2,1.14,45,0,school
5.37,11.8,7.98,24.04,0,18.0,0.93,30,0,unknown
11.0,7.15,17.59,15.35,0,0.0,33.75,50,0,depot
10.53,8.84,3.38,26.13,0,0.0,12.67,45,0,unknown
5.61,12.57,17.09,14.52,0,0.0,7.23,50,0,school
2.0,15.34,0.3,6.08,0,0.0,33.0,40,0,depot
7.41,16.01,13.72,3.76,0,27.78,1.04,30,0,traffic_light
1.28,3.84,5.62,16.35,0,57.97,0.55,30,0,traffic_light
4.37,6.65,10.68,28.55,0,0.0,41.56,45,0,bus_stop
7.6,12.31,11.01,6.81,0,0.0,20.99,30,0,traffic_light
20.53,16.69,13.37,21.74,0,0.0,8.78,20,0,traffic_light
39.65,21.89,19.73,1.76,1,287.89,0.29,40,0,school
8.35,14.93,7.11,15.05,0,0.0,8.01,45,0,unknown
6.47,10.45,16.88,11.74,0,134.39,0.63,40,0,bus_stop
2.15,3.33,0.31,24.23,0,0.0,30.58,35,0,bus_stop
3.83,17.63,5.29,26.35,0,0.0,14.11,50,0,unknown
7.67,11.61,16.88,0.49,0,0.0,19.45,35,0,depot
1.54,1.36,2.52,22.88,0,295.49,0.71,30,0,depot
4.11,0.54,4.64,3.14,0,0.0,19.69,30,0,traffic_light
1.76,10.55,14.63,3.92,0,0.0,48.68,50,0,unknown
7.23,0.7,5.74,19.91,0,169.51,1.0,35,0,bus_stop
12.67,15.55,6.19,15.65,0,0.0,8.39,20,0,unknown
2.01,8.33,16.35,6.18,0,0.0,11.5,45,0,depot
0.47,10.1,13.93,19.7,0,0.0,37.15,35,2.47,bus_stop
7.06,7.37,10.86,15.96,0,0.0,11.33,20,0,bus_stop
14.86,17.59,4.83,15.71,0,0.0,9.4,30,0,school
11.89,5.96,13.63,15.03,0,738.18,0.36,20,0,depot
5.69,5.75,13.5,0.64,0,81.36,0.51,40,0,bus_stop
49.93,93.85,54.06,418.18,1,0.0,16.04,35,0,traffic_light
1.02,15.36,5.05,25.26,0,0.0,42.93,40,2.54,traffic_light
0.17,6.08,6.39,23.66,0,24.34,0.44,20,0,traffic_light
0.75,8.85,1.98,13.32,0,0.0,23.04,30,0,depot
1.23,0.64,4.9,27.08,0,0.0,27.07,30,0,traffic_light
7.05,4.01,9.51,11.2,0,13.93,0.28,45,0,traffic_light
11.86,12.73,8.02,12.9,0,20.85,0.19,30,0,unknown
2.56,7.11,11.55,16.6,0,0.0,10.9,50,0,bus_stop
17.47,7.96,3.41,9.85,0,0.0,10.67,35,0,depot
2.93,5.62,0.72,17.46,0,0.0,40.26,45,0,bus_stop
2.07,8.73,1.48,1.43,0,0.0,18.89,35,0,traffic_light
1.46,10.87,3.83,0.24,0,159.74,0.21,45,0,depot
7.11,9.54,10.73,29.26,0,250.56,0.2,50,0,school
38.83,99.19,30.36,257.93,1,0.0,9.36,35,0,bus_stop
15.61,16.58,13.51,13.36,0,0.0,45.61,50,0,traffic_light
16.39,0.74,17.47,3.07,0,0.0,16.94,35,0,unknown
28.69,13.55,43.45,151.33,1,0.0,40.2,45,0,unknown
3.28,5.91,3.61,18.15,0,0.0,22.34,35,0,unknown
0.91,1.97,9.6,28.23,0,0.0,12.37,40,0,depot
3.32,16.79,11.56,7.73,0,0.0,12.48,30,0,school
3.04,9.88,15.98,17.64,0,0.0,17.0,50,0,school
3.03,16.39,17.82,8.78,0,0.0,28.91,35,0,unknown
5.57,7.13,10.29,29.87,0,0.0,37.94,35,3.56,unknown
10.26,8.65,6.67,6.32,0,21.28,0.31,35,0,traffic_light
2.21,14.16,3.71,5.22,0,57.95,0.88,40,0,traffic_light
4.36,9.33,11.52,2.58,0,228.82,1.12,35,0,school
2.25,9.9,10.68,19.89,0,0.0,23.45,30,0,unknown
3.11,4.71,9.41,15.21,0,0.0,14.11,30,0,traffic_light
0.29,10.33,8.85,3.7,0,0.0,20.98,20,1.63,traffic_light
15.77,11.88,13.65,22.64,0,0.0,30.97,45,0,unknown
6.81,9.34,15.77,27.1,0,0.0,22.9,35,0,school
8.15,12.55,10.83,21.67,0,0.0,30.48,50,0,school
90.61,87.32,47.37,3.24,1,97.02,0.13,45,0,bus_stop
3.47,8.63,8.69,7.0,0,0.0,19.24,40,0,school
64.46,35.44,71.27,89.82,0,0.0,9.12,45,0,bus_stop
78.35,37.87,36.62,2.07,1,395.3,0.2,30,0,school
26.48,9.53,8.81,13.16,0,0.0,23.07,35,0,unknown
1.77,9.59,17.72,13.55,0,0.0,41.52,40,3.08,traffic_light
0.03,10.21,2.72,2.8,0,394.15,0.86,20,0,school
3.26,6.6,2.48,29.51,0,0.0,12.54,20,0,depot
7.62,12.41,1.27,12.72,0,15.02,0.63,30,0,traffic_light
2.52,8.54,6.38,19.15,0,18.45,0.7,30,0,traffic_light
0.82,14.13,15.52,27.88,0,0.0,22.84,35,0,school
0.04,11.84,10.95,21.03,0,0.0,25.7,40,0,unknown
1.8,10.44,17.89,3.58,0,0.0,17.85,30,0,traffic_light
3.56,11.65,15.09,4.75,0,0.0,25.34,30,0,traffic_light
61.61,56.34,24.86,295.52,1,0.0,18.88,30,0,depot
25.88,8.18,4.35,22.83,0,0.0,12.48,20,0,depot
4.95,3.72,9.42,19.59,0,0.0,16.66,20,0,depot
12.88,11.54,17.18,14.79,0,0.0,30.49,50,0,bus_stop
3.05,1.42,14.6,24.97,0,0.0,26.27,30,0,bus_stop
6.72,17.01,0.65,28.15,0,0.0,13.28,20,0,bus_stop
8.74,9.58,9.16,2.66,0,0.0,7.75,30,0,depot
13.06,17.4,15.64,20.1,0,0.0,39.09,45,0,unknown
13.42,1.61,2.56,24.96,0,0.0,13.92,35,0,school
7.75,15.59,9.85,8.93,0,0.0,26.79,35,0,depot
8.92,1.7,9.45,19.16,0,0.0,11.99,35,0,unknown
25.69,10.9,17.92,7.39,0,22.78,0.97,20,0,unknown
1.16,16.18,2.35,29.05,0,206.32,0.27,35,0,school
6.88,11.86,6.31,4.56,0,38.57,0.11,30,0,unknown
51.39,97.87,57.18,223.79,1,0.0,8.23,20,0,bus_stop
13.28,12.0,12.08,11.82,0,23.54,0.02,50,0,traffic_light
1.32,17.47,14.63,9.7,0,0.0,45.6,45,3.88,depot
1.42,17.93,10.72,24.4,0,0.0,9.99,45,0,traffic_light
11.9,7.06,1.4,23.02,0,0.0,25.12,35,0,unknown
0.29,12.55,2.43,22.45,0,0.0,12.56,50,0,school
8.46,2.71,6.67,18.19,0,286.92,0.68,35,0,school
0.13,5.85,8.24,23.15,0,0.0,28.4,45,0,school
2.95,11.27,5.88,18.69,0,0.0,35.91,35,2.85,bus_stop
37.22,41.24,21.15,108.38,1,0.0,9.46,45,0,unknown
1.61,9.1,15.29,7.04,0,44.43,0.55,20,0,traffic_light
57.9,88.23,28.71,704.64,0,0.0,28.75,50,0,school
1.01,13.58,13.82,1.63,0,0.0,28.19,35,0,school
1.69,2.23,15.93,25.46,0,66.94,0.77,40,0,unknown
1.52,6.08,14.79,20.54,0,0.0,26.85,35,0,traffic_light
22.73,8.25,16.23,26.9,0,0.0,9.3,45,0,unknown
23.52,2.05,3.67,0.89,0,97.5,0.38,20,0,bus_stop
3.23,1.21,4.74,17.12,0,0.0,40.06,40,0.46,traffic_light
9.73,17.81,2.82,4.84,0,0.0,21.6,40,0,bus_stop
5.24,17.44,16.53,8.41,0,0.0,34.37,45,0,school
11.71,0.57,1.19,20.53,0,364.95,0.39,45,0,school
12.75,0.96,6.17,12.75,0,0.0,12.3,20,0,unknown
11.1,15.61,4.5,10.71,0,0.0,32.55,50,0,school
2.72,13.32,9.98,27.49,0,21.41,0.38,50,0,traffic_light
2.83,3.36,16.07,17.18,0,666.08,0.62,35,0,school
7.51,7.64,17.96,13.19,0,52.92,0.32,35,0,traffic_light
0.84,8.36,16.68,23.49,0,0.0,9.86,45,0,traffic_light
16.82,3.26,15.51,15.81,0,125.39,0.51,50,0,school
6.2,8.6,7.84,10.15,0,41.51,0.59,50,0,traffic_light
10.51,11.07,6.38,6.38,0,0.0,8.19,45,0,bus_stop
2.99,2.24,2.76,15.44,0,0.0,10.59,20,0,bus_stop
9.2,2.51,3.08,11.42,0,0.0,10.07,50,0,traffic_light
2.82,11.81,8.53,2.52,0,60.07,0.69,45,0,unknown
11.01,3.87,14.18,17.14,0,0.0,10.61,20,0,school
11.06,13.9,0.91,2.31,0,0.0,45.72,45,2.96,traffic_light
2.37,10.94,0.0,9.87,0,0.0,24.74,50,0,school
57.21,14.05,62.1,3.22,1,317.64,0.83,20,0,depot
16.84,4.9,13.75,27.53,0,147.42,0.37,45,0,bus_stop
5.41,4.79,4.26,28.15,0,0.0,25.98,40,0,traffic_light
63.9,80.14,53.45,387.08,0,0.0,17.39,20,0,bus_stop
3.13,1.41,9.73,16.63,0,0.0,19.22,35,0,traffic_light
2.03,2.97,14.87,2.5,0,325.26,1.08,50,0,depot
76.8,73.65,73.1,8.3,0,13.34,0.41,20,0,traffic_light
5.63,5.24,12.72,1.58,0,139.9,0.95,40,0,bus_stop
2.21,10.5,16.44,19.76,0,0.0,26.63,35,0,school
3.95,5.03,11.82,1.49,0,0.0,35.45,40,0,unknown
11.49,6.28,0.02,22.33,0,29.75,1.01,35,0,traffic_light
0.27,4.77,14.24,11.28,0,0.0,17.98,50,0,traffic_light
0.39,16.55,17.32,14.11,0,0.0,10.96,20,0,unknown
7.14,6.33,8.32,10.71,0,90.74,0.76,35,0,bus_stop
0.12,7.14,16.12,5.89,0,0.0,11.34,40,0,bus_stop
5.11,6.82,1.42,15.08,0,47.17,0.53,40,0,traffic_light
9.54,16.79,16.25,19.07,0,0.0,27.73,40,0,traffic_light
4.42,16.04,1.64,2.92,0,0.0,13.49,20,0,traffic_light
1.31,1.73,5.77,7.13,0,0.0,23.6,50,0,traffic_light
0.99,12.98,16.38,24.28,0,0.0,19.69,35,0,traffic_light
6.45,0.4,6.34,21.62,0,0.0,15.68,30,0,bus_stop
15.67,3.66,6.26,25.15,0,0.0,39.98,45,0,traffic_light
11.9,10.58,11.28,15.89,0,27.78,0.71,30,0,traffic_light
0.2,2.37,17.72,19.91,0,0.0,7.37,40,0,traffic_light
1.45,14.33,17.15,10.23,0,0.0,32.56,45,0,traffic_light
0.63,17.63,17.96,6.82,0,0.0,20.79,20,1.96,bus_stop
7.98,16.19,7.96,23.5,0,0.0,22.49,20,1.19,depot
2.05,1.01,15.85,24.11,0,0.0,32.08,35,0,bus_stop
7.36,10.37,9.84,12.33,0,0.0,16.78,35,0,unknown
2.01,3.9,6.52,18.57,0,0.0,28.49,35,0,depot
5.05,5.67,4.59,10.76,0,0.0,13.06,35,0,traffic_light
3.7,15.27,10.28,10.52,0,0.0,9.02,40,0,traffic_light
10.07,1.69,17.85,29.01,0,18.81,0.19,20,0,unknown
4.19,14.98,16.52,4.51,0,0.0,22.0,20,1.25,traffic_light
7.32,7.72,5.11,16.46,0,0.0,26.72,50,0,school
21.84,2.58,8.95,9.43,0,0.0,18.85,45,0,unknown
4.45,9.14,14.7,29.56,0,0.0,22.97,30,0,school
6.63,12.84,8.02,3.88,0,0.0,20.29,45,0,unknown
1.25,3.49,12.99,0.72,0,0.0,11.87,35,0,traffic_light
9.94,0.1,11.62,29.62,0,106.86,0.79,40,0,bus_stop
7.67,2.97,6.41,7.34,0,0.0,15.71,50,0,unknown
9.93,3.04,16.54,23.56,0,0.0,9.92,40,0,unknown
17.27,10.27,4.33,26.95,0,0.0,23.31,35,0,unknown
0.26,2.53,4.94,6.99,0,0.0,14.19,45,0,traffic_light
1.05,2.45,4.63,17.84,0,0.0,29.49,30,0,unknown
3.28,10.84,6.82,10.67,0,44.71,0.03,20,0,unknown
5.51,7.83,14.27,10.49,0,0.0,8.89,20,0,depot
0.82,8.75,15.48,29.26,0,0.0,9.26,50,0,bus_stop
0.3,15.23,11.74,27.29,0,41.65,0.28,50,0,traffic_light
0.31,14.07,13.93,9.54,0,0.0,16.34,50,0,depot
17.76,8.38,11.46,28.71,0,0.0,45.21,45,1.92,school
23.04,11.59,3.17,14.54,0,0.0,34.25,50,0,depot
8.2,1.54,4.46,21.54,0,0.0,8.79,20,0,school
8.24,3.15,9.62,13.55,0,0.0,13.67,20,0,bus_stop
5.54,8.63,11.2,27.11,0,0.0,22.78,35,0,traffic_light
4.69,1.13,0.11,3.27,0,0.0,15.72,45,0,traffic_light
7.66,10.34,17.68,15.48,0,0.0,34.05,35,0,unknown
5.65,5.12,6.2,19.65,0,18.88,0.84,35,0,unknown
8.15,16.24,12.9,12.39,0,284.89,0.56,20,0,school
9.43,17.78,5.0,5.63,0,37.88,0.58,30,0,bus_stop
0.26,16.95,9.46,16.45,0,0.0,10.6,35,0,unknown
9.53,6.22,16.99,17.05,0,0.0,19.55,45,0,unknown
11.78,3.81,9.3,10.96,0,54.65,0.5,45,0,unknown
8.88,11.53,16.86,24.63,0,174.82,0.18,40,0,bus_stop
4.33,1.02,13.65,12.78,0,0.0,9.55,30,0,traffic_light
9.01,12.1,5.44,21.81,0,216.14,0.66,20,0,bus_stop
0.25,4.43,7.64,29.45,0,0.0,10.75,20,0,unknown
5.79,4.4,3.59,7.58,0,0.0,14.98,50,0,traffic_light
3.78,14.25,7.16,17.8,0,0.0,8.02,45,0,school
3.99,16.26,7.42,19.86,0,0.0,16.07,20,0,school
11.34,14.58,16.67,29.68,0,0.0,42.23,50,0,traffic_light
3.7,9.04,16.6,4.93,0,0.0,18.2,35,0,depot
6.39,12.06,8.3,2.13,0,0.0,32.2,45,0,school
1.86,11.46,0.86,0.51,0,0.0,26.51,40,0,depot
1.86,10.75,14.57,7.39,0,47.46,0.25,30,0,bus_stop
0.62,3.86,9.75,18.66,0,0.0,13.65,50,0,bus_stop
0.7,17.92,1.42,8.41,0,0.0,12.55,35,0,school
6.81,3.8,12.2,22.05,0,0.0,19.4,45,0,traffic_light
6.75,5.43,6.97,16.23,0,0.0,9.54,35,0,unknown
2.62,6.13,16.16,12.56,0,126.23,1.02,35,0,depot
13.86,8.4,0.26,26.62,0,40.51,1.0,50,0,school
4.54,15.42,11.94,3.89,0,0.0,21.28,20,0.11,school
3.32,0.13,16.34,7.92,0,45.9,1.17,35,0,unknown
11.87,7.07,8.31,6.52,0,66.45,0.88,20,0,bus_stop
20.45,5.77,11.82,16.94,0,0.0,42.61,50,0,traffic_light
0.52,17.41,3.96,27.95,0,0.0,19.56,50,0,depot
8.33,10.78,12.43,23.75,0,9.23,0.19,30,0,unknown
66.46,87.44,22.86,394.8,0,0.0,16.25,20,0,bus_stop
1.66,16.54,14.62,9.75,0,0.0,26.86,30,0,traffic_light
2.24,8.18,9.43,28.79,0,26.23,0.5,50,0,unknown
11.73,4.06,9.22,15.8,0,0.0,26.06,40,0,school
5.16,5.28,2.75,12.37,0,0.0,7.11,45,0,traffic_light
0.28,5.88,17.42,16.42,0,0.0,7.5,40,0,traffic_light
8.15,15.63,17.55,19.05,0,0.0,28.08,45,0,traffic_light
10.8,7.42,10.64,1.93,0,0.0,19.07,30,0,school
0.82,12.52,11.17,15.06,0,78.11,1.11,50,0,depot
0.74,9.88,12.21,20.16,0,0.0,28.7,50,0,school
65.08,66.75,42.56,446.82,1,0.0,24.1,40,0,traffic_light
11.01,9.6,5.89,2.09,0,0.0,35.04,40,0,unknown
12.04,9.19,15.91,3.36,0,0.0,30.28,30,1.8,depot
22.05,4.78,13.46,25.22,0,0.0,20.09,50,0,traffic_light
3.16,5.0,4.43,15.38,0,0.0,17.92,40,0,depot
2.15,8.89,1.7,19.06,0,272.56,1.17,45,0,school
18.96,7.65,12.49,17.69,0,0.0,11.49,20,0,depot
53.54,54.61,62.5,13.3,1,405.59,0.88,35,0,school
0.05,16.94,8.76,28.11,0,0.0,18.9,40,0,traffic_light
7.03,6.25,4.5,7.38,0,0.0,12.79,45,0,traffic_light
1.58,10.2,6.11,15.98,0,232.29,0.63,50,0,depot
9.25,4.72,3.25,13.37,0,0.0,16.62,35,0,traffic_light
2.2,10.66,0.66,24.46,0,0.0,14.36,20,0,depot
5.37,13.71,13.23,4.56,0,0.0,12.46,20,0,unknown
2.18,16.9,10.06,6.26,0,0.0,12.9,45,0,traffic_light
6.4,1.45,13.48,12.44,0,0.0,19.78,20,0,unknown
1.14,17.49,10.74,3.37,0,0.0,10.96,30,0,school
8.11,16.22,17.63,11.67,0,0.0,33.36,45,0,traffic_light
4.56,10.4,8.87,16.64,0,0.0,34.43,35,0,school
11.88,13.7,10.15,22.45,0,0.0,20.47,50,0,unknown
15.07,4.88,11.94,2.81,0,0.0,29.67,40,0,unknown
10.29,6.47,1.53,3.92,0,0.0,18.41,20,0,bus_stop
8.88,15.18,13.18,18.37,0,0.0,39.61,45,0,unknown
13.8,17.48,14.97,2.24,0,0.0,42.25,40,2.56,school
16.02,16.15,9.07,27.25,0,37.87,0.36,50,0,traffic_light
4.64,3.35,12.4,17.58,0,0.0,7.47,20,0,school
0.8,2.12,3.56,18.13,0,0.0,19.79,30,0,depot
0.57,10.72,3.7,29.85,0,15.94,0.9,20,0,traffic_light
6.45,5.98,12.89,12.19,0,0.0,22.23,40,0,school
20.21,16.28,9.87,16.47,0,55.55,1.03,45,0,unknown
29.91,14.31,5.6,29.77,0,0.0,13.34,35,0,school
55.07,47.11,63.74,259.62,1,0.0,19.84,30,0,traffic_light
12.0,9.92,6.81,0.23,0,0.0,9.24,20,0,traffic_light
0.7,7.28,10.32,12.39,0,0.0,13.52,20,0,school
0.01,8.7,6.66,3.27,0,17.43,1.03,40,0,traffic_light
5.91,3.52,15.88,0.17,0,4.74,1.14,35,0,unknown
12.99,2.24,1.75,26.3,0,0.0,16.45,40,0,traffic_light
0.57,6.49,0.71,3.28,0,0.0,27.44,45,0,school
6.71,14.85,13.02,23.11,0,0.0,16.32,20,0,depot
25.24,14.47,4.0,18.57,0,24.06,0.25,45,0,traffic_light
22.55,5.95,9.97,15.2,0,51.37,0.01,50,0,unknown
1.37,5.52,4.62,4.89,0,0.0,20.93,45,0,traffic_light
5.85,14.55,14.06,6.36,0,271.2,0.82,40,0,depot
2.78,9.14,5.4,10.81,0,0.0,43.59,45,0,bus_stop
6.37,2.19,17.15,19.84,0,0.0,41.63,40,1.11,bus_stop
0.3,13.71,17.34,10.41,0,0.0,19.82,45,0,traffic_light
0.49,16.74,11.52,18.11,0,0.0,37.86,35,3.23,school
12.3,3.65,11.18,10.81,0,69.48,0.15,45,0,unknown
3.51,12.57,2.67,3.68,0,0.0,46.16,50,0,school
10.75,15.33,14.65,8.15,0,0.0,17.17,35,0,unknown
7.12,11.26,9.14,12.76,0,0.0,7.01,35,0,bus_stop
12.9,0.26,2.57,19.65,0,0.0,17.41,20,0,school
3.77,7.65,16.98,7.25,0,0.0,35.22,40,0,unknown
7.99,1.51,2.23,11.86,0,0.0,17.07,35,0,traffic_light
11.26,17.33,5.82,20.43,0,0.0,16.48,45,0,school
7.01,3.4,8.24,25.99,0,0.0,28.46,50,0,bus_stop
6.4,9.89,4.64,28.05,0,455.84,0.82,20,0,depot
0.01,0.83,13.88,2.62,0,0.0,35.63,35,0.62,depot
2.97,13.15,17.65,25.67,0,0.0,24.09,40,0,unknown
3.66,1.53,7.63,9.23,0,58.95,0.56,20,0,bus_stop
2.39,0.71,15.56,20.52,0,0.0,8.63,20,0,traffic_light
29.93,13.57,8.03,24.32,0,33.69,0.58,40,0,unknown
0.41,5.5,17.59,0.79,0,0.0,17.11,45,0,traffic_light
11.1,3.32,1.05,25.06,0,0.0,12.57,20,0,traffic_light
0.1,17.19,3.84,2.47,0,0.0,20.09,45,0,school
0.83,14.01,4.46,15.4,0,37.3,0.58,20,0,school
6.64,7.93,4.56,0.74,0,0.0,8.47,20,0,traffic_light
0.49,9.48,12.84,18.07,0,645.52,0.96,50,0,school
2.53,14.2,4.63,2.53,0,79.01,0.21,30,0,bus_stop
4.31,17.24,0.97,6.71,0,0.0,19.1,20,0,school
6.04,12.93,6.62,0.34,0,116.44,0.51,30,0,bus_stop
20.48,2.12,4.0,4.43,0,0.0,27.35,40,0,traffic_light
7.63,11.99,10.61,15.07,0,29.95,0.87,30,0,traffic_light
0.7,8.09,8.68,0.32,0,0.0,9.5,30,0,bus_stop
16.21,17.24,17.54,25.26,0,0.0,23.74,35,0,bus_stop
23.73,1.48,2.67,15.32,0,343.13,1.16,20,0,depot
0.07,12.01,6.59,0.93,0,0.0,12.59,30,0,bus_stop
8.49,6.34,13.27,26.94,0,38.27,1.12,35,0,traffic_light
0.85,4.34,4.21,22.99,0,0.0,26.39,30,0,depot
12.37,3.73,8.94,15.84,0,0.0,16.73,30,0,traffic_light
0.8,11.35,4.79,14.29,0,53.96,0.09,50,0,unknown
13.62,13.57,5.58,26.95,0,0.0,10.22,20,0,school
4.15,1.09,16.4,6.05,0,51.89,0.54,30,0,unknown
2.85,8.29,4.29,1.18,0,0.0,12.53,40,0,bus_stop
4.32,11.75,15.5,19.78,0,170.94,0.58,20,0,bus_stop
1.89,4.26,8.3,13.04,0,0.0,13.7,20,0,unknown
0.1,13.84,17.5,24.02,0,0.0,15.88,30,0,school
2.88,7.64,16.43,0.61,0,0.0,37.27,50,0,unknown
8.72,13.82,13.43,16.65,0,0.0,10.45,40,0,school
2.9,17.46,5.41,15.19,0,0.0,29.01,30,0,school
7.85,5.7,4.62,3.39,0,0.0,16.28,40,0,bus_stop
9.05,13.78,1.1,25.37,0,18.23,0.3,30,0,traffic_light
11.16,5.86,7.66,4.39,0,0.0,9.02,40,0,unknown
50.49,48.77,68.77,239.5,1,0.0,17.68,20,0,traffic_light
5.63,8.57,1.97,27.12,0,0.0,23.99,30,0,traffic_light
3.75,12.75,12.39,25.18,0,0.0,15.78,20,0,traffic_light
13.77,3.3,6.76,6.22,0,0.0,24.08,45,0,traffic_light
69.42,52.28,52.57,16.71,1,37.11,1.15,30,0,traffic_light
71.33,96.6,55.06,2.28,0,100.08,0.08,40,0,bus_stop
3.01,5.18,8.73,26.05,0,54.43,0.23,40,0,traffic_light
12.63,11.58,13.35,29.52,0,0.0,14.46,45,0,unknown
4.18,17.86,10.0,19.74,0,0.0,9.23,45,0,unknown
12.2,0.53,1.26,11.27,0,94.31,0.77,35,0,bus_stop
11.85,11.54,9.07,28.25,0,0.0,34.57,40,0,depot
2.63,6.7,5.69,0.49,0,0.0,7.85,30,0,traffic_light
2.15,15.38,6.95,28.74,0,271.61,0.55,30,0,school
2.14,14.43,9.81,16.83,0,0.0,8.96,20,0,bus_stop
4.85,0.22,4.2,21.12,0,0.0,44.12,45,0,traffic_light
2.15,6.55,9.54,15.03,0,0.0,38.84,40,0,unknown
3.33,2.45,4.5,22.33,0,17.12,0.17,45,0,traffic_light
17.17,16.72,16.59,23.2,0,34.65,0.34,30,0,bus_stop
0.65,14.28,1.87,23.63,0,0.0,30.89,40,0,unknown
7.08,14.07,2.76,23.42,0,110.89,0.43,35,0,bus_stop
3.35,17.51,6.4,21.97,0,0.0,44.07,50,0,bus_stop
11.83,15.43,13.97,28.23,0,0.0,15.45,45,0,bus_stop
15.06,11.21,13.15,28.19,0,0.0,9.76,40,0,bus_stop
5.61,1.14,3.13,26.51,0,0.0,13.81,20,0,depot
11.82,16.09,13.04,19.4,0,0.0,11.15,20,0,bus_stop
7.76,10.34,12.4,16.19,0,0.0,11.37,50,0,bus_stop
9.02,2.05,13.08,23.85,0,45.02,0.89,40,0,unknown
5.46,0.7,4.01,12.71,0,0.0,41.7,40,1.39,depot
0.1,6.45,9.15,27.34,0,0.0,42.79,45,0,unknown
3.58,16.34,6.03,17.88,0,0.0,13.11,50,0,traffic_light
35,3.69,7.74,19.45,0,0.0,10.92,40,0,depot
1.95,11.26,15.4,3.79,0,0.0,18.05,35,0,bus_stop
5.3,8.87,6.33,6.98,0,27.51,1.15,40,0,traffic_light
33.15,7.2,12.87,11.03,0,0.0,10.12,45,0,bus_stop
17.74,16.94,12.91,11.06,0,0.0,15.33,20,0,depot
0.63,4.66,1.33,23.75,0,0.0,10.05,20,0,school
2.46,6.07,3.28,6.7,0,0.0,28.16,35,0,unknown
68.28,96.71,44.15,699.8,1,0.0,26.05,35,0,unknown
5.46,5.87,10.55,26.8,0,19.73,0.8,20,0,unknown
63.84,47.13,30.27,231.42,0,0.0,17.68,45,0,bus_stop
0.72,10.0,5.74,0.97,0,147.76,0.3,45,0,bus_stop
7.16,3.21,0.32,8.13,0,0.0,22.5,30,0,traffic_light
13.07,11.26,16.65,20.61,0,19.19,0.48,40,0,unknown
12.82,2.34,0.48,28.7,0,0.0,9.79,20,0,traffic_light
0.08,11.44,9.9,25.15,0,274.08,0.21,20,0,school
85.75,26.21,34.81,5.76,0,422.23,0.79,30,0,school
4.22,1.11,11.14,27.12,0,0.0,42.89,50,0,school
88.08,15.83,21.42,84.33,1,0.0,19.18,20,0,traffic_light
0.7,12.05,0.01,26.4,0,137.87,0.98,45,0,bus_stop
28.08,3.67,2.24,24.83,0,0.0,14.36,20,0,bus_stop
25.96,6.08,13.25,8.49,0,49.17,0.2,35,0,traffic_light
49.56,92.63,48.32,8.48,0,348.45,0.33,50,0,school
3.23,8.45,6.92,8.71,0,0.0,35.29,40,0,school
1.24,7.33,4.1,1.88,0,0.0,16.53,35,0,bus_stop
1.79,4.11,9.78,12.59,0,0.0,39.75,50,0,unknown
3.78,8.19,9.47,22.28,0,0.0,13.32,20,0,traffic_light
4.85,16.14,1.51,26.29,0,687.23,0.0,45,0,depot
10.19,7.84,10.3,28.72,0,40.94,0.57,20,0,unknown
10.36,3.52,12.61,7.38,0,165.33,0.14,20,0,bus_stop
28.68,6.43,6.94,23.46,0,48.14,0.17,35,0,unknown
2.66,3.55,14.48,3.2,0,0.0,27.37,40,0,traffic_light
0.42,0.09,17.46,11.98,0,0.0,16.43,40,0,bus_stop
6.21,10.02,9.04,2.35,0,0.0,11.27,35,0,school
1.96,16.82,8.42,8.74,0,0.0,42.91,40,1.81,bus_stop
0.08,8.73,3.85,25.22,0,0.0,15.08,20,0,bus_stop
13.94,2.25,2.19,27.67,0,21.82,0.01,20,0,unknown
4.11,15.38,15.65,22.05,0,0.0,15.09,35,0,depot
0.24,3.78,6.52,29.1,0,0.0,21.46,35,0,traffic_light
2.83,15.64,15.06,19.06,0,0.0,23.12,30,0,bus_stop
22.34,6.71,2.27,23.99,0,0.0,24.95,40,0,bus_stop
8.39,7.36,3.35,12.83,0,311.9,0.38,35,0,depot
0.47,10.58,14.8,22.2,0,0.0,14.04,20,0,unknown
12.94,4.45,4.49,29.84,0,7.39,0.16,40,0,traffic_light
7.85,2.55,1.96,19.3,0,0.0,28.34,35,0,bus_stop
17.65,10.23,6.47,22.51,0,0.0,12.52,50,0,depot
28.09,62.54,54.59,651.59,1,0.0,37.51,40,0,bus_stop
59.74,89.04,37.08,15.6,1,33.96,0.63,35,0,unknown
8.71,12.27,7.28,10.65,0,0.0,28.05,35,0,traffic_light
4.9,12.31,9.22,22.01,0,0.0,16.2,20,0,unknown
19.34,9.42,8.26,13.88,0,0.0,13.24,30,0,traffic_light
7.39,7.84,11.35,14.9,0,0.0,29.56,35,0,bus_stop
5.56,8.53,14.71,15.05,0,0.0,21.89,40,0,school
2.69,0.37,11.89,23.37,0,0.0,31.44,40,0,traffic_light
0.91,10.99,14.68,4.23,0,0.0,31.41,45,0,bus_stop
1.74,15.19,2.66,11.56,0,0.0,11.48,20,0,school
1.83,6.39,1.99,8.17,0,98.73,0.55,35,0,bus_stop
35,7.42,2.41,11.93,0,0.0,21.11,45,0,unknown
15.99,5.61,8.9,24.75,0,0.0,11.47,35,0,bus_stop
16.21,9.61,13.73,22.94,0,0.0,40.29,50,0,unknown
0.48,3.72,3.01,27.46,0,0.0,18.52,20,0,traffic_light
2.54,14.91,7.15,7.87,0,0.0,20.72,50,0,depot
1.29,8.97,10.88,24.94,0,15.51,1.19,40,0,unknown
15.03,13.92,5.24,11.8,0,0.0,26.12,35,0,school
9.06,15.67,13.18,5.15,0,0.0,8.86,20,0,bus_stop
8.92,8.7,1.15,19.5,0,0.0,21.08,30,0,traffic_light
2.34,10.79,12.09,3.7,0,10.5,0.4,20,0,traffic_light
21.89,1.83,0.28,8.96,0,106.33,0.65,40,0,bus_stop
1.51,5.1,0.85,24.77,0,0.0,33.2,40,0,traffic_light
0.2,17.21,6.78,15.0,0,41.01,0.74,30,0,traffic_light
14.13,8.25,0.02,8.81,0,0.0,8.37,45,0,school
87.0,67.1,22.43,435.44,1,0.0,23.36,35,0,traffic_light
2.69,12.58,1.05,27.4,0,0.0,22.79,35,0,unknown
47.31,36.14,62.06,351.84,0,0.0,35.04,45,0,school
4.72,1.4,0.5,4.11,0,0.0,21.4,50,0,school
5.51,12.18,9.51,22.31,0,0.0,13.29,30,0,unknown
2.02,10.18,13.27,25.01,0,0.0,43.21,50,0,unknown
0.27,11.5,6.97,13.81,0,175.63,0.34,40,0,school
0.21,0.37,7.59,21.52,0,0.0,28.8,40,0,unknown
13.47,12.2,4.99,19.54,0,58.82,0.69,20,0,bus_stop
2.3,13.13,5.22,18.46,0,0.0,7.61,20,0,unknown
26.58,74.1,47.33,203.1,0,0.0,9.87,45,0,school
7.92,1.34,17.47,22.62,0,0.0,30.21,40,0,bus_stop
1.62,7.33,4.15,20.62,0,38.13,0.03,30,0,traffic_light
45.88,8.27,70.1,19.23,1,0.0,8.37,20,0,bus_stop
16.39,16.37,14.46,9.58,0,0.0,45.01,45,1.14,school
16.41,5.43,0.46,6.12,0,71.3,0.01,45,0,unknown
4.82,8.49,10.45,19.73,0,0.0,15.35,30,0,traffic_light
2.42,8.43,14.44,26.11,0,0.0,15.94,20,0,traffic_light
1.84,6.04,3.61,25.22,0,0.0,14.07,20,0,depot
0.67,6.59,6.32,17.83,0,0.0,25.62,30,0,bus_stop
7.4,2.07,0.75,6.47,0,0.0,21.71,35,0,unknown
7.05,3.15,4.97,21.37,0,0.0,34.31,45,0,depot
5.09,14.9,1.48,10.56,0,0.0,36.89,40,0,traffic_light
1.3,7.15,15.48,22.25,0,0.0,36.38,45,0,traffic_light
20.41,13.14,4.11,20.96,0,115.23,0.95,45,0,school
8.59,2.63,7.73,7.51,0,0.0,9.85,20,0,unknown
0.18,4.81,5.94,7.58,0,0.0,33.09,50,0,unknown
4.14,3.97,12.79,0.89,0,32.45,1.17,50,0,unknown
3.2,16.87,2.51,5.9,0,691.37,1.16,45,0,school
9.86,12.36,0.89,2.42,0,0.0,19.57,40,0,unknown
3.28,2.3,12.8,19.32,0,48.02,0.09,30,0,traffic_light
8.23,0.39,14.76,8.42,0,0.0,14.05,40,0,depot
0.07,15.3,3.72,15.87,0,31.39,0.85,35,0,unknown
89.17,53.2,44.76,17.45,1,28.26,1.18,50,0,traffic_light
9.54,15.74,17.55,10.97,0,0.0,27.73,30,0,bus_stop
0.57,0.9,12.22,15.89,0,0.0,17.08,45,0,bus_stop
23.33,7.84,12.87,0.41,0,0.0,20.98,35,0,school
6.4,4.07,8.81,2.27,0,0.0,20.49,20,3.76,traffic_light
1.21,2.54,16.69,16.27,0,0.0,8.36,35,0,traffic_light
21.29,17.89,1.12,12.6,0,0.0,40.99,45,0,traffic_light
7.58,11.11,11.71,0.8,0,39.89,0.83,35,0,traffic_light
1.37,11.34,8.58,24.82,0,16.01,0.59,30,0,unknown
11.82,17.56,15.29,22.89,0,0.0,40.83,45,0,school
55.18,79.43,30.16,292.44,0,0.0,13.25,35,0,unknown
7.82,3.59,1.88,0.51,0,328.46,0.73,40,0,depot
4.5,4.02,16.87,4.32,0,0.0,32.4,40,0,school
7.22,4.0,6.55,6.23,0,0.0,17.64,30,0,bus_stop
0.32,2.32,4.05,27.64,0,0.0,13.96,35,0,traffic_light
9.29,14.38,13.93,18.57,0,238.0,0.38,50,0,bus_stop
5.66,7.53,8.98,2.03,0,0.0,29.21,40,0,bus_stop
3.2,10.33,15.43,12.4,0,236.81,1.06,40,0,bus_stop
4.45,5.03,7.96,9.11,0,0.0,27.6,45,0,unknown
0.59,14.27,8.88,27.43,0,23.37,0.99,20,0,unknown
22.03,11.52,10.66,8.2,0,229.93,0.03,45,0,depot
1.53,13.24,4.28,17.52,0,0.0,10.84,30,0,traffic_light
6.15,2.73,14.01,9.76,0,18.53,0.4,40,0,traffic_light
9.4,3.87,5.91,20.79,0,0.0,31.04,45,0,bus_stop
4.85,9.37,12.62,20.57,0,41.86,0.25,45,0,bus_stop
5.62,0.09,11.12,12.77,0,46.63,0.25,45,0,unknown
22.96,8.56,5.49,21.35,0,0.0,13.53,45,0,bus_stop
0.18,14.58,9.56,3.64,0,21.17,0.96,30,0,traffic_light
4.89,13.93,11.64,14.65,0,0.0,35.94,35,1.24,unknown
4.79,10.4,13.02,23.49,0,0.0,11.9,40,0,unknown
13.03,4.32,9.76,18.44,0,0.0,13.98,35,0,bus_stop
1.34,9.24,5.47,28.27,0,0.0,8.83,30,0,school
3.48,15.97,15.78,14.51,0,78.07,0.93,45,0,unknown
3.01,6.68,11.41,12.78,0,203.78,0.38,30,0,school
1.06,11.03,0.63,19.51,0,0.0,8.18,40,0,traffic_light
3.69,4.19,3.65,5.56,0,0.0,13.21,35,0,depot
9.66,7.37,16.55,9.24,0,0.0,12.65,35,0,unknown
11.96,0.14,14.43,0.44,0,0.0,21.46,35,0,school
0.19,6.4,7.16,3.12,0,0.0,16.18,50,0,unknown
6.31,2.04,7.28,21.06,0,0.0,10.79,30,0,unknown
2.68,15.16,13.3,7.82,0,124.44,1.12,20,0,bus_stop
22.93,14.18,17.19,0.88,0,0.0,34.62,45,0,bus_stop
2.26,0.47,10.52,3.49,0,0.0,26.01,30,0,traffic_light
9.62,10.3,5.13,24.82,0,35.39,0.29,50,0,traffic_light
4.05,7.1,5.81,1.87,0,89.38,0.99,30,0,bus_stop
5.67,13.85,12.86,23.23,0,0.0,36.47,50,0,traffic_light
2.58,11.58,8.97,29.19,0,45.34,0.98,35,0,traffic_light
21.05,1.06,9.2,12.59,0,0.0,9.36,20,0,unknown
3.77,15.85,15.45,18.32,0,276.6,0.12,50,0,depot
11.06,7.56,9.39,11.52,0,132.89,1.09,35,0,bus_stop
8.86,1.85,3.97,8.51,0,0.0,51.39,50,1.16,bus_stop
8.28,8.68,15.16,20.46,0,0.0,29.44,45,0,traffic_light
0.1,3.51,4.23,1.91,0,559.48,0.17,50,0,school
2.57,4.33,15.18,20.97,0,0.0,25.22,50,0,school
9.47,13.7,11.74,0.18,0,0.0,30.57,30,3.13,bus_stop
15.85,5.66,3.52,2.73,0,0.0,21.51,20,0.36,depot
3.8,16.73,14.88,24.42,0,0.0,31.1,30,3.05,depot
13.99,10.27,0.04,16.87,0,0.0,25.44,30,0,traffic_light
6.15,16.84,6.71,14.26,0,0.0,25.87,50,0,unknown
82.77,36.19,29.65,83.06,1,0.0,8.26,20,0,traffic_light
3.08,1.19,14.0,15.26,0,0.0,38.45,45,0,traffic_light
1.72,12.11,0.8,25.18,0,0.0,9.36,45,0,bus_stop
9.25,1.07,17.84,21.74,0,12.59,0.94,40,0,traffic_light
0.81,16.62,15.07,0.06,0,0.0,35.5,40,0,depot
13.9,6.48,8.12,29.43,0,142.45,0.09,50,0,bus_stop
13.4,2.02,1.73,24.79,0,45.7,0.77,35,0,traffic_light
5.09,2.62,1.91,26.37,0,19.56,0.58,45,0,unknown
6.6,8.18,16.61,28.47,0,0.0,11.09,35,0,traffic_light
3.3,10.4,0.57,2.17,0,0.0,15.25,30,0,bus_stop
2.74,4.92,13.38,6.02,0,0.0,42.11,45,0,school
2.73,15.79,2.49,4.07,0,157.57,0.59,20,0,depot
4.72,15.16,2.55,28.99,0,0.0,27.01,40,0,unknown
2.84,11.49,14.37,1.38,0,0.0,18.02,35,0,unknown
5.4,2.35,7.39,20.05,0,0.0,36.05,40,0,traffic_light
7.78,9.83,12.39,9.33,0,0.0,18.95,35,0,school
5.28,7.83,10.56,6.0,0,0.0,32.15,30,1.0,bus_stop
15.24,6.13,4.66,28.93,0,25.27,0.12,45,0,traffic_light
9.97,15.9,13.49,7.31,0,22.47,0.98,20,0,unknown
14.23,5.09,4.53,13.14,0,0.0,31.53,40,0,bus_stop
16.84,15.93,3.84,12.57,0,0.0,28.89,30,0,bus_stop
5.52,15.77,0.11,21.42,0,0.0,43.39,45,0,traffic_light
37.65,81.79,27.83,307.37,1,0.0,13.53,50,0,traffic_light
3.45,10.17,17.19,26.28,0,213.15,1.19,50,0,school
74.43,90.23,71.17,29.69,1,55.55,1.18,50,0,bus_stop
2.8,9.32,12.35,26.69,0,72.96,0.1,30,0,bus_stop
2.76,1.99,16.56,12.42,0,0.0,45.17,50,0,bus_stop
2.05,9.69,14.25,16.97,0,0.0,25.77,45,0,depot
6.3,14.7,10.96,28.27,0,23.43,0.44,40,0,traffic_light
2.65,4.16,6.27,1.19,0,33.68,0.67,20,0,traffic_light
5.76,6.89,0.69,0.17,0,0.0,15.05,20,0,depot
5.27,17.22,10.16,29.82,0,0.0,9.05,20,0,traffic_light
2.78,8.97,5.76,20.36,0,0.0,52.72,50,2.72,depot
3.64,4.63,13.71,28.05,0,0.0,8.49,40,0,traffic_light
0.49,16.3,8.31,12.95,0,0.0,31.63,40,0,traffic_light
4.41,11.45,3.08,1.97,0,6.31,0.99,40,0,unknown
8.95,8.37,5.79,28.56,0,53.35,0.72,30,0,unknown
12.04,8.02,10.25,11.43,0,0.0,40.56,40,0.31,unknown
0.76,11.91,2.6,0.0,0,80.23,0.21,35,0,depot
7.15,1.09,6.31,29.22,0,0.0,10.16,30,0,unknown
3.8,17.16,1.47,27.85,0,0.0,17.23,35,0,bus_stop
61.8,41.09,22.66,147.55,1,0.0,12.93,30,0,bus_stop
45.92,72.39,52.36,1.25,0,22.48,0.06,40,0,traffic_light
11.1,10.27,14.11,21.09,0,41.32,0.2,50,0,traffic_light
15.71,15.72,7.77,28.74,0,0.0,18.75,35,0,depot
4.19,9.46,12.41,2.62,0,19.22,0.87,40,0,traffic_light
18.88,4.03,7.47,8.39,0,168.36,0.2,30,0,school
37.78,90.56,45.55,1172.53,1,0.0,46.61,50,0,traffic_light
3.85,8.1,4.69,5.47,0,0.0,33.47,40,0,depot
76.36,61.07,62.23,446.48,1,0.0,26.32,40,0,school
8.07,1.06,17.65,12.6,0,0.0,8.1,45,0,unknown
5.73,3.77,7.73,6.78,0,0.0,29.71,30,0,unknown
0.47,6.66,7.2,29.59,0,0.0,37.78,45,0,school
12.22,3.3,17.57,23.03,0,0.0,13.05,20,0,traffic_light
2.8,2.96,0.62,13.19,0,0.0,28.62,30,0,unknown
1.61,15.93,12.52,13.93,0,0.0,12.07,40,0,traffic_light
1.15,8.31,2.52,29.27,0,0.0,26.58,40,0,traffic_light
4.21,3.12,9.71,12.43,0,0.0,38.1,45,0,unknown
7.71,5.12,15.4,13.29,0,35.55,0.21,20,0,traffic_light
9.24,5.71,17.97,7.68,0,0.0,22.71,30,0,unknown
4.66,5.99,12.33,25.24,0,156.49,0.36,50,0,bus_stop
0.81,7.39,13.57,11.12,0,30.21,0.09,20,0,traffic_light
4.66,2.74,11.09,20.93,0,0.0,43.97,45,0,traffic_light
0.19,0.71,15.93,2.74,0,236.62,0.94,35,0,depot
37.68,99.82,69.92,16.05,1,187.1,0.58,20,0,school
26.04,99.47,63.76,366.3,0,0.0,13.26,20,0,unknown
4.29,8.7,3.41,1.11,0,76.28,1.19,30,0,school
3.65,15.23,0.69,16.96,0,62.97,1.06,40,0,traffic_light
0.56,5.65,7.83,19.0,0,0.0,14.17,20,0,traffic_light
10.01,9.79,0.67,21.85,0,0.0,46.57,50,0,traffic_light
1.12,15.07,15.38,23.67,0,507.45,0.34,45,0,school
7.12,5.47,17.41,16.78,0,0.0,28.56,40,0,school
10.68,8.15,16.92,13.77,0,0.0,8.72,35,0,bus_stop
79.85,79.38,57.38,25.48,1,629.77,1.16,30,0,school
30.48,6.79,5.33,5.8,0,0.0,19.84,20,0,bus_stop
4.63,6.85,11.61,24.51,0,0.0,27.23,40,0,traffic_light
1.69,2.92,16.68,5.86,0,0.0,35.97,50,0,traffic_light
11.37,16.38,16.09,27.89,0,0.0,12.18,20,0,depot
0.09,0.97,15.52,7.28,0,0.0,9.57,50,0,traffic_light
4.37,6.1,2.56,26.3,0,0.0,23.62,40,0,unknown
2.58,4.69,17.28,7.78,0,0.0,13.15,45,0,traffic_light
1.25,7.38,17.37,10.14,0,0.0,32.74,45,0,bus_stop
1.92,4.96,11.28,2.6,0,0.0,18.94,30,0,depot
1.3,3.53,11.09,4.7,0,0.0,32.82,30,0.01,traffic_light
41.87,98.47,23.0,1042.22,1,0.0,38.1,40,0,bus_stop
36.74,8.15,36.65,2.36,1,26.77,1.04,45,0,traffic_light
5.02,7.35,11.36,12.84,0,0.0,13.91,40,0,school
0.48,9.25,16.72,25.47,0,48.08,0.58,40,0,unknown
6.78,7.48,5.65,26.4,0,56.1,0.96,30,0,unknown
31.94,16.35,4.36,3.24,0,27.41,0.94,45,0,unknown
5.36,14.77,6.81,21.75,0,0.0,8.17,20,0,unknown
2.77,7.88,3.06,12.12,0,0.0,42.58,45,0,unknown
3.49,12.54,6.0,8.36,0,28.16,0.25,45,0,traffic_light
23.24,3.56,17.23,20.79,0,0.0,52.4,50,2.71,traffic_light
15.36,17.7,17.57,3.49,0,0.0,26.29,45,0,bus_stop
4.83,6.61,10.58,1.54,0,589.06,0.63,50,0,depot
3.01,7.31,7.93,2.28,0,0.0,8.75,40,0,bus_stop
0.41,5.99,9.18,9.83,0,0.0,31.29,50,0,bus_stop
2.61,0.5,1.9,13.43,0,0.0,9.6,40,0,traffic_light
8.21,15.53,5.48,4.29,0,90.83,0.74,45,0,bus_stop
0.57,4.91,2.85,13.34,0,0.0,8.66,40,0,depot
4.3,14.17,3.62,10.62,0,190.75,1.14,45,0,bus_stop
0.36,13.87,10.59,7.16,0,0.0,39.18,45,0,depot
2.5,14.76,15.84,19.16,0,0.0,18.36,50,0,unknown
0.46,3.0,7.17,5.57,0,0.0,24.36,35,0,traffic_light
1.38,3.84,16.13,22.2,0,44.47,0.84,50,0,traffic_light
25.99,79.38,64.95,25.44,1,190.26,1.15,50,0,school
10.03,15.15,3.02,0.91,0,0.0,37.27,50,0,school
2.31,13.88,4.09,2.69,0,286.98,0.73,40,0,bus_stop
21.7,2.77,14.87,19.55,0,0.0,31.98,30,0.63,unknown
0.79,3.62,3.6,23.94,0,0.0,14.14,20,0,bus_stop
4.56,5.71,16.28,27.73,0,152.49,0.02,45,0,bus_stop
4.29,7.09,9.76,29.43,0,0.0,14.95,20,0,traffic_light
10.72,12.96,15.62,8.76,0,16.36,0.05,35,0,traffic_light
0.15,13.05,2.18,1.09,0,0.0,16.17,20,0,traffic_light
4.74,12.22,14.02,1.08,0,0.0,16.74,35,0,traffic_light
6.15,5.04,11.04,20.8,0,480.99,0.43,40,0,depot
0.31,6.58,3.86,25.32,0,0.0,22.56,45,0,bus_stop
21.87,17.09,2.88,21.95,0,0.0,10.55,20,0,unknown
47.1,91.2,54.2,2.95,1,53.04,0.12,30,0,traffic_light
11.98,5.97,2.1,10.56,0,0.0,8.04,20,0,bus_stop
4.74,4.0,0.98,1.51,0,0.0,39.53,40,0,unknown
12.54,3.53,9.6,16.26,0,34.06,0.73,45,0,unknown
62.5,30.71,45.28,4.89,1,132.66,0.57,35,0,bus_stop
1.16,6.92,5.29,4.41,0,0.0,21.54,45,0,traffic_light
0.61,1.61,14.54,8.52,0,0.0,19.76,20,0,unknown
61.02,41.27,35.0,2.27,0,59.41,0.2,35,0,bus_stop
2.35,1.67,0.95,13.43,0,24.01,0.0,30,0,traffic_light
45.57,38.42,31.02,116.23,1,0.0,10.89,30,0,traffic_light
35,2.18,5.88,2.61,0,0.0,15.5,50,0,school
4.37,13.89,4.7,14.46,0,0.0,32.38,40,0,school
10.94,0.54,10.21,26.28,0,0.0,18.96,40,0,unknown
6.12,12.34,8.83,9.34,0,0.0,36.21,35,1.81,unknown
5.29,10.1,15.86,22.46,0,0.0,8.47,20,0,bus_stop
5.28,3.34,9.45,24.27,0,0.0,17.44,30,0,depot
49.14,19.11,41.06,149.14,1,0.0,28.1,35,0,depot
5.71,5.14,4.69,22.44,0,0.0,33.83,35,0,traffic_light
2.4,1.48,7.61,7.5,0,664.62,0.62,30,0,school
1.18,17.9,1.12,17.78,0,17.11,1.05,20,0,unknown
0.03,11.36,14.93,2.63,0,0.0,27.05,50,0,school
4.42,0.14,12.27,14.22,0,0.0,11.23,20,0,traffic_light
92.3,26.13,59.93,238.76,1,0.0,32.9,35,0,bus_stop
0.44,16.49,6.52,0.64,0,0.0,34.19,45,0,traffic_light
8.7,13.36,4.44,15.04,0,0.0,31.56,50,0,unknown
1.18,1.74,9.81,29.94,0,0.0,9.8,20,0,traffic_light
4.75,3.05,14.11,23.77,0,0.0,8.25,20,0,unknown
12.4,6.86,2.76,6.64,0,0.0,28.33,40,0,traffic_light
5.82,10.5,17.18,22.95,0,0.0,24.97,40,0,traffic_light
5.16,7.55,8.25,22.39,0,0.0,23.41,50,0,traffic_light
10.33,16.36,5.28,13.52,0,0.0,18.29,30,0,depot
3.22,15.14,8.68,4.17,0,15.88,0.3,35,0,traffic_light
22.66,12.66,15.07,15.92,0,0.0,31.91,40,0,bus_stop
25.71,17.95,3.71,18.41,0,0.0,9.1,45,0,traffic_light
23.99,7.44,4.38,8.3,0,0.0,16.72,20,0,traffic_light
1.85,9.83,16.09,1.8,0,29.62,0.05,30,0,traffic_light
1.4,3.77,1.18,21.93,0,0.0,30.92,40,0,bus_stop
1.72,10.46,0.04,5.91,0,0.0,36.65,45,0,school
5.44,12.53,8.0,20.44,0,70.8,0.97,20,0,bus_stop
8.54,9.85,9.91,0.87,0,0.0,18.68,20,0,school
0.09,11.46,7.24,11.21,0,0.0,41.27,45,0,bus_stop
2.34,13.64,14.46,22.37,0,0.0,46.04,50,0,bus_stop
1.83,15.4,11.42,18.56,0,0.0,9.56,20,0,traffic_light
4.3,11.19,17.26,1.46,0,21.86,0.22,40,0,unknown
0.99,10.18,17.6,29.71,0,71.44,1.12,45,0,bus_stop
7.16,4.88,16.84,28.76,0,0.0,16.3,50,0,traffic_light
0.66,14.23,14.85,27.65,0,25.33,0.44,45,0,traffic_light
17.72,13.05,11.66,18.05,0,0.0,11.2,30,0,bus_stop
3.11,17.01,8.47,8.1,0,0.0,10.94,20,0,unknown
26.81,23.2,44.75,90.79,1,0.0,14.09,20,0,traffic_light
4.4,2.17,14.54,8.16,0,0.0,10.84,20,0,depot
5.57,14.87,17.95,15.72,0,0.0,20.94,40,0,traffic_light
78.23,92.92,45.4,477.15,1,0.0,18.49,50,0,unknown
3.02,15.21,1.07,7.63,0,0.0,15.97,30,0,bus_stop
3.72,10.48,8.83,0.98,0,0.0,33.99,40,0,unknown
0.73,10.34,0.0,5.03,0,0.0,33.26,40,0,bus_stop
0.19,10.34,14.94,4.12,0,0.0,29.04,30,0,school
0.29,10.04,3.73,23.38,0,56.86,0.85,50,0,bus_stop
6.9,17.97,10.84,16.21,0,0.0,24.84,50,0,school
3.66,2.08,11.81,17.69,0,0.0,14.33,20,0,traffic_light
27.36,5.23,11.28,10.73,0,0.0,23.55,50,0,traffic_light
14.1,1.25,8.09,5.73,0,0.0,8.35,40,0,school
18.01,13.35,8.71,15.16,0,37.98,1.01,30,0,unknown
0.43,14.8,0.42,0.75,0,6.52,0.5,45,0,unknown
4.18,14.14,14.13,11.78,0,0.0,10.01,30,0,traffic_light
1.55,6.21,7.58,28.01,0,87.37,1.17,45,0,school
0.53,6.16,11.54,4.87,0,0.0,42.42,40,1.44,depot
1.13,11.1,6.73,22.23,0,15.22,1.18,30,0,traffic_light
1.34,7.26,3.41,3.0,0,0.0,7.95,35,0,traffic_light
4.65,1.09,3.61,7.74,0,0.0,9.78,40,0,bus_stop
16.97,10.08,11.36,11.55,0,0.0,11.09,35,0,bus_stop
1.52,9.69,15.74,28.97,0,39.07,0.02,50,0,unknown
5.22,8.52,3.3,17.61,0,343.9,1.19,35,0,depot
2.44,3.76,5.39,26.67,0,0.0,16.52,45,0,school
0.5,14.44,11.47,9.39,0,36.73,0.21,35,0,traffic_light
16.13,12.76,17.91,14.69,0,0.0,20.02,30,0,traffic_light
10.48,14.38,6.66,13.55,0,0.0,32.29,45,0,depot
88.01,13.84,73.55,76.75,1,0.0,19.97,30,0,unknown
45.93,21.07,15.55,72.69,1,0.0,12.42,45,0,unknown
4.41,9.16,5.76,22.78,0,0.0,15.39,45,0,bus_stop
4.32,7.1,14.32,10.96,0,0.0,20.92,20,0.28,traffic_light
16.5,14.86,5.13,24.23,0,0.0,24.2,30,0,unknown
3.63,0.94,4.88,25.54,0,55.3,1.09,30,0,traffic_light
1.58,0.89,9.04,10.68,0,181.4,0.26,40,0,bus_stop
3.0,10.28,16.43,27.12,0,444.98,0.79,40,0,depot
3.68,0.08,10.61,15.97,0,0.0,51.34,50,1.03,school
1.92,0.07,2.58,25.87,0,0.0,7.05,30,0,traffic_light
29.69,14.65,9.39,27.71,0,0.0,28.61,45,0,bus_stop
14.31,11.41,0.47,28.84,0,59.2,0.99,45,0,unknown
15.18,12.04,3.31,2.39,0,699.88,0.35,50,0,school
15.64,6.44,1.97,9.67,0,150.59,0.71,40,0,bus_stop
3.97,1.98,2.97,6.47,0,0.0,22.58,45,0,traffic_light
1.28,11.22,14.14,12.41,0,0.0,27.31,35,0,traffic_light
23.61,6.33,6.46,16.08,0,14.91,0.55,40,0,traffic_light
4.13,0.97,5.61,11.26,0,0.0,31.97,35,0,school
4.23,1.71,13.3,1.76,0,66.87,1.05,45,0,bus_stop
4.84,9.94,8.83,5.72,0,0.0,8.28,50,0,depot
6.4,7.75,13.62,3.06,0,0.0,24.94,30,0,traffic_light
16.05,17.78,4.55,5.68,0,0.0,32.06,45,0,unknown
1.96,5.08,17.36,10.2,0,0.0,28.61,35,0,bus_stop
35,10.32,11.6,20.56,0,0.0,22.39,40,0,unknown
2.67,3.59,15.27,21.83,0,0.0,13.15,20,0,traffic_light
25.6,4.55,7.28,25.26,0,21.25,0.02,40,0,unknown
5.55,1.87,2.81,4.65,0,0.0,16.29,35,0,school
0.95,8.21,15.64,20.82,0,0.0,16.9,40,0,school
2.73,7.27,5.89,24.17,0,769.89,1.07,30,0,depot
2.27,16.81,16.31,2.84,0,0.0,7.55,35,0,depot
5.2,3.23,1.91,1.55,0,30.31,0.0,45,0,unknown
10.96,11.71,1.38,20.16,0,225.18,0.34,30,0,bus_stop
2.96,11.17,2.87,23.72,0,0.0,18.63,50,0,school
7.92,14.85,3.1,25.12,0,79.66,0.28,20,0,unknown
0.55,3.43,16.88,7.09,0,0.0,40.72,45,0,unknown
0.58,8.81,2.49,9.95,0,0.0,21.88,20,2.4,traffic_light
28.02,19.62,36.8,42.9,1,0.0,7.87,35,0,traffic_light
5.05,14.41,8.34,11.89,0,43.58,0.79,45,0,unknown
6.37,6.88,11.99,15.43,0,0.0,14.6,20,0,bus_stop
4.28,12.79,1.23,16.81,0,53.8,0.29,35,0,traffic_light
1.84,0.85,16.27,3.2,0,29.88,0.53,20,0,traffic_light
6.87,3.23,15.72,9.04,0,0.0,40.17,50,0,unknown
3.88,0.56,10.01,22.43,0,664.27,0.73,35,0,school
4.11,7.62,3.12,20.85,0,0.0,29.86,50,0,traffic_light
1.28,10.33,6.75,11.73,0,25.75,0.44,40,0,traffic_light
9.59,0.98,6.21,14.46,0,0.0,7.09,20,0,bus_stop
0.21,12.79,0.01,2.82,0,0.0,26.98,30,0,unknown
5.52,16.89,3.97,13.49,0,0.0,36.77,35,3.8,traffic_light
1.98,12.61,17.98,7.64,0,16.86,0.38,50,0,traffic_light
16.55,7.37,6.05,5.77,0,0.0,11.96,40,0,bus_stop
3.74,16.05,8.79,20.28,0,21.24,0.25,20,0,traffic_light
2.46,17.41,16.02,2.89,0,0.0,17.49,30,0,traffic_light
6.69,13.57,15.33,16.01,0,18.88,1.04,35,0,unknown
2.01,16.76,15.42,14.41,0,0.0,26.9,30,0,unknown
19.79,1.72,15.4,22.52,0,58.27,0.23,45,0,traffic_light
0.86,6.13,11.43,9.74,0,0.0,20.46,50,0,unknown
12.69,0.15,14.99,22.45,0,0.0,19.1,50,0,bus_stop
3.12,11.82,3.94,16.0,0,35.87,0.86,35,0,traffic_light
25.45,17.11,5.21,10.3,0,0.0,40.18,40,1.76,unknown
0.03,11.13,2.6,18.87,0,0.0,9.16,45,0,traffic_light
3.38,4.06,17.39,18.03,0,296.26,0.59,35,0,school
7.48,5.51,11.18,11.79,0,0.0,12.92,35,0,bus_stop
6.69,9.34,17.83,2.39,0,0.0,46.87,45,3.25,school
12.35,10.09,3.55,29.62,0,71.56,0.25,45,0,unknown
0.4,16.59,11.36,7.42,0,308.62,0.08,40,0,school
9.49,10.76,3.23,1.1,0,25.37,0.11,45,0,unknown
1.9,16.17,9.71,29.93,0,40.45,0.03,35,0,traffic_light
4.52,11.68,9.19,8.09,0,0.0,13.73,35,0,unknown
15.43,0.78,4.05,5.18,0,116.48,0.8,30,0,school
3.58,1.87,15.66,15.03,0,181.01,1.17,20,0,bus_stop
3.69,1.59,8.86,20.59,0,68.31,0.75,45,0,unknown
61.44,10.29,25.12,130.04,0,0.0,45.49,50,0,bus_stop
13.26,1.84,2.98,6.2,0,429.52,0.74,30,0,school
0.13,10.9,17.36,28.11,0,0.0,16.18,20,0,bus_stop
12.9,3.51,4.21,29.46,0,46.32,0.84,35,0,unknown
1.79,11.18,0.43,14.05,0,0.0,15.62,20,0,unknown
3.17,2.37,3.99,1.71,0,0.0,22.47,40,0,school
8.49,1.21,14.41,23.1,0,0.0,20.29,20,0.35,depot
4.88,10.21,16.63,17.11,0,0.0,27.62,35,0,unknown
1.14,17.72,4.91,9.59,0,84.88,0.14,20,0,bus_stop
2.85,15.81,16.5,15.52,0,18.91,0.85,35,0,traffic_light
3.22,13.22,16.63,15.27,0,267.04,0.92,40,0,school
17.65,4.51,13.19,18.39,0,0.0,16.19,45,0,unknown
5.22,14.96,17.22,19.46,0,0.0,31.38,50,0,traffic_light
0.59,15.62,1.08,4.6,0,22.08,0.51,30,0,unknown
9.38,6.89,7.17,16.89,0,0.0,9.22,30,0,school
4.87,9.64,3.34,9.75,0,0.0,13.91,30,0,traffic_light
1.18,14.76,16.1,3.39,0,0.0,31.25,50,0,traffic_light
3.22,9.25,12.48,14.48,0,0.0,9.45,50,0,unknown
0.54,13.24,16.12,14.93,0,0.0,9.92,35,0,bus_stop
3.48,5.93,11.14,17.89,0,0.0,22.95,45,0,unknown
5.11,12.6,10.33,17.18,0,0.0,28.96,40,0,traffic_light
0.39,1.45,12.59,3.82,0,0.0,7.76,30,0,unknown
12.9,7.13,17.64,12.69,0,0.0,35.14,35,3.91,unknown
4.09,15.99,3.8,6.95,0,14.07,0.08,35,0,traffic_light
0.27,11.75,15.98,26.91,0,0.0,37.27,35,0.39,school
9.67,3.47,6.03,0.56,0,0.0,20.5,35,0,bus_stop
0.68,12.33,4.97,25.46,0,0.0,15.4,20,0,depot
0.84,11.94,0.44,22.66,0,0.0,26.3,30,0,bus_stop
6.72,8.84,17.24,0.15,0,0.0,10.1,20,0,traffic_light
22.79,16.87,13.93,6.09,0,0.0,39.0,45,0,traffic_light
1.39,2.95,11.21,0.88,0,0.0,19.54,35,0,school
3.92,2.86,5.53,11.46,0,0.0,7.12,20,0,traffic_light
0.43,13.98,15.01,2.73,0,0.0,35.1,35,1.93,unknown
11.84,14.52,3.06,14.12,0,0.0,8.3,30,0,depot
29.04,2.12,6.81,14.34,0,0.0,28.13,35,0,school
0.71,3.14,15.87,27.11,0,0.0,31.05,45,0,traffic_light
5.72,6.37,7.76,19.84,0,0.0,26.04,30,0,traffic_light
4.39,4.34,1.61,21.01,0,56.24,0.58,45,0,bus_stop
0.58,0.92,5.64,24.07,0,0.0,7.62,20,0,traffic_light
7.65,8.49,5.52,10.9,0,0.0,10.0,20,0,depot
6.62,5.95,7.78,22.56,0,0.0,48.15,50,0,traffic_light
2.94,3.5,7.97,6.8,0,0.0,17.86,40,0,unknown
12.86,11.02,6.0,4.92,0,59.84,0.75,45,0,unknown
3.09,1.04,10.87,15.96,0,0.0,23.92,40,0,bus_stop
0.39,3.26,6.02,14.4,0,43.67,1.09,50,0,bus_stop
0.66,15.53,10.47,15.32,0,0.0,26.35,40,0,bus_stop
0.85,17.75,11.78,16.82,0,0.0,15.47,30,0,school
24.82,11.29,2.74,27.47,0,0.0,9.05,40,0,unknown
20.65,0.32,13.77,9.28,0,0.0,34.69,35,0,school
65.2,95.66,32.95,666.6,0,0.0,25.09,35,0,traffic_light
4.27,11.4,9.43,22.9,0,0.0,27.78,50,0,unknown
0.78,2.17,10.09,5.79,0,13.29,0.02,50,0,unknown
4.12,17.92,7.59,23.65,0,0.0,10.63,45,0,school
4.19,13.72,12.99,0.97,0,0.0,21.18,50,0,depot
0.03,4.43,15.7,0.76,0,0.0,7.24,30,0,unknown
9.15,6.63,1.87,26.13,0,0.0,24.3,45,0,traffic_light
1.05,10.3,16.98,28.2,0,0.0,23.19,45,0,traffic_light
17.2,16.0,12.71,29.51,0,53.1,0.08,35,0,unknown
0.5,6.45,16.83,15.27,0,0.0,30.53,45,0,traffic_light
0.82,17.93,14.26,27.58,0,0.0,31.67,30,3.17,depot
0.51,15.93,9.99,19.53,0,32.43,0.2,40,0,unknown
4.04,9.76,2.78,23.81,0,0.0,13.87,30,0,depot
15.12,1.11,15.31,29.86,0,0.0,8.29,20,0,traffic_light
6.08,16.79,1.53,1.19,0,0.0,27.73,30,0,traffic_light
8.58,12.36,1.47,27.13,0,0.0,9.84,40,0,traffic_light
2.61,0.12,6.05,2.4,0,0.0,16.88,50,0,school
1.72,14.52,9.44,1.98,0,0.0,13.42,20,0,depot
0.38,2.74,5.53,5.29,0,197.93,0.64,30,0,bus_stop
4.73,10.42,8.8,17.68,0,0.0,17.78,50,0,traffic_light
7.94,8.54,4.32,29.38,0,0.0,46.21,50,0,unknown
3.6,1.37,11.51,10.35,0,0.0,20.48,40,0,unknown
5.1,4.08,5.45,4.25,0,0.0,7.85,35,0,traffic_light
1.65,3.94,2.09,23.34,0,0.0,15.11,30,0,school
3.99,14.92,5.89,9.27,0,44.18,0.84,50,0,traffic_light
28.32,1.5,2.37,21.64,0,0.0,47.23,45,1.56,traffic_light
10.46,3.8,9.95,17.55,0,346.46,0.18,45,0,school
1.68,13.28,17.58,6.65,0,225.2,0.19,45,0,school
5.94,17.3,5.71,0.45,0,0.0,8.9,20,0,unknown
16.77,0.36,16.66,18.86,0,0.0,36.98,45,0,bus_stop
2.89,0.5,2.84,9.23,0,0.0,33.94,35,0,school
78.61,98.62,28.58,368.69,0,0.0,13.46,30,0,bus_stop
13.6,4.48,5.95,7.12,0,0.0,22.07,20,0.09,depot
5.39,13.03,2.98,0.96,0,8.7,0.03,50,0,traffic_light
26.84,1.94,2.54,29.59,0,0.0,17.08,35,0,unknown
0.11,9.01,12.94,17.72,0,0.0,17.63,50,0,traffic_light
0.92,13.03,4.63,2.72,0,65.42,0.01,20,0,traffic_light
1.11,4.65,0.23,29.26,0,0.0,15.97,45,0,school
20.95,9.7,16.14,7.64,0,38.01,0.07,35,0,unknown
0.77,4.37,12.15,26.28,0,0.0,11.53,35,0,bus_stop
16.18,8.83,4.56,3.52,0,30.81,0.98,40,0,traffic_light
1.28,8.77,1.36,10.36,0,0.0,17.01,35,0,unknown
2.32,12.73,11.62,8.59,0,0.0,10.28,35,0,unknown
3.7,13.38,5.45,16.36,0,0.0,20.86,40,0,unknown
3.53,9.03,11.4,23.57,0,0.0,11.53,35,0,unknown
8.42,4.85,12.43,21.79,0,283.96,0.38,40,0,school
42.48,61.81,54.88,710.5,1,0.0,41.38,50,0,school
8.62,17.01,10.08,25.94,0,234.49,0.94,20,0,bus_stop
10.16,15.35,16.69,29.25,0,0.0,42.46,45,0,unknown
2.98,2.28,4.3,2.74,0,206.76,0.42,35,0,depot
31.84,94.3,48.92,237.45,0,0.0,9.06,20,0,traffic_light
1.65,16.29,4.3,22.29,0,106.23,0.74,45,0,bus_stop
75.49,24.98,32.98,2.66,0,520.14,0.38,35,0,school
6.36,4.46,12.28,13.01,0,335.25,0.26,20,0,school
5.84,0.06,10.24,10.68,0,10.15,0.17,35,0,unknown
4.6,7.15,6.62,13.85,0,35.79,1.11,50,0,traffic_light
1.23,6.14,8.88,2.01,0,49.12,0.56,30,0,traffic_light
1.73,3.08,5.09,8.26,0,0.0,30.57,30,1.45,traffic_light
1.76,9.59,2.92,10.17,0,0.0,43.73,50,0,school
2.44,10.76,3.41,2.13,0,109.07,0.55,35,0,school
17.45,6.96,4.42,10.02,0,0.0,41.62,45,0,traffic_light
0.39,7.17,17.47,24.52,0,0.0,33.06,50,0,school
4.95,7.07,16.64,10.72,0,12.65,0.73,20,0,traffic_light
5.04,5.04,15.01,15.7,0,133.0,0.39,30,0,school
13.82,14.8,14.69,29.47,0,0.0,36.63,35,3.38,unknown
6.43,6.71,11.09,5.48,0,0.0,18.22,35,0,traffic_light
7.72,0.7,1.03,3.61,0,671.06,1.02,40,0,school
91.54,53.42,47.65,5.62,0,190.76,0.38,50,0,school
2.29,17.23,1.56,0.67,0,0.0,36.01,45,0,unknown
0.37,3.4,11.12,3.97,0,0.0,13.81,20,0,traffic_light
25.22,16.96,17.27,11.19,0,0.0,42.55,50,0,bus_stop
1.4,4.31,5.22,27.46,0,7.38,0.98,45,0,traffic_light
1.75,7.04,10.77,10.19,0,0.0,41.37,45,0,traffic_light
8.77,1.77,3.42,19.02,0,0.0,20.81,40,0,unknown
17.09,2.89,16.02,12.13,0,0.0,49.38,50,0,bus_stop
31.72,11.28,9.17,17.0,0,0.0,39.97,40,0,school
3.06,8.86,6.48,4.84,0,0.0,7.32,50,0,traffic_light
8.5,17.31,12.8,3.19,0,0.0,22.13,30,0,unknown
14.76,4.49,13.24,21.22,0,92.85,0.14,40,0,bus_stop
0.76,5.39,0.29,4.06,0,0.0,15.35,35,0,school
0.75,12.6,0.61,25.42,0,74.47,0.88,20,0,bus_stop
2.98,17.71,16.69,20.53,0,0.0,29.02,50,0,school
18.22,9.94,0.22,21.17,0,310.01,0.45,30,0,depot
33.68,14.25,61.75,44.23,1,0.0,11.17,50,0,traffic_light
13.92,12.44,11.8,29.69,0,7.64,0.66,30,0,traffic_light
23.41,17.71,13.39,4.42,0,0.0,30.5,50,0,unknown
91.12,99.04,32.82,11.82,1,22.76,0.43,20,0,unknown
4.22,1.16,11.97,17.68,0,170.53,0.56,30,0,bus_stop
2.41,17.89,7.8,11.42,0,722.26,0.47,30,0,depot
15.27,5.47,3.34,28.37,0,190.72,0.66,35,0,depot
0.6,9.8,16.47,24.0,0,0.0,32.41,50,0,school
15.59,12.86,3.22,25.77,0,366.14,0.92,40,0,school
68.57,14.94,22.99,0.53,1,40.56,0.13,45,0,traffic_light
50.75,14.53,58.35,50.9,1,0.0,12.61,20,0,school
8.97,2.82,7.48,10.29,0,0.0,39.74,40,0,bus_stop
2.35,7.29,3.01,11.81,0,0.0,21.22,30,0,bus_stop
5.0,1.74,4.28,18.81,0,182.74,0.34,20,0,bus_stop
18.66,7.73,16.87,24.04,0,48.46,0.53,35,0,unknown
21.69,3.12,4.11,0.91,0,0.0,16.37,20,0,bus_stop
4.92,10.0,2.98,19.26,0,0.0,34.14,50,0,school
4.46,8.29,0.38,8.72,0,51.81,0.6,40,0,bus_stop
26.06,17.67,4.31,5.78,0,0.0,10.06,20,0,school
2.74,11.46,15.98,28.72,0,699.77,0.15,45,0,school
1.18,16.91,10.47,26.31,0,184.38,0.26,45,0,bus_stop
6.97,3.42,8.55,27.08,0,0.0,42.66,50,0,traffic_light
6.83,14.2,10.75,16.38,0,0.0,21.73,50,0,traffic_light
7.47,12.93,10.19,20.46,0,0.0,18.3,45,0,traffic_light
21.36,1.8,15.97,2.19,0,0.0,32.15,50,0,bus_stop
39.73,97.25,70.44,422.13,0,0.0,15.63,35,0,school
9.17,15.66,8.69,11.91,0,0.0,11.88,20,0,unknown
11.38,4.72,3.75,13.58,0,0.0,17.88,20,0,traffic_light
0.6,9.68,1.19,2.22,0,0.0,46.15,50,0,bus_stop
93.2,29.72,36.54,127.38,1,0.0,15.43,35,0,unknown
7.48,17.79,0.45,13.96,0,0.0,34.62,50,0,traffic_light
17.59,15.13,0.47,14.24,0,0.0,52.25,50,1.47,traffic_light
2.1,14.02,0.25,13.59,0,0.0,35.24,45,0,traffic_light
0.84,7.54,14.19,12.73,0,0.0,28.39,40,0,traffic_light
8.37,8.08,12.77,5.42,0,225.93,0.83,30,0,bus_stop
1.48,10.94,17.43,20.56,0,0.0,11.65,30,0,depot
23.81,3.74,12.05,7.42,0,0.0,33.79,50,0,depot
10.46,16.57,12.18,10.96,0,18.98,0.51,40,0,traffic_light
11.55,4.42,9.72,0.89,0,0.0,16.36,20,0,bus_stop
21.12,3.4,1.93,4.97,0,0.0,32.23,35,0,traffic_light
10.65,4.61,2.16,16.78,0,7.79,0.88,40,0,unknown
0.67,1.09,11.99,11.26,0,0.0,36.16,35,0.56,traffic_light
8.04,3.02,8.64,29.14,0,0.0,26.66,30,0,traffic_light
9.16,1.18,17.19,12.88,0,0.0,20.59,20,3.2,depot
9.95,7.23,16.4,14.51,0,50.5,0.05,45,0,unknown
6.67,13.44,11.15,17.13,0,0.0,35.9,45,0,traffic_light
5.32,15.31,8.84,18.19,0,0.0,19.61,40,0,traffic_light
1.6,10.25,15.98,9.42,0,0.0,8.86,30,0,traffic_light
9.93,12.31,0.31,8.4,0,0.0,10.59,50,0,bus_stop
23.61,16.26,7.85,14.47,0,45.01,1.19,40,0,unknown
2.48,6.8,2.27,6.37,0,148.71,1.16,30,0,bus_stop
9.41,2.6,17.98,23.45,0,28.3,0.3,35,0,traffic_light
18.29,15.85,7.6,20.44,0,0.0,30.64,30,2.26,school
0.48,0.57,5.48,12.87,0,0.0,12.0,35,0,unknown
6.39,16.02,0.53,24.53,0,360.8,0.94,40,0,depot
4.14,13.84,15.34,8.38,0,0.0,40.59,45,0,traffic_light
12.82,7.81,10.46,18.63,0,0.0,42.2,40,2.48,traffic_light
4.03,4.52,11.44,24.0,0,31.35,0.23,50,0,unknown
0.47,0.92,12.39,18.86,0,0.0,9.34,20,0,traffic_light
1.81,13.41,13.55,19.39,0,588.57,0.1,40,0,depot
0.88,4.37,17.81,4.38,0,28.43,1.01,45,0,traffic_light
3.54,9.89,13.51,23.55,0,0.0,25.47,35,0,school
0.62,13.57,8.79,14.02,0,0.0,23.49,35,0,bus_stop
1.04,4.54,2.14,0.94,0,0.0,7.3,20,0,bus_stop
2.52,3.65,1.12,23.26,0,627.1,1.05,45,0,depot
54.55,69.61,40.22,148.22,1,0.0,7.67,20,0,traffic_light
1.56,13.96,12.51,27.37,0,0.0,35.52,45,0,traffic_light
27.31,0.74,14.34,19.96,0,58.46,0.56,45,0,traffic_light
10.39,16.95,12.34,18.44,0,0.0,26.08,50,0,depot
8.62,17.67,16.7,8.52,0,0.0,41.66,40,0.76,unknown
14.15,13.04,4.19,20.89,0,0.0,16.66,20,0,traffic_light
9.33,10.34,4.36,19.39,0,0.0,19.55,20,0,bus_stop
9.36,1.2,15.52,26.09,0,0.0,26.58,50,0,depot
21.1,16.04,11.4,12.83,0,0.0,37.11,40,0,unknown
22.24,0.88,10.01,22.84,0,0.0,45.65,50,0,unknown
6.84,2.23,7.65,19.46,0,28.1,0.82,50,0,unknown
3.9,13.2,7.32,2.61,0,0.0,36.62,40,0,school
3.4,14.66,16.42,13.97,0,0.0,33.3,35,0,unknown
1.4,8.09,16.58,21.96,0,0.0,7.3,20,0,unknown
2.06,10.74,6.92,24.02,0,0.0,19.83,50,0,traffic_light
10.78,7.38,2.71,2.28,0,115.3,0.05,45,0,bus_stop
1.01,0.39,11.36,24.0,0,44.57,0.37,50,0,traffic_light
2.74,16.66,1.69,6.67,0,0.0,39.7,50,0,traffic_light
4.13,1.65,2.28,15.12,0,39.68,0.42,50,0,unknown
2.5,4.54,10.9,18.48,0,0.0,38.96,45,0,traffic_light
4.96,15.9,9.77,5.32,0,0.0,31.15,30,3.83,traffic_light
16.32,1.74,18.0,28.87,0,0.0,9.57,20,0,school
3.88,12.65,16.6,28.87,0,0.0,44.46,45,0,unknown
8.68,8.37,10.03,22.59,0,0.0,10.51,20,0,depot
3.55,17.65,0.71,29.52,0,0.0,8.99,40,0,unknown
4.5,10.14,10.51,21.85,0,0.0,16.47,30,0,bus_stop
4.41,1.9,1.15,5.77,0,0.0,13.78,20,0,school
4.0,13.06,3.86,5.21,0,40.11,0.27,20,0,traffic_light
34.95,38.59,31.42,7.46,1,61.69,0.7,40,0,unknown
64.73,68.27,25.48,10.86,0,15.36,0.57,30,0,unknown
39.74,73.08,67.71,660.55,0,0.0,32.54,30,3.08,traffic_light
18.63,9.73,4.42,14.61,0,0.0,34.34,40,0,school
17.59,0.22,9.85,5.8,0,0.0,18.15,20,0,traffic_light
3.49,7.03,10.83,5.23,0,0.0,36.77,40,0,unknown
2.02,11.11,2.35,17.63,0,0.0,16.29,30,0,depot
1.99,9.77,4.14,22.16,0,0.0,17.21,45,0,bus_stop
25.03,7.9,1.34,11.04,0,418.28,0.48,50,0,school
5.11,16.93,14.7,26.25,0,509.14,0.8,40,0,depot
7.24,14.48,11.39,13.97,0,0.0,31.68,45,0,school
4.89,16.25,4.44,20.23,0,360.19,0.73,35,0,depot
0.5,7.68,6.34,22.36,0,54.18,0.7,30,0,unknown
1.24,0.64,9.4,20.18,0,0.0,7.06,35,0,traffic_light
16.37,13.9,4.11,8.61,0,0.0,27.19,30,0,unknown
6.48,7.92,8.52,13.06,0,22.2,0.24,50,0,unknown
5.21,5.47,11.18,11.08,0,0.0,34.31,50,0,school
3.35,7.25,15.25,25.88,0,0.0,10.83,50,0,depot
25.26,6.42,3.34,12.28,0,0.0,34.85,40,0,traffic_light
1.02,15.44,5.09,28.65,0,0.0,35.03,35,3.42,unknown
6.27,6.61,5.53,17.58,0,0.0,17.55,20,0,unknown
13.09,13.58,7.91,6.24,0,0.0,9.97,20,0,unknown
0.82,1.74,4.54,4.8,0,0.0,44.23,45,0,traffic_light
8.15,8.26,10.05,16.11,0,0.0,16.66,20,0,traffic_light
4.52,16.35,7.24,2.4,0,0.0,29.8,35,0,depot
5.29,6.02,9.59,28.1,0,0.0,43.71,50,0,bus_stop
8.24,4.6,17.68,17.9,0,0.0,21.7,20,0.04,bus_stop
6.79,9.44,13.53,10.96,0,0.0,33.76,35,0,bus_stop
16.4,7.23,15.49,2.51,0,0.0,11.61,35,0,unknown
23.24,12.42,14.18,11.25,0,60.19,0.81,45,0,traffic_light
11.29,0.62,10.24,4.09,0,46.79,1.04,45,0,traffic_light
2.44,10.34,7.24,25.32,0,20.91,0.79,45,0,traffic_light
0.5,4.38,2.87,3.19,0,19.07,1.01,45,0,traffic_light
0.94,13.89,11.48,8.2,0,180.38,0.9,50,0,bus_stop
1.38,17.14,16.73,23.75,0,0.0,31.78,30,0.05,traffic_light
19.95,0.19,14.86,17.98,0,0.0,14.37,45,0,school
9.68,5.83,14.14,3.26,0,0.0,23.36,35,0,depot
17.03,15.98,5.1,15.64,0,0.0,34.08,50,0,depot
45.44,9.92,68.89,122.38,1,0.0,44.4,50,0,bus_stop
3.72,0.27,3.43,7.28,0,34.57,0.27,40,0,traffic_light
1.68,4.6,2.73,26.64,0,0.0,28.84,50,0,depot
10.84,2.45,12.87,11.93,0,0.0,38.35,50,0,unknown
2.42,1.97,2.81,10.46,0,330.99,0.57,20,0,depot
7.13,4.87,3.43,19.95,0,0.0,11.77,20,0,school
5.48,0.35,1.72,21.37,0,0.0,37.61,45,0,depot
18.65,15.6,15.89,11.69,0,0.0,17.23,45,0,bus_stop
31.94,0.8,11.98,14.89,0,0.0,17.42,30,0,traffic_light
5.82,11.98,6.26,4.91,0,643.33,0.52,50,0,school
36.98,33.23,64.74,355.06,1,0.0,38.46,45,0,unknown
0.01,5.38,17.13,29.88,0,17.13,0.65,45,0,traffic_light
20.02,2.49,14.7,25.46,0,624.05,0.6,40,0,school
0.11,8.18,4.75,11.6,0,0.0,17.75,35,0,school
11.77,11.51,17.9,27.58,0,35.84,0.88,20,0,unknown
1.61,15.29,7.22,5.93,0,0.0,10.01,30,0,unknown
4.78,7.07,14.23,1.14,0,0.0,13.75,30,0,school
7.53,11.82,14.42,19.48,0,262.37,0.18,35,0,bus_stop
1.29,6.89,3.42,4.15,0,0.0,41.11,40,0.71,bus_stop
0.36,9.4,11.32,12.88,0,0.0,11.49,40,0,unknown
2.42,5.66,4.74,10.47,0,0.0,32.01,50,0,unknown
0.39,7.21,8.7,21.04,0,0.0,44.61,50,0,unknown
0.66,15.15,8.49,28.62,0,0.0,12.7,20,0,unknown
8.21,7.79,17.61,15.64,0,0.0,8.04,40,0,unknown
15.78,17.3,13.95,8.54,0,0.0,7.95,30,0,traffic_light
4.66,17.79,8.17,12.68,0,0.0,50.55,50,1.67,school
78.63,67.72,47.13,696.51,1,0.0,37.03,50,0,bus_stop
4.19,0.46,2.53,16.15,0,0.0,13.91,30,0,bus_stop
92.56,61.32,73.55,11.12,1,158.98,0.65,40,0,bus_stop
8.98,16.26,12.54,2.91,0,0.0,41.59,40,3.0,bus_stop
22.94,0.33,5.8,1.4,0,0.0,29.57,35,0,unknown
67.64,96.64,24.91,836.07,0,0.0,31.15,45,0,unknown
15.41,9.91,6.39,25.71,0,251.61,0.35,40,0,school
4.32,1.06,14.95,29.71,0,0.0,31.33,50,0,depot
5.78,4.25,14.69,7.55,0,249.11,0.9,50,0,school
26.04,34.48,51.56,6.52,1,31.08,0.68,35,0,traffic_light
5.89,15.39,1.75,9.22,0,0.0,17.95,30,0,school
12.74,6.13,11.77,0.61,0,0.0,29.19,50,0,unknown
22.0,14.11,14.85,24.17,0,487.05,0.93,40,0,school
19.53,6.03,14.07,26.72,0,367.34,0.64,35,0,depot
0.2,3.31,17.95,26.52,0,0.0,38.45,45,0,traffic_light
18.63,15.57,12.31,7.45,0,0.0,18.43,20,0,depot
0.33,4.7,16.35,9.57,0,0.0,46.46,50,0,traffic_light
20.43,6.29,3.72,11.22,0,0.0,32.52,50,0,traffic_light
0.11,7.45,16.16,17.92,0,0.0,37.67,50,0,traffic_light
3.97,6.2,12.78,25.46,0,0.0,26.88,50,0,unknown
1.98,7.23,13.35,5.01,0,0.0,12.7,40,0,unknown
0.45,6.32,1.64,18.48,0,0.0,14.6,35,0,traffic_light
1.93,10.91,8.62,13.54,0,0.0,18.68,45,0,depot
12.09,5.66,12.65,27.01,0,0.0,8.82,30,0,unknown
0.81,6.49,4.09,6.69,0,8.24,0.09,50,0,traffic_light
10.45,12.28,17.83,6.94,0,0.0,12.71,20,0,traffic_light
5.72,5.69,7.24,18.19,0,0.0,13.02,50,0,depot
5.26,16.05,14.33,26.55,0,67.84,0.82,35,0,unknown
8.12,14.0,1.98,11.18,0,0.0,12.89,30,0,traffic_light
4.89,13.39,4.24,2.07,0,40.4,0.94,45,0,traffic_light
3.01,10.91,2.19,20.28,0,0.0,22.69,35,0,traffic_light
4.14,2.05,12.89,17.27,0,0.0,10.6,20,0,unknown
0.71,2.93,8.41,17.53,0,0.0,27.5,45,0,school
11.0,1.59,7.55,2.46,0,0.0,33.73,45,0,unknown
5.17,9.18,17.45,5.52,0,0.0,32.59,35,0,school
10.66,13.56,2.29,21.44,0,0.0,42.13,40,0.2,school
15.56,1.39,13.34,6.96,0,0.0,32.03,45,0,bus_stop
5.85,11.01,6.29,12.6,0,63.4,0.26,45,0,traffic_light
1.73,17.86,11.73,5.92,0,0.0,28.95,35,0,traffic_light
16.45,2.27,7.48,22.54,0,0.0,13.47,50,0,traffic_light
5.8,8.54,15.28,29.55,0,0.0,22.61,20,3.72,school
49.85,52.54,54.95,511.24,1,0.0,35.03,40,0,traffic_light
1.47,7.64,17.52,22.03,0,0.0,17.8,50,0,traffic_light
5.2,2.4,17.08,14.93,0,0.0,8.24,20,0,unknown
2.35,13.17,6.36,17.47,0,0.0,52.74,50,1.77,depot
8.27,8.53,8.16,14.9,0,730.8,0.09,20,0,school
6.5,15.77,5.63,7.23,0,0.0,9.27,30,0,unknown
27.74,13.05,0.11,26.91,0,768.65,0.97,45,0,school
0.97,13.57,8.49,17.02,0,0.0,35.36,35,0.06,traffic_light
3.55,8.25,3.13,8.74,0,31.17,0.1,45,0,unknown
2.94,15.69,15.29,11.62,0,186.82,0.59,50,0,bus_stop
4.54,7.35,17.51,13.48,0,14.02,0.15,30,0,traffic_light
74.23,55.21,36.53,728.63,1,0.0,47.51,45,2.38,traffic_light
2.65,9.85,2.78,16.06,0,0.0,16.3,20,0,traffic_light
0.76,17.26,17.15,20.29,0,0.0,10.48,20,0,school
7.73,16.98,2.53,2.2,0,73.54,0.54,50,0,unknown
78.95,57.28,71.05,534.46,1,0.0,33.59,45,0,traffic_light
16.16,6.4,17.1,13.24,0,6.38,0.13,35,0,unknown
5.33,2.95,10.82,17.08,0,0.0,20.02,20,0.82,unknown
19.28,12.9,11.53,24.16,0,41.51,1.03,30,0,traffic_light
14.39,6.44,11.19,22.74,0,0.0,19.98,50,0,unknown
5.83,4.06,15.95,25.74,0,0.0,32.1,30,3.62,bus_stop
14.48,15.34,12.2,26.34,0,0.0,42.41,45,0,bus_stop
16.51,1.8,6.65,8.39,0,0.0,25.94,40,0,unknown
8.31,5.33,15.41,24.3,0,185.46,0.35,40,0,bus_stop
7.42,11.65,13.55,13.35,0,0.0,18.46,20,0,traffic_light
81.8,66.71,49.72,13.17,0,10.61,0.71,40,0,unknown
5.26,2.83,1.94,15.99,0,0.0,20.28,40,0,bus_stop
0.51,15.6,16.76,15.86,0,0.0,27.92,45,0,bus_stop
0.11,2.57,12.51,20.44,0,44.34,0.23,50,0,unknown
5.38,3.78,17.37,12.13,0,123.38,0.34,40,0,bus_stop
1.19,14.07,2.28,8.22,0,0.0,8.39,20,0,bus_stop
2.01,14.98,6.7,0.25,0,0.0,7.57,20,0,school
17.92,16.44,9.71,6.45,0,0.0,19.04,20,0,depot
2.42,0.74,12.01,25.76,0,129.69,0.62,20,0,school
0.46,10.12,5.41,17.88,0,0.0,34.12,35,0,traffic_light
2.25,13.7,17.35,20.08,0,164.11,1.02,20,0,bus_stop
10.42,10.93,17.47,22.7,0,0.0,9.24,40,0,school
1.62,1.18,1.2,3.96,0,0.0,45.22,45,1.68,school
10.63,1.99,11.13,25.82,0,0.0,19.84,50,0,traffic_light
3.73,7.86,1.81,22.06,0,0.0,17.23,45,0,traffic_light
11.0,12.79,6.98,9.06,0,0.0,7.07,45,0,depot
0.0,4.42,2.76,7.92,0,0.0,25.48,30,0,unknown
1.6,7.5,9.62,28.5,0,13.25,1.13,30,0,traffic_light
5.53,3.32,14.36,6.68,0,0.0,7.06,20,0,school
2.24,0.21,5.78,24.07,0,0.0,24.68,45,0,unknown
4.47,17.26,5.96,23.94,0,0.0,17.41,20,0,school
1.75,16.45,14.11,27.8,0,0.0,20.09,45,0,traffic_light
3.17,17.75,7.3,20.02,0,77.86,1.05,20,0,bus_stop
82.87,82.01,59.35,4.29,0,51.94,0.19,45,0,traffic_light
11.93,4.9,8.1,23.13,0,0.0,36.33,40,0,traffic_light
1.68,4.96,6.58,3.43,0,9.54,0.27,35,0,traffic_light
0.88,16.88,1.37,17.82,0,0.0,30.68,30,3.35,unknown
11.8,4.77,8.28,5.4,0,0.0,7.17,40,0,bus_stop
4.57,12.68,7.5,29.74,0,119.0,1.06,40,0,bus_stop
0.11,13.82,7.25,12.54,0,0.0,19.9,45,0,traffic_light
6.0,11.59,14.41,5.11,0,0.0,30.63,30,0.98,depot
1.62,16.85,8.41,5.24,0,0.0,14.25,30,0,school
4.31,8.28,7.34,20.81,0,0.0,16.52,20,0,unknown
8.02,8.29,11.49,10.6,0,0.0,16.49,30,0,traffic_light
10.58,17.54,13.69,23.11,0,0.0,18.51,45,0,bus_stop
1.62,0.24,8.78,2.47,0,0.0,18.71,35,0,school
5.47,16.66,1.5,3.94,0,0.0,33.41,45,0,school
9.05,1.64,11.72,9.84,0,0.0,19.87,30,0,traffic_light
3.21,6.39,2.58,13.18,0,176.16,1.19,45,0,bus_stop
2.1,12.31,10.07,29.08,0,0.0,12.89,20,0,traffic_light
10.83,16.58,12.4,13.17,0,0.0,16.12,35,0,unknown
14.61,3.07,8.76,26.6,0,478.61,0.37,50,0,school
7.86,15.43,13.36,23.06,0,0.0,38.12,40,0,bus_stop
3.09,1.47,15.85,19.6,0,603.35,0.77,20,0,school
2.3,2.51,7.38,26.18,0,0.0,15.71,50,0,bus_stop
5.03,3.96,15.64,17.47,0,321.78,0.43,30,0,school
27.23,4.91,8.72,14.79,0,0.0,17.55,30,0,depot
2.64,5.29,11.14,1.26,0,0.0,11.71,45,0,bus_stop
0.25,2.27,11.56,19.18,0,0.0,11.45,30,0,school
1.08,6.14,15.33,22.51,0,0.0,35.81,35,0.72,bus_stop
20.79,3.01,13.61,4.41,0,8.01,1.18,30,0,traffic_light
2.33,2.46,2.83,1.9,0,0.0,9.42,35,0,traffic_light
66.09,77.55,60.03,468.37,0,0.0,21.74,20,3.95,school
6.89,6.99,6.54,3.9,0,0.0,8.32,30,0,bus_stop
3.03,8.71,9.63,18.16,0,8.91,0.21,40,0,traffic_light
9.12,11.26,12.09,12.07,0,0.0,23.92,30,0,unknown
6.65,15.02,14.1,9.92,0,15.91,0.84,20,0,traffic_light
15.01,14.89,1.63,27.33,0,567.72,0.92,40,0,depot
5.12,0.25,5.04,8.01,0,0.0,10.59,20,0,traffic_light
3.13,16.13,17.63,16.92,0,0.0,36.64,50,0,traffic_light
12.0,5.4,10.73,26.01,0,0.0,13.28,20,0,bus_stop
2.41,12.48,5.82,14.67,0,0.0,23.02,40,0,unknown
2.48,5.29,10.63,14.17,0,0.0,8.34,40,0,depot
1.34,4.26,9.36,15.65,0,0.0,14.54,35,0,depot
1.2,0.01,16.93,2.03,0,0.0,7.78,20,0,depot
0.2,14.18,8.9,3.0,0,25.32,0.62,40,0,unknown
2.3,8.21,12.26,28.14,0,0.0,38.04,40,0,bus_stop
1.63,15.56,15.72,4.09,0,21.74,0.98,20,0,traffic_light
18.21,8.16,2.4,18.02,0,0.0,38.54,50,0,bus_stop
0.15,9.0,1.45,15.63,0,71.23,0.14,30,0,traffic_light
14.69,1.03,17.07,25.35,0,0.0,9.68,20,0,unknown
5.19,14.54,12.71,26.34,0,12.35,0.12,30,0,traffic_light
9.01,7.13,0.12,23.95,0,0.0,10.11,30,0,unknown
5.5,0.4,1.89,7.95,0,0.0,7.2,20,0,school
4.24,14.38,8.44,0.69,0,0.0,13.54,45,0,unknown
89.28,73.1,54.09,460.21,1,0.0,22.67,40,0,depot
68.0,59.58,74.7,3.41,1,58.32,0.21,30,0,unknown
8.76,4.01,11.84,16.69,0,0.0,30.85,40,0,unknown
7.49,9.31,13.74,4.83,0,33.86,0.49,40,0,unknown
24.12,12.03,8.1,16.58,0,24.39,0.72,40,0,traffic_light
12.41,14.4,2.82,11.79,0,0.0,24.36,45,0,school
4.18,8.66,16.69,12.4,0,0.0,7.68,20,0,traffic_light
5.85,16.01,3.64,11.51,0,49.43,1.15,50,0,traffic_light
16.01,8.57,17.21,14.07,0,27.27,0.91,35,0,traffic_light
3.11,15.05,17.37,5.13,0,556.4,0.16,35,0,depot
20.36,3.37,2.25,6.63,0,0.0,10.26,40,0,bus_stop
0.59,6.18,14.41,15.38,0,0.0,45.51,45,0.77,traffic_light
1.57,16.74,1.85,2.93,0,60.54,1.14,20,0,unknown
8.86,9.17,13.92,10.85,0,371.05,1.0,40,0,school
55.4,87.84,53.31,27.28,0,11.36,1.12,30,0,traffic_light
21.89,14.33,8.43,29.21,0,234.64,0.42,35,0,bus_stop
4.2,17.86,10.27,13.91,0,11.53,0.98,45,0,traffic_light
42.75,22.27,64.62,141.6,0,0.0,22.89,20,3.3,depot
7.18,11.52,4.67,8.3,0,0.0,29.66,35,0,unknown
33.92,45.65,58.17,246.94,0,0.0,19.48,20,0,bus_stop
7.16,9.05,7.96,20.83,0,0.0,28.69,50,0,school
55.1,88.59,42.09,17.8,1,39.12,0.72,20,0,bus_stop
4.44,11.72,11.47,23.73,0,0.0,19.47,50,0,bus_stop
6.74,1.97,3.15,20.97,0,47.13,1.0,20,0,bus_stop
6.03,17.24,0.96,16.46,0,17.23,1.07,20,0,traffic_light
4.3,0.25,8.87,4.73,0,351.25,0.6,30,0,depot
27.91,63.97,20.19,154.27,1,0.0,8.68,45,0,bus_stop
1.96,15.57,12.01,5.78,0,115.96,0.41,50,0,bus_stop
2.68,9.51,3.63,4.75,0,0.0,10.42,30,0,traffic_light
8.96,7.3,11.47,12.94,0,163.89,0.81,30,0,school
12.79,4.38,15.03,21.01,0,181.91,1.18,20,0,school
1.95,7.92,6.37,6.57,0,0.0,28.5,30,0,bus_stop
13.63,10.3,4.22,26.98,0,0.0,23.77,30,0,bus_stop
2.0,14.27,1.95,14.16,0,0.0,19.91,45,0,unknown
1.59,7.95,3.86,0.53,0,20.89,0.21,40,0,traffic_light
5.09,17.97,4.17,1.16,0,0.0,17.71,20,0,bus_stop
4.63,0.42,1.72,18.76,0,64.55,1.07,40,0,bus_stop
0.12,9.4,16.62,14.6,0,29.35,0.45,30,0,unknown
1.05,14.71,13.52,13.28,0,0.0,26.53,50,0,depot
23.78,5.16,16.11,13.36,0,0.0,19.95,20,0,unknown
6.68,1.06,16.13,23.83,0,0.0,13.54,20,0,school
1.7,14.36,6.14,14.84,0,0.0,14.54,40,0,bus_stop
2.38,0.88,3.79,12.32,0,0.0,28.28,35,0,school
8.96,12.97,0.11,0.29,0,0.0,7.6,40,0,unknown
5.45,9.59,3.36,9.87,0,0.0,14.43,50,0,traffic_light
4.04,8.72,13.34,19.18,0,0.0,29.34,35,0,traffic_light
1.51,7.8,8.18,15.11,0,19.9,0.89,20,0,traffic_light
6.67,14.3,1.37,16.12,0,26.47,0.78,40,0,traffic_light
2.2,10.55,0.96,12.78,0,0.0,11.53,20,0,unknown
0.27,4.9,8.93,28.97,0,0.0,23.37,40,0,depot
7.46,3.73,5.11,8.7,0,386.91,0.01,50,0,school
7.08,7.09,6.17,15.38,0,18.51,0.69,50,0,traffic_light
2.47,15.97,7.96,20.9,0,417.69,0.9,30,0,school
4.76,0.09,10.12,28.51,0,24.2,0.89,30,0,traffic_light
3.08,4.84,10.42,1.83,0,120.15,0.6,40,0,bus_stop
3.12,17.92,15.4,5.74,0,0.0,37.51,35,2.8,school
9.78,15.16,13.68,18.37,0,0.0,9.86,50,0,school
3.32,3.23,14.74,8.52,0,0.0,40.1,40,0.81,depot
4.49,14.9,11.72,10.19,0,0.0,45.97,50,0,traffic_light
6.48,7.3,15.84,16.45,0,0.0,22.32,30,0,school
0.42,12.68,4.14,1.97,0,49.93,0.7,50,0,unknown
1.51,9.67,3.97,15.59,0,368.1,1.02,20,0,school
19.06,13.21,6.49,16.41,0,42.46,0.26,30,0,bus_stop
13.0,8.01,7.95,24.43,0,231.34,0.35,20,0,school
4.38,6.31,0.21,6.5,0,16.62,1.13,35,0,unknown
87.65,96.75,26.72,616.7,0,0.0,22.95,35,0,bus_stop
9.76,14.03,3.1,5.15,0,0.0,30.38,40,0,traffic_light
18.22,4.15,8.93,13.04,0,0.0,9.52,50,0,school
15.63,9.21,5.87,14.36,0,0.0,48.29,50,0,unknown
1.11,5.31,4.63,18.95,0,18.02,0.87,40,0,unknown
19.46,10.06,12.73,16.03,0,0.0,43.37,45,0,school
11.51,9.71,14.58,21.61,0,0.0,32.68,40,0,school
2.56,2.77,7.02,14.67,0,0.0,7.93,45,0,unknown
11.55,8.56,16.09,1.67,0,0.0,35.67,50,0,traffic_light
5.1,13.17,8.74,26.44,0,830.17,1.07,35,0,school
63.52,72.72,34.9,280.54,1,0.0,13.89,45,0,unknown
6.07,10.25,3.01,20.16,0,27.62,0.48,45,0,unknown
40.16,73.95,53.1,11.26,0,224.63,0.55,35,0,bus_stop
0.35,4.44,10.77,3.27,0,278.15,0.37,20,0,depot
11.33,15.91,9.43,7.72,0,543.93,0.57,20,0,depot
9.85,3.46,3.98,15.82,0,56.51,0.99,20,0,unknown
0.18,4.51,5.61,0.88,0,0.0,47.53,45,3.58,bus_stop
2.15,12.45,5.44,8.22,0,0.0,34.09,40,0,unknown
1.4,4.0,9.49,17.71,0,0.0,15.12,35,0,traffic_light
6.04,8.64,4.83,19.64,0,65.3,0.34,40,0,traffic_light
0.9,4.16,3.53,20.88,0,0.0,42.72,40,3.28,unknown
1.17,4.56,11.69,22.59,0,13.88,0.22,45,0,traffic_light
3.26,0.9,10.42,0.22,0,0.0,21.31,30,0,depot
22.72,15.66,12.85,14.27,0,0.0,13.32,20,0,unknown
1.75,12.44,3.4,24.04,0,0.0,30.97,30,3.95,unknown
7.95,2.43,5.58,6.41,0,412.66,0.22,20,0,depot
18.65,7.09,13.13,0.85,0,0.0,16.1,30,0,traffic_light
10.17,14.16,5.03,5.21,0,0.0,47.48,45,1.99,unknown
8.24,4.95,15.58,10.37,0,0.0,16.23,20,0,depot
0.06,11.08,3.08,8.87,0,136.4,0.52,20,0,bus_stop
81.94,72.75,15.73,1027.1,1,0.0,50.83,50,0.88,depot
2.18,11.23,4.53,29.11,0,0.0,30.78,50,0,traffic_light
6.89,13.54,1.64,7.06,0,0.0,9.9,40,0,traffic_light
2.51,0.43,9.79,13.44,0,274.72,0.84,50,0,school
10.65,0.32,9.32,17.59,0,0.0,9.05,40,0,bus_stop
5.18,2.43,17.56,27.75,0,0.0,33.16,50,0,unknown
6.12,13.66,15.16,25.89,0,20.5,0.25,20,0,traffic_light
1.1,12.26,10.39,4.71,0,513.8,0.06,35,0,school
19.45,15.86,5.5,20.72,0,54.4,0.13,35,0,unknown
11.53,6.71,2.72,22.53,0,0.0,22.8,35,0,bus_stop
0.6,15.86,1.18,24.48,0,14.26,0.39,40,0,traffic_light
0.83,8.06,13.73,23.11,0,0.0,17.14,35,0,unknown
0.73,13.04,17.49,13.26,0,39.61,0.46,20,0,traffic_light
1.43,10.8,9.75,29.18,0,0.0,22.13,20,3.53,school
1.69,11.36,1.45,9.95,0,138.14,0.63,20,0,bus_stop
4.94,10.6,6.49,26.83,0,0.0,22.39,20,2.04,bus_stop
2.95,5.08,15.71,17.91,0,0.0,11.47,30,0,unknown
0.13,5.03,7.75,13.65,0,0.0,25.94,30,0,bus_stop
0.05,8.81,16.48,5.7,0,775.99,0.63,20,0,school
22.18,12.59,8.5,10.0,0,0.0,14.92,20,0,bus_stop
19.77,0.82,7.72,26.73,0,0.0,17.78,20,0,bus_stop
14.77,11.9,0.05,21.99,0,0.0,23.44,35,0,school
8.57,10.43,12.31,2.16,0,51.26,1.02,20,0,unknown
2.05,8.08,13.23,7.25,0,319.19,1.05,35,0,school
5.41,4.22,17.13,7.4,0,5.91,0.26,45,0,unknown
5.62,5.37,15.93,4.03,0,0.0,45.88,45,0.82,bus_stop
1.07,10.01,9.72,9.29,0,13.58,0.45,30,0,traffic_light
2.18,14.06,16.62,13.96,0,17.87,0.95,40,0,unknown
27.5,13.97,6.07,11.77,0,0.0,15.91,20,0,bus_stop
7.85,2.67,2.29,8.48,0,0.0,18.27,20,0,bus_stop
4.92,5.33,12.77,17.29,0,71.6,0.7,50,0,unknown
0.66,1.82,9.07,19.81,0,0.0,40.65,50,0,traffic_light
7.18,0.57,12.22,0.94,0,0.0,16.97,30,0,unknown
51.56,9.6,70.35,29.69,0,0.0,11.13,35,0,traffic_light
29.38,17.81,12.94,7.77,0,0.0,24.51,40,0,depot
16.59,2.78,1.65,0.06,0,0.0,21.0,20,0.84,bus_stop
16.25,1.33,0.42,17.58,0,0.0,8.43,35,0,traffic_light
0.99,1.92,9.87,18.1,0,0.0,24.89,35,0,bus_stop
3.51,9.42,2.15,7.7,0,0.0,19.43,30,0,unknown
0.12,10.7,17.57,25.62,0,0.0,45.7,50,0,traffic_light
4.88,9.88,0.98,3.84,0,16.76,0.51,40,0,traffic_light
0.27,6.8,7.95,21.62,0,0.0,15.71,20,0,traffic_light
12.58,6.03,15.2,10.57,0,0.0,39.14,40,0,bus_stop
67.71,9.15,38.98,110.07,1,0.0,43.3,50,0,unknown
1.25,14.55,5.22,27.18,0,0.0,17.8,20,0,school
0.77,15.26,6.01,9.47,0,0.0,7.94,20,0,unknown
2.91,10.48,4.16,19.64,0,0.0,42.63,45,0,bus_stop
9.26,10.87,10.87,11.75,0,16.53,0.84,30,0,unknown
3.64,8.06,17.09,19.0,0,0.0,25.41,30,0,traffic_light
5.72,8.16,12.98,16.02,0,0.0,18.31,35,0,bus_stop
4.51,10.44,6.57,8.21,0,9.52,0.74,40,0,unknown
11.49,10.4,5.99,6.48,0,39.09,0.15,20,0,unknown
4.41,1.4,14.38,27.7,0,0.0,19.89,50,0,unknown
8.34,5.88,6.51,18.26,0,0.0,29.46,30,0,traffic_light
2.83,6.35,6.31,14.06,0,40.37,1.02,45,0,traffic_light
7.22,12.06,13.53,16.89,0,32.96,0.24,45,0,traffic_light
0.32,13.47,14.25,2.18,0,709.99,0.13,40,0,school
13.88,14.02,12.52,10.83,0,224.72,0.84,40,0,bus_stop
1.8,13.46,6.77,8.28,0,0.0,15.39,20,0,bus_stop
7.21,9.49,0.34,14.96,0,0.0,15.57,30,0,school
5.75,9.43,6.34,28.94,0,44.68,0.86,20,0,unknown
21.97,9.98,4.04,26.51,0,0.0,30.96,40,0,unknown
5.67,12.6,6.81,17.61,0,0.0,31.24,30,0.72,unknown
4.15,7.63,17.79,24.39,0,38.54,0.27,45,0,unknown
7.29,16.02,15.59,12.44,0,0.0,34.42,50,0,traffic_light
92.4,45.69,64.1,4.76,1,181.37,0.38,20,0,school
4.24,11.22,4.02,22.22,0,24.19,0.67,45,0,traffic_light
94.23,66.86,21.35,205.5,0,0.0,11.06,20,0,unknown
3.57,10.21,8.27,21.38,0,21.71,0.58,50,0,traffic_light
1.05,4.21,0.9,23.36,0,0.0,44.7,50,0,school
13.74,11.98,12.88,29.15,0,0.0,17.44,45,0,traffic_light
6.3,1.56,10.71,17.08,0,31.07,0.94,30,0,unknown
1.42,3.09,10.89,14.84,0,0.0,9.76,40,0,unknown
6.01,16.71,8.39,9.31,0,46.57,1.08,45,0,unknown
9.73,1.93,8.91,2.32,0,120.53,0.02,35,0,bus_stop
0.4,7.61,6.47,9.63,0,55.12,0.06,30,0,unknown
27.92,4.41,4.58,16.66,0,27.81,1.2,35,0,unknown
1.62,10.61,4.3,1.29,0,26.15,0.11,45,0,traffic_light
8.61,2.12,9.14,29.81,0,0.0,19.9,45,0,bus_stop
2.99,2.75,15.6,14.12,0,24.59,0.48,50,0,traffic_light
3.68,9.71,1.04,20.84,0,0.0,35.18,45,0,unknown
1.47,2.03,3.44,18.4,0,0.0,19.36,35,0,depot
6.49,8.78,8.87,5.98,0,0.0,7.4,40,0,bus_stop
79.14,70.5,24.48,10.83,1,24.51,0.55,45,0,unknown
2.65,14.43,16.85,15.2,0,232.16,1.09,35,0,bus_stop
9.02,9.3,10.23,4.32,0,0.0,47.25,50,0,bus_stop
1.7,7.3,10.18,5.79,0,60.4,0.46,45,0,bus_stop
11.67,13.42,9.67,21.37,0,0.0,27.17,45,0,bus_stop
1.47,5.29,13.23,8.3,0,0.0,18.14,35,0,unknown
46.39,23.45,41.2,251.09,1,0.0,38.55,50,0,depot
5.86,11.98,9.88,8.22,0,105.32,0.27,40,0,bus_stop
2.93,4.74,2.94,10.92,0,9.68,0.02,20,0,unknown
0.94,9.8,3.17,28.51,0,20.59,0.39,30,0,traffic_light
8.02,1.9,1.71,5.37,0,0.0,11.78,20,0,bus_stop
9.29,3.69,14.09,1.34,0,40.45,0.14,40,0,unknown
65.97,71.83,57.89,601.99,0,0.0,30.17,40,0,bus_stop
2.96,12.63,1.07,10.49,0,0.0,34.65,35,0,unknown
5.48,16.13,2.61,22.54,0,74.27,0.42,40,0,unknown
0.39,17.71,3.1,29.54,0,237.35,0.99,20,0,bus_stop
2.38,15.68,2.87,28.04,0,0.0,30.91,50,0,unknown
5.31,17.39,7.3,12.34,0,0.0,11.13,35,0,traffic_light
1.32,5.25,14.83,15.43,0,74.02,0.82,50,0,bus_stop
5.06,9.23,11.62,4.0,0,744.19,0.65,20,0,depot
1.69,0.03,4.17,5.53,0,4.05,0.73,50,0,unknown
2.3,15.92,5.92,3.71,0,0.0,21.6,30,0,depot
13.01,11.15,4.55,19.15,0,0.0,37.1,40,0,traffic_light
6.77,6.18,17.82,15.51,0,0.0,15.96,20,0,school
21.94,17.55,0.87,13.63,0,0.0,17.16,20,0,unknown
4.79,16.02,2.06,22.39,0,0.0,40.88,40,3.43,bus_stop
3.61,5.68,5.72,2.83,0,237.32,1.16,20,0,bus_stop
0.32,15.68,13.78,22.65,0,72.78,0.17,50,0,bus_stop
7.85,1.13,7.82,14.59,0,0.0,17.9,30,0,bus_stop
21.83,6.03,1.86,6.8,0,0.0,10.52,35,0,unknown
3.69,13.19,14.3,12.08,0,0.0,8.38,30,0,unknown
11.52,1.42,16.16,24.63,0,12.28,1.11,50,0,unknown
14.15,8.51,16.11,10.6,0,0.0,13.02,50,0,school
8.89,13.06,7.55,20.92,0,0.0,15.78,30,0,traffic_light
1.75,16.87,7.54,27.14,0,99.37,0.82,45,0,bus_stop
7.77,7.12,17.3,22.46,0,0.0,17.88,40,0,bus_stop
4.69,14.19,6.96,11.86,0,0.0,28.68,40,0,unknown
10.57,5.63,17.74,28.02,0,0.0,41.16,50,0,school
21.29,0.58,15.28,11.17,0,0.0,10.35,30,0,bus_stop
81.38,55.78,19.29,435.08,0,0.0,28.08,45,0,traffic_light
4.74,2.05,0.88,11.44,0,0.0,14.66,35,0,bus_stop
2.37,2.8,16.05,17.88,0,451.86,0.83,45,0,depot
2.23,14.24,15.25,26.81,0,0.0,33.34,35,0,traffic_light
5.04,7.92,0.35,5.18,0,26.14,0.93,40,0,traffic_light
2.37,7.62,9.39,5.71,0,0.0,36.29,35,1.65,school
0.01,3.86,15.22,7.29,0,64.08,1.16,20,0,bus_stop
0.5,1.11,17.16,17.2,0,0.0,24.38,30,0,school
5.17,12.41,0.99,21.92,0,0.0,12.2,35,0,depot
69.49,14.57,69.42,161.15,1,0.0,39.82,40,0,school
1.14,5.7,3.62,9.17,0,0.0,19.72,40,0,traffic_light
2.68,11.0,12.23,17.33,0,0.0,32.26,30,3.5,bus_stop
4.01,1.59,5.78,17.74,0,0.0,13.38,20,0,unknown
0.58,17.97,9.63,24.36,0,0.0,15.4,20,0,school
61.93,25.62,17.44,109.82,1,0.0,15.43,20,0,unknown
18.22,16.76,2.3,18.22,0,516.01,1.15,35,0,depot
5.23,6.84,9.83,23.85,0,54.84,0.74,30,0,bus_stop
7.97,12.28,5.24,21.73,0,0.0,28.95,35,0,traffic_light
0.54,13.09,3.56,11.74,0,138.5,0.07,30,0,school
14.33,8.94,5.67,2.93,0,417.37,0.45,20,0,school
20.22,4.79,5.56,18.39,0,0.0,15.42,35,0,unknown
4.28,7.52,6.78,4.93,0,125.7,0.51,50,0,bus_stop
1.96,3.75,9.6,12.55,0,0.0,7.55,40,0,school
1.33,11.12,13.18,14.55,0,0.0,19.27,30,0,school
22.58,2.65,1.12,7.16,0,0.0,13.46,20,0,unknown
2.25,3.68,8.97,1.05,0,125.79,0.27,35,0,bus_stop
12.82,14.16,8.55,20.69,0,0.0,10.54,30,0,school
2.16,2.08,17.22,12.36,0,597.52,1.06,45,0,school
2.68,6.82,9.45,2.35,0,0.0,25.14,35,0,school
2.13,0.57,15.93,13.69,0,45.94,1.08,30,0,traffic_light
0.48,4.44,14.33,14.73,0,0.0,30.31,30,1.09,depot
22.64,2.19,10.83,26.24,0,28.07,0.48,35,0,unknown
35,1.91,8.9,4.67,0,0.0,38.43,40,0,bus_stop
28.76,98.99,61.58,1.65,0,389.42,0.06,40,0,depot
7.75,1.81,11.77,15.17,0,0.0,11.46,30,0,unknown
1.04,6.39,10.99,8.49,0,0.0,19.8,40,0,bus_stop
15.76,6.44,17.38,9.42,0,0.0,10.95,20,0,unknown
5.82,3.77,4.55,9.24,0,5.83,0.19,20,0,unknown
8.72,9.34,4.24,28.76,0,0.0,36.61,40,0,depot
0.01,17.83,9.03,10.24,0,0.0,35.88,45,0,school
23.95,11.77,0.3,18.11,0,0.0,17.49,20,0,traffic_light
0.28,13.96,17.42,2.75,0,57.05,0.23,30,0,unknown
1.11,14.12,14.44,16.84,0,0.0,31.16,40,0,traffic_light
1.79,4.2,16.02,14.99,0,630.5,0.3,20,0,school
0.56,4.2,12.64,15.51,0,0.0,31.67,50,0,depot
0.16,7.85,10.44,23.96,0,0.0,33.15,35,0,bus_stop
21.71,4.67,8.8,14.19,0,0.0,20.69,50,0,unknown
4.04,9.59,17.77,9.26,0,0.0,47.67,50,0,unknown
1.89,5.33,10.54,1.69,0,401.22,0.47,30,0,school
4.5,17.54,14.11,18.35,0,0.0,13.08,35,0,bus_stop
35,14.01,1.12,26.71,0,0.0,24.21,40,0,unknown
0.6,2.84,13.97,13.19,0,0.0,10.12,35,0,school
5.0,9.87,11.66,6.28,0,0.0,32.33,30,2.05,traffic_light
1.12,2.79,16.18,7.13,0,198.46,0.75,45,0,school
60.52,85.39,44.5,710.74,1,0.0,29.96,35,0,traffic_light
1.74,7.63,7.15,19.76,0,205.06,0.32,35,0,bus_stop
10.8,0.92,6.81,28.71,0,0.0,14.8,30,0,traffic_light
15.29,17.95,6.37,17.49,0,336.81,0.01,30,0,school
10.3,10.62,16.51,15.75,0,290.5,1.01,40,0,school
0.22,11.32,12.09,3.94,0,0.0,22.9,35,0,school
2.62,15.16,17.24,14.1,0,0.0,8.74,40,0,unknown
2.46,1.72,8.91,17.53,0,0.0,35.76,40,0,traffic_light
6.58,17.66,17.97,22.73,0,0.0,16.17,45,0,unknown
5.76,10.46,6.84,26.25,0,15.77,0.31,45,0,unknown
5.89,0.42,11.42,12.48,0,717.65,0.85,45,0,school
2.36,6.71,8.43,4.5,0,0.0,7.98,20,0,school
14.98,4.81,16.81,19.75,0,0.0,13.39,40,0,unknown
0.88,2.63,5.42,13.28,0,0.0,18.63,45,0,depot
40.15,80.32,60.23,495.63,1,0.0,22.21,50,0,traffic_light
3.32,8.09,0.79,17.36,0,0.0,9.05,40,0,traffic_light
2.49,1.67,9.61,10.4,0,35.37,0.6,20,0,traffic_light
4.83,5.86,7.94,14.8,0,51.32,0.02,30,0,traffic_light
23.23,15.11,16.06,8.56,0,0.0,40.0,40,2.7,traffic_light
1.94,6.16,16.87,17.06,0,0.0,12.41,40,0,unknown
1.25,2.11,7.69,6.18,0,71.17,0.98,35,0,bus_stop
4.01,5.56,8.69,23.88,0,0.0,28.71,50,0,unknown
2.57,0.48,4.9,15.84,0,271.23,0.62,45,0,school
0.7,5.82,1.84,7.09,0,55.08,0.21,35,0,unknown
0.75,13.13,7.28,15.93,0,44.03,0.8,20,0,unknown
14.34,7.28,13.57,18.3,0,0.0,22.03,20,3.06,school
6.84,15.78,6.57,1.76,0,0.0,19.11,50,0,traffic_light
6.15,12.0,6.04,25.11,0,0.0,18.69,20,0,bus_stop
80.17,88.61,27.99,25.72,1,51.98,1.04,35,0,traffic_light
0.75,5.48,10.94,8.71,0,0.0,21.05,35,0,traffic_light
0.77,16.33,15.62,14.25,0,37.54,1.0,30,0,unknown
1.43,3.53,11.31,22.25,0,0.0,21.46,45,0,bus_stop
4.78,4.24,11.08,26.03,0,0.0,18.03,45,0,traffic_light
1.33,6.79,14.91,23.22,0,0.0,21.39,35,0,unknown
1.47,2.17,5.13,8.93,0,0.0,24.72,40,0,traffic_light
2.98,11.11,8.23,29.4,0,0.0,44.9,50,0,bus_stop
3.89,6.28,16.24,10.61,0,0.0,12.27,30,0,traffic_light
3.27,11.47,15.44,13.15,0,0.0,45.6,45,1.48,traffic_light
0.44,9.6,13.39,17.83,0,0.0,18.85,30,0,bus_stop
3.37,12.35,15.7,11.18,0,0.0,35.94,40,0,school
0.87,13.07,15.94,2.43,0,0.0,20.05,45,0,traffic_light
12.88,4.14,17.83,7.48,0,100.22,0.68,50,0,school
2.47,8.46,10.62,26.47,0,0.0,29.17,45,0,unknown
12.02,16.76,14.09,24.82,0,214.21,0.9,40,0,school
63.66,8.57,19.42,37.89,0,0.0,15.91,30,0,bus_stop
3.54,14.57,15.07,12.06,0,0.0,11.56,20,0,school
15.17,0.39,4.96,5.05,0,16.31,0.63,45,0,unknown
5.28,0.93,11.74,7.3,0,0.0,15.8,50,0,traffic_light
2.53,4.44,2.92,12.17,0,0.0,11.32,40,0,bus_stop
1.04,5.55,1.8,5.99,0,0.0,38.16,45,0,depot
22.93,4.0,11.72,27.05,0,536.69,0.66,50,0,school
3.98,0.61,2.45,18.35,0,25.47,0.54,35,0,traffic_light
1.89,14.75,12.36,14.79,0,659.77,0.52,45,0,school
8.48,8.76,4.04,12.16,0,27.94,1.18,45,0,traffic_light
0.85,5.54,5.24,0.32,0,0.0,37.34,35,0.23,traffic_light
6.27,17.4,5.08,19.48,0,0.0,22.76,45,0,traffic_light
0.54,3.92,1.0,23.01,0,59.54,0.28,50,0,traffic_light
5.44,13.54,16.72,23.23,0,0.0,44.06,45,0,bus_stop
9.39,7.05,15.12,11.84,0,0.0,24.96,50,0,traffic_light
1.31,3.63,0.21,3.26,0,0.0,28.84,35,0,traffic_light
20.19,10.57,3.58,23.21,0,0.0,26.65,30,0,unknown
0.06,11.09,15.46,25.77,0,116.08,0.94,30,0,school
6.16,11.59,11.84,23.71,0,11.06,0.14,35,0,traffic_light
16.37,9.03,10.87,7.05,0,0.0,12.25,20,0,traffic_light
0.52,10.55,6.24,7.83,0,20.95,0.68,20,0,unknown
7.97,5.12,9.15,21.71,0,424.54,0.12,35,0,school
4.95,17.24,7.52,5.55,0,0.0,38.47,45,0,traffic_light
12.88,17.57,9.87,10.99,0,0.0,10.22,20,0,traffic_light
13.11,10.56,15.3,14.05,0,40.98,0.22,30,0,traffic_light
2.91,12.77,13.13,8.0,0,67.16,0.78,30,0,bus_stop
5.16,0.83,8.84,16.64,0,18.23,0.32,20,0,unknown
1.13,13.33,4.48,25.2,0,435.27,0.71,20,0,depot
0.46,6.96,12.07,20.05,0,0.0,35.18,40,0,unknown
0.37,7.69,8.25,23.54,0,0.0,22.08,35,0,school
1.23,12.52,3.29,29.26,0,0.0,16.46,35,0,unknown
2.46,9.45,8.46,27.03,0,0.0,31.94,35,0,bus_stop
8.01,2.59,16.53,7.61,0,538.65,0.23,20,0,school
6.0,2.25,12.05,17.33,0,105.55,0.33,30,0,bus_stop
1.86,2.0,6.19,1.81,0,7.02,0.79,50,0,traffic_light
4.5,10.59,4.69,12.49,0,137.76,0.74,50,0,school
1.66,5.28,11.3,26.13,0,0.0,16.29,30,0,unknown
0.82,16.68,14.84,22.86,0,0.0,20.34,40,0,depot
4.78,0.74,9.77,9.47,0,0.0,12.94,45,0,depot
0.23,15.21,9.35,21.95,0,0.0,15.78,50,0,bus_stop
91.79,19.1,65.01,2.17,0,284.48,0.41,30,0,school
2.34,16.77,11.96,7.21,0,17.63,1.15,35,0,unknown
21.17,5.52,17.66,9.92,0,574.81,0.01,50,0,depot
0.86,2.37,15.66,23.78,0,13.11,0.79,40,0,unknown
2.01,12.32,14.69,15.78,0,0.0,24.22,35,0,school
3.36,5.46,17.37,18.63,0,473.4,0.95,30,0,depot
2.12,4.56,8.19,27.1,0,0.0,11.21,40,0,bus_stop
3.33,5.97,2.79,18.21,0,0.0,20.98,20,0.99,depot
14.2,12.44,15.56,7.24,0,152.4,1.17,30,0,depot
0.88,14.29,10.65,16.77,0,0.0,40.67,50,0,school
17.98,13.17,17.06,8.72,0,0.0,29.57,30,0,traffic_light
10.33,9.66,11.83,9.36,0,0.0,42.99,45,0,depot
12.44,2.04,15.46,9.56,0,0.0,8.03,20,0,unknown
0.73,16.89,16.85,8.19,0,0.0,18.07,20,0,traffic_light
10.37,13.05,3.44,20.35,0,0.0,11.63,20,0,traffic_light
36.11,52.38,43.02,521.62,0,0.0,35.85,35,1.44,traffic_light
4.57,13.92,2.19,13.78,0,0.0,35.94,50,0,traffic_light
3.35,9.14,17.42,15.4,0,0.0,20.88,20,1.33,unknown
36.73,14.23,62.92,63.68,1,0.0,16.11,35,0,traffic_light
3.57,7.3,4.76,21.37,0,0.0,45.32,45,3.8,unknown
0.33,4.44,0.54,10.34,0,0.0,48.6,50,0,traffic_light
11.67,15.41,4.51,29.39,0,178.63,0.96,40,0,depot
31.37,11.28,3.67,15.9,0,0.0,33.98,35,0,traffic_light
57.03,59.04,67.48,142.31,1,0.0,8.68,35,0,unknown
3.24,2.74,3.41,27.96,0,228.86,0.12,40,0,depot
19.2,1.86,6.37,9.28,0,33.55,0.69,30,0,unknown
8.1,12.24,9.61,25.25,0,0.0,12.44,30,0,school
2.23,0.83,10.33,12.31,0,0.0,28.38,35,0,school
3.7,4.44,14.17,26.85,0,0.0,7.82,20,0,bus_stop
4.56,17.05,8.94,11.71,0,0.0,7.25,30,0,unknown
2.16,10.81,6.55,2.61,0,242.87,0.98,35,0,depot
9.23,3.84,4.56,0.9,0,0.0,52.91,50,3.21,unknown
2.64,8.28,16.91,28.37,0,0.0,37.62,40,0,traffic_light
1.05,9.15,10.72,26.5,0,562.76,0.94,40,0,school
1.96,9.04,13.51,27.23,0,0.0,15.55,20,0,unknown
9.6,10.86,0.74,28.27,0,0.0,10.38,30,0,bus_stop
21.12,12.7,7.66,5.52,0,0.0,32.21,35,0,traffic_light
20.35,16.16,9.87,15.34,0,0.0,34.53,35,0,unknown
13.19,15.38,0.12,15.22,0,0.0,30.82,50,0,unknown
3.32,7.67,9.31,23.74,0,103.25,0.94,35,0,bus_stop
3.44,8.74,16.35,11.49,0,0.0,30.06,45,0,traffic_light
33.93,1.31,7.0,18.22,0,0.0,39.12,40,0,unknown
4.27,13.79,12.72,5.13,0,0.0,21.67,45,0,traffic_light
0.47,14.72,1.43,13.9,0,0.0,19.81,20,0,traffic_light
14.91,7.23,4.45,3.94,0,0.0,15.96,20,0,bus_stop
3.75,13.3,5.47,21.08,0,0.0,13.1,30,0,bus_stop
0.39,1.93,1.51,29.3,0,0.0,18.23,20,0,traffic_light
57.36,95.69,43.51,26.4,1,43.7,0.99,45,0,traffic_light
1.82,2.63,4.9,26.94,0,90.9,0.28,45,0,bus_stop
0.09,7.65,3.75,28.36,0,13.12,0.6,50,0,traffic_light
1.39,6.4,12.12,11.83,0,22.19,1.02,20,0,traffic_light
1.51,13.57,4.87,0.84,0,0.0,11.88,50,0,traffic_light
8.3,9.24,1.49,0.54,0,0.0,30.83,35,0,bus_stop
11.06,5.05,7.69,23.46,0,99.14,0.2,30,0,bus_stop
3.69,7.2,9.63,27.79,0,69.01,0.92,30,0,unknown
3.37,1.73,6.51,26.2,0,0.0,24.4,35,0,bus_stop
5.55,1.28,2.28,3.42,0,0.0,11.57,20,0,traffic_light
8.15,14.57,14.44,19.09,0,161.66,0.12,30,0,bus_stop
5.63,11.07,6.43,23.17,0,283.96,0.84,50,0,bus_stop
1.16,2.4,12.67,20.0,0,0.0,16.01,35,0,unknown
1.93,9.67,14.84,12.76,0,0.0,19.59,30,0,bus_stop
11.32,13.67,5.46,11.76,0,388.7,0.71,50,0,school
0.35,1.25,2.6,6.35,0,0.0,26.69,35,0,traffic_light
3.61,17.87,9.35,27.23,0,0.0,40.56,50,0,traffic_light
0.23,17.0,7.73,28.71,0,0.0,14.46,20,0,depot
7.34,0.08,12.41,10.11,0,0.0,38.74,45,0,bus_stop
3.34,17.33,17.31,18.17,0,0.0,19.83,20,0,school
0.75,17.13,6.57,9.95,0,0.0,21.32,40,0,depot
4.89,15.12,9.99,25.59,0,0.0,17.38,45,0,school
3.53,17.02,11.6,13.03,0,0.0,12.44,50,0,traffic_light
2.44,9.39,3.21,25.25,0,323.04,0.5,50,0,depot
4.14,11.13,16.26,2.26,0,13.24,0.67,30,0,traffic_light
5.31,3.7,3.05,21.14,0,0.0,36.87,45,0,unknown
0.82,1.67,12.65,23.99,0,0.0,13.94,45,0,unknown
11.57,14.57,16.73,7.52,0,110.67,0.03,45,0,school
15.12,7.47,14.74,3.39,0,0.0,7.78,40,0,traffic_light
2.65,11.71,5.36,18.84,0,29.83,1.08,45,0,traffic_light
0.45,9.65,4.68,8.28,0,175.67,0.37,50,0,school
3.41,13.37,2.6,19.95,0,14.64,0.57,35,0,unknown
11.69,8.98,15.95,9.1,0,24.7,0.97,20,0,traffic_light
2.98,14.3,8.64,13.68,0,0.0,13.79,35,0,depot
0.33,5.17,9.8,13.05,0,0.0,20.93,50,0,bus_stop
5.73,14.73,16.46,25.7,0,0.0,19.46,40,0,school
6.82,13.28,2.68,29.25,0,0.0,31.81,45,0,traffic_light
10.94,2.68,14.96,18.85,0,0.0,15.97,20,0,school
5.99,16.46,11.54,17.25,0,0.0,45.85,45,2.01,depot
15.82,8.95,14.34,17.94,0,0.0,13.13,45,0,unknown
1.86,10.35,10.28,21.8,0,414.03,0.42,30,0,school
10.3,16.13,11.83,19.92,0,0.0,10.87,20,0,school
5.91,13.11,15.0,2.26,0,0.0,15.29,20,0,bus_stop
1.15,4.9,6.78,8.43,0,13.22,1.2,30,0,unknown
19.82,11.5,11.01,3.77,0,335.12,1.18,30,0,school
0.89,1.18,3.35,20.3,0,0.0,33.22,35,0,school
12.24,7.86,10.83,10.82,0,0.0,32.28,50,0,traffic_light
2.31,14.75,11.21,18.0,0,0.0,9.2,50,0,depot
2.07,13.14,10.62,9.13,0,44.23,0.29,40,0,traffic_light
11.19,16.08,0.54,24.6,0,0.0,32.17,30,3.8,bus_stop
8.65,13.28,10.88,9.81,0,432.38,0.64,45,0,school
20.45,17.86,2.49,27.42,0,0.0,14.79,20,0,depot
11.51,0.9,10.41,22.84,0,0.0,30.42,35,0,traffic_light
12.45,3.65,14.12,29.16,0,0.0,25.15,30,0,traffic_light
4.36,11.31,4.96,11.02,0,0.0,8.87,50,0,traffic_light
0.81,5.22,6.66,16.51,0,0.0,33.98,40,0,bus_stop
0.01,16.13,13.88,8.8,0,0.0,52.58,50,2.16,traffic_light
3.95,13.17,11.76,0.96,0,0.0,19.7,30,0,unknown
24.34,0.52,10.61,8.1,0,0.0,10.57,40,0,bus_stop
1.92,4.92,6.72,1.76,0,0.0,18.17,30,0,bus_stop
4.71,8.48,6.18,22.63,0,0.0,8.51,50,0,unknown
17.77,5.49,2.07,29.74,0,641.5,0.32,30,0,depot
11.94,11.15,9.59,1.37,0,17.23,0.11,45,0,traffic_light
1.92,3.09,2.63,14.36,0,0.0,9.81,30,0,unknown
4.21,14.31,15.22,5.76,0,0.0,41.64,45,0,school
3.05,0.2,11.11,21.34,0,0.0,15.25,20,0,traffic_light
0.99,16.19,11.97,12.23,0,0.0,44.33,45,0,traffic_light
4.58,12.97,16.41,26.64,0,0.0,8.9,30,0,school
6.72,17.2,2.02,12.09,0,0.0,18.69,40,0,unknown
13.01,15.22,0.44,2.12,0,0.0,34.46,50,0,traffic_light
6.09,13.13,14.25,10.78,0,10.4,0.21,20,0,unknown
13.39,11.62,8.24,4.15,0,0.0,16.11,50,0,traffic_light
4.05,13.55,11.92,27.2,0,0.0,12.22,20,0,school
2.63,13.91,15.52,2.42,0,0.0,21.69,50,0,school
4.45,13.99,3.16,16.48,0,0.0,18.06,35,0,school
6.02,4.93,3.74,6.81,0,11.96,0.3,30,0,traffic_light
7.64,16.6,2.0,27.19,0,0.0,40.27,45,0,school
0.62,0.01,6.3,19.27,0,0.0,7.56,35,0,traffic_light
9.71,0.59,15.27,27.71,0,20.32,0.38,40,0,unknown
24.81,15.39,3.8,5.14,0,66.54,0.98,50,0,bus_stop
3.64,1.19,7.02,5.5,0,24.86,0.96,50,0,traffic_light
2.6,5.02,14.89,7.43,0,0.0,40.9,45,0,traffic_light
18.52,15.49,4.34,22.1,0,19.34,0.66,35,0,traffic_light
1.3,4.34,0.8,20.09,0,78.54,0.74,30,0,bus_stop
14.24,0.11,2.11,26.13,0,0.0,17.94,20,0,bus_stop
1.71,6.76,3.82,4.84,0,28.75,0.37,40,0,traffic_light
7.86,4.38,9.41,27.24,0,0.0,18.66,30,0,traffic_light
32.41,52.29,39.67,13.56,1,17.05,0.93,50,0,unknown
3.15,6.73,4.38,14.38,0,0.0,29.34,40,0,traffic_light
1.22,16.61,14.09,14.14,0,0.0,9.61,20,0,unknown
2.5,3.72,4.95,22.57,0,57.41,0.0,50,0,bus_stop
55.86,56.8,26.73,348.75,1,0.0,22.1,45,0,traffic_light
40.79,65.33,69.68,726.41,1,0.0,40.03,50,0,school
6.76,0.31,10.74,20.37,0,0.0,42.27,45,0,depot
6.31,3.21,5.13,29.9,0,47.72,0.64,35,0,unknown
7.47,0.5,7.24,25.73,0,0.0,19.8,20,0,traffic_light
8.78,11.28,8.73,17.76,0,0.0,19.11,40,0,depot
17.05,1.88,9.52,18.73,0,0.0,14.75,30,0,depot
15.19,6.15,9.71,11.09,0,33.3,0.29,30,0,unknown
0.2,1.14,6.84,9.72,0,0.0,34.86,50,0,unknown
1.41,1.1,15.25,12.56,0,200.0,1.01,30,0,bus_stop
86.31,92.07,44.27,27.94,0,44.23,1.09,35,0,traffic_light
2.08,14.0,5.52,5.08,0,8.26,0.54,20,0,traffic_light
1.89,11.39,3.63,26.43,0,61.57,0.91,20,0,traffic_light
1.06,2.18,15.71,0.82,0,24.34,1.03,30,0,traffic_light
0.86,2.31,7.91,1.03,0,0.0,48.94,50,0,depot
45.53,29.85,70.89,2.12,0,426.59,0.26,40,0,school
23.82,10.19,6.36,8.04,0,0.0,31.05,30,3.11,depot
13.5,16.46,3.72,5.63,0,0.0,44.72,45,0,unknown
3.44,12.89,10.38,19.07,0,0.0,30.12,50,0,bus_stop
9.98,7.66,14.82,21.58,0,0.0,26.31,45,0,unknown
8.1,6.97,3.49,27.49,0,0.0,21.68,50,0,traffic_light
6.15,1.81,12.23,4.18,0,0.0,33.58,35,0,traffic_light
5.98,7.2,12.88,7.92,0,0.0,33.8,50,0,school
1.01,13.11,1.27,12.09,0,0.0,28.57,30,0,traffic_light
1.58,5.38,12.24,26.67,0,0.0,22.88,35,0,school
6.79,5.55,9.0,26.83,0,0.0,8.24,30,0,bus_stop
5.98,8.49,9.09,23.92,0,639.09,0.58,50,0,depot
10.02,2.23,14.23,24.57,0,0.0,19.07,35,0,school
4.94,6.43,8.42,0.89,0,0.0,32.57,40,0,traffic_light
26.37,5.06,12.58,16.82,0,0.0,17.66,30,0,traffic_light
2.88,13.58,0.73,13.08,0,14.7,1.2,45,0,traffic_light
5.9,10.8,3.82,1.61,0,19.59,0.3,20,0,traffic_light
22.07,2.41,16.19,19.65,0,20.67,0.17,45,0,traffic_light
43.4,79.37,44.66,379.01,1,0.0,17.19,45,0,bus_stop
10.33,3.32,13.98,5.45,0,150.12,0.24,40,0,school
5.49,1.32,13.88,27.58,0,17.8,0.83,40,0,traffic_light
6.4,4.41,9.99,16.63,0,23.67,0.36,50,0,traffic_light
10.05,3.77,14.09,15.64,0,0.0,15.88,20,0,depot
0.09,8.29,12.23,15.07,0,106.94,0.25,50,0,bus_stop
2.95,6.48,10.89,17.53,0,0.0,46.71,50,0,traffic_light
38.55,48.77,50.93,100.15,0,0.0,7.39,35,0,school
3.08,4.23,4.65,3.05,0,145.8,0.85,50,0,school
2.56,2.94,14.42,2.19,0,0.0,17.9,35,0,bus_stop
0.26,11.91,15.13,12.7,0,0.0,13.25,45,0,traffic_light
0.54,5.44,3.07,15.15,0,0.0,15.76,35,0,depot
1.08,15.95,15.18,12.81,0,45.76,0.04,45,0,unknown
6.82,5.49,4.96,26.53,0,0.0,14.06,20,0,traffic_light
10.55,12.14,2.61,13.94,0,40.48,0.57,20,0,traffic_light
0.69,5.33,15.85,20.66,0,0.0,20.77,40,0,bus_stop
6.71,13.57,8.99,23.82,0,0.0,23.45,40,0,unknown
6.75,12.74,6.09,23.9,0,0.0,19.38,50,0,bus_stop
7.26,0.9,11.57,22.47,0,0.0,30.04,30,3.28,traffic_light
9.78,5.63,15.84,17.56,0,0.0,13.89,45,0,traffic_light
1.87,7.93,6.98,7.45,0,0.0,11.71,30,0,school
34.04,80.02,67.4,5.58,0,149.74,0.25,20,0,depot
4.79,9.83,7.95,2.78,0,0.0,31.44,30,1.74,depot
10.36,17.36,2.73,25.43,0,0.0,9.66,20,0,unknown
18.48,9.37,7.88,7.32,0,0.0,14.29,35,0,bus_stop
10.31,13.25,15.85,10.89,0,20.07,0.27,40,0,traffic_light
0.96,3.94,8.71,9.43,0,340.37,0.54,50,0,school
18.45,4.03,13.97,15.76,0,0.0,37.03,40,0,unknown
2.52,10.14,12.76,6.09,0,0.0,50.79,50,1.69,bus_stop
1.38,14.27,3.49,8.46,0,0.0,25.95,30,0,unknown
26.46,58.03,39.1,719.37,1,0.0,44.63,45,0,bus_stop
7.84,4.31,5.42,22.26,0,728.74,0.35,50,0,school
8.59,17.33,6.12,27.19,0,383.56,0.84,20,0,school
9.64,0.18,9.49,2.13,0,41.24,0.22,30,0,traffic_light
72.75,77.48,51.93,438.55,1,0.0,20.38,50,0,traffic_light
6.94,6.17,17.88,4.53,0,56.71,0.57,35,0,traffic_light
3.26,6.39,10.68,8.91,0,0.0,28.64,40,0,school
8.6,4.51,1.84,24.5,0,0.0,47.29,50,0,traffic_light
5.62,10.11,7.87,2.5,0,440.0,0.24,30,0,school
0.48,9.37,17.16,5.79,0,50.6,0.73,30,0,unknown
9.4,12.05,5.55,14.13,0,0.0,36.24,35,0.52,bus_stop
79.1,12.02,44.94,1.22,0,112.17,0.36,45,0,school
11.51,17.05,7.37,28.86,0,0.0,22.54,40,0,traffic_light
11.44,4.31,3.44,11.28,0,36.03,0.17,35,0,unknown
11.9,3.63,11.1,27.79,0,0.0,12.3,20,0,school
3.44,5.36,8.0,12.23,0,0.0,18.23,20,0,bus_stop
9.32,8.16,8.46,0.8,0,0.0,15.56,20,0,traffic_light
5.25,17.03,13.12,1.9,0,0.0,9.22,20,0,traffic_light
12.94,9.9,13.35,20.41,0,0.0,24.31,50,0,traffic_light
4.26,9.75,16.92,29.21,0,0.0,46.54,45,3.42,traffic_light
10.62,5.27,17.67,3.38,0,0.0,12.43,35,0,bus_stop
49.99,19.76,53.37,0.44,0,130.84,0.08,50,0,bus_stop
7.37,12.24,7.39,26.62,0,19.39,1.08,20,0,traffic_light
10.2,6.38,1.7,16.28,0,855.19,0.08,50,0,depot
5.8,6.13,13.28,12.74,0,0.0,22.58,20,1.64,school
7.62,13.88,10.55,13.5,0,0.0,7.91,40,0,unknown
1.69,7.18,7.62,14.57,0,0.0,30.74,30,1.66,depot
14.49,2.7,1.8,10.26,0,0.0,15.39,40,0,bus_stop
14.95,0.02,16.6,12.08,0,0.0,28.55,30,0,bus_stop
5.96,6.07,14.64,9.7,0,29.97,0.3,45,0,traffic_light
4.35,9.17,16.18,26.89,0,0.0,18.18,30,0,bus_stop
0.32,1.2,10.63,7.07,0,0.0,29.9,35,0,depot
0.33,2.91,16.33,19.63,0,0.0,35.77,35,3.65,bus_stop
7.76,7.57,14.43,14.31,0,0.0,10.2,20,0,unknown
4.83,13.93,2.24,23.44,0,92.02,0.18,20,0,bus_stop
5.36,11.72,9.0,28.06,0,0.0,20.52,20,3.51,bus_stop
0.86,2.45,2.11,1.92,0,0.0,7.47,40,0,traffic_light
10.37,2.97,8.99,10.76,0,26.35,0.32,40,0,traffic_light
6.67,14.28,11.0,9.34,0,0.0,19.58,20,0,bus_stop
2.66,14.21,16.31,2.33,0,0.0,16.57,30,0,unknown
16.11,6.35,8.56,17.6,0,10.65,0.87,30,0,traffic_light
0.59,4.52,5.87,16.9,0,0.0,8.21,45,0,bus_stop
1.5,2.31,14.01,28.91,0,0.0,37.82,40,0,unknown
15.82,5.37,12.36,10.34,0,0.0,50.31,50,2.71,traffic_light
37.19,19.32,32.07,104.26,0,0.0,19.42,35,0,traffic_light
49.43,88.46,49.97,877.2,0,0.0,35.7,35,0.5,unknown
16.06,5.78,11.27,4.15,0,394.66,1.18,50,0,school
1.72,14.1,17.45,7.32,0,0.0,23.7,30,0,bus_stop
10.31,13.2,16.08,18.01,0,0.0,17.11,40,0,school
4.14,5.96,14.16,6.11,0,0.0,52.38,50,3.93,depot
10.28,13.49,15.26,1.43,0,0.0,22.53,40,0,traffic_light
0.06,14.11,16.86,19.76,0,0.0,7.43,20,0,school
1.68,7.13,2.5,17.98,0,7.98,0.94,50,0,traffic_light
17.21,14.77,9.86,5.72,0,0.0,24.98,35,0,unknown
5.33,11.05,14.25,0.21,0,0.0,24.19,45,0,traffic_light
10.78,6.68,16.75,29.86,0,0.0,26.88,45,0,traffic_light
11.57,3.31,5.24,21.69,0,15.04,0.32,45,0,traffic_light
4.09,6.37,5.61,26.2,0,0.0,48.8,50,0,unknown
5.72,1.65,2.62,28.6,0,147.75,0.67,50,0,school
13.77,10.62,2.86,1.34,0,0.0,12.69,20,0,depot
21.86,6.99,8.94,17.66,0,81.91,1.13,35,0,unknown
1.32,14.88,6.08,23.0,0,0.0,11.97,50,0,traffic_light
5.93,8.52,1.5,3.68,0,15.3,0.95,35,0,unknown
12.21,7.45,13.92,17.79,0,0.0,9.53,20,0,depot
0.48,3.71,11.49,5.15,0,0.0,13.06,30,0,depot
30.71,7.17,8.4,14.45,0,0.0,10.54,20,0,depot
13.61,3.39,0.72,9.01,0,0.0,25.42,30,0,unknown
4.42,12.92,3.93,4.53,0,0.0,19.6,30,0,school
7.82,13.64,15.02,27.33,0,0.0,19.91,50,0,bus_stop
0.46,8.26,14.12,9.48,0,0.0,25.99,35,0,unknown
7.72,8.37,0.62,20.96,0,0.0,12.11,50,0,traffic_light
6.65,10.26,0.63,18.83,0,0.0,22.69,40,0,depot
20.69,6.8,12.89,9.41,0,263.54,0.22,30,0,school
1.36,5.95,16.42,21.62,0,0.0,10.72,30,0,school
2.0,6.46,3.99,11.64,0,0.0,17.74,40,0,depot
5.41,1.33,10.91,24.87,0,0.0,25.63,35,0,unknown
3.44,1.66,16.5,9.7,0,40.99,0.73,20,0,unknown
10.71,4.78,3.75,14.14,0,54.61,0.68,50,0,unknown
10.5,10.7,13.52,25.65,0,0.0,19.72,30,0,traffic_light
12.6,5.27,4.51,22.7,0,0.0,30.34,30,1.29,traffic_light
11.89,17.17,5.82,16.15,0,12.34,0.85,35,0,unknown
0.43,13.39,9.58,10.96,0,0.0,47.28,45,2.98,school
0.73,7.99,4.37,13.95,0,0.0,21.86,50,0,unknown
2.75,0.48,10.03,26.51,0,0.0,32.31,30,2.5,unknown
32.07,3.21,9.53,27.93,0,0.0,39.83,45,0,bus_stop
1.33,6.41,10.68,16.82,0,69.64,0.08,20,0,bus_stop
2.34,17.26,4.64,25.92,0,0.0,46.7,50,0,traffic_light
6.76,11.4,14.51,3.68,0,63.11,0.7,20,0,unknown
3.78,13.08,4.58,21.99,0,0.0,27.67,35,0,school
0.05,1.49,15.43,16.26,0,0.0,43.81,50,0,traffic_light
6.19,4.8,9.99,10.95,0,0.0,33.75,50,0,bus_stop
4.45,10.48,5.42,16.6,0,28.39,1.02,45,0,traffic_light
12.74,13.75,10.9,1.96,0,0.0,8.4,35,0,bus_stop
0.63,2.34,3.02,24.37,0,0.0,35.93,50,0,traffic_light
3.05,13.75,15.84,2.5,0,0.0,25.57,30,0,depot
11.56,6.67,5.43,14.44,0,0.0,37.2,35,3.43,unknown
1.42,7.46,12.92,6.36,0,0.0,9.68,50,0,bus_stop
71.21,45.04,55.63,1.68,1,72.87,0.13,35,0,depot
8.36,17.15,17.39,21.99,0,0.0,21.73,35,0,unknown
33.58,52.36,73.68,106.84,1,0.0,7.35,20,0,bus_stop
26.68,55.96,48.58,15.31,1,77.25,0.98,50,0,unknown
7.32,3.89,5.62,6.36,0,0.0,19.63,35,0,traffic_light
12.85,14.64,2.13,2.58,0,0.0,28.13,45,0,unknown
0.94,15.88,2.57,26.28,0,0.0,7.09,30,0,bus_stop
0.8,16.35,17.75,21.27,0,0.0,7.98,30,0,unknown
4.56,6.19,1.34,24.92,0,0.0,36.3,45,0,bus_stop
0.47,1.44,8.57,11.98,0,187.37,0.87,40,0,bus_stop
11.84,8.83,11.3,14.22,0,0.0,25.05,35,0,school
1.01,17.4,5.61,6.67,0,0.0,10.9,45,0,unknown
3.72,12.58,17.76,25.69,0,0.0,13.62,40,0,unknown
4.31,1.98,12.89,25.94,0,0.0,11.94,50,0,traffic_light
5.26,4.59,5.71,27.39,0,44.59,0.81,30,0,bus_stop
4.35,1.01,8.17,9.17,0,167.85,0.13,35,0,school
5.07,7.12,8.35,1.18,0,0.0,20.49,20,2.64,bus_stop
0.23,10.2,6.91,17.0,0,145.62,1.17,35,0,bus_stop
16.04,4.09,0.31,9.42,0,211.37,0.83,45,0,bus_stop
92.24,17.76,56.67,2.32,0,8.99,0.47,20,0,traffic_light
6.69,14.03,6.76,7.34,0,0.0,38.94,40,0,depot
2.56,9.59,5.52,7.08,0,24.08,0.62,35,0,traffic_light
2.46,1.74,4.63,24.08,0,0.0,15.27,30,0,bus_stop
2.45,5.53,14.43,26.39,0,0.0,8.14,30,0,unknown
35,15.84,17.85,21.87,0,43.0,0.91,50,0,unknown
52.74,19.24,47.08,155.45,1,0.0,29.09,30,0,school
35.38,8.57,73.11,44.31,0,0.0,18.62,50,0,school
13.23,14.08,14.74,25.87,0,0.0,20.46,30,0,bus_stop
9.88,6.54,16.03,0.04,0,0.0,21.21,35,0,school
8.35,6.54,1.19,17.93,0,0.0,32.21,45,0,school
9.04,13.98,6.92,14.63,0,0.0,13.07,40,0,bus_stop
3.03,12.28,13.7,7.39,0,0.0,34.52,50,0,depot
0.56,10.01,5.62,28.25,0,0.0,21.76,50,0,bus_stop
12.03,12.98,3.98,6.34,0,107.83,1.19,50,0,bus_stop
15.9,13.01,3.48,14.44,0,0.0,14.73,30,0,depot
19.26,16.47,9.1,25.82,0,0.0,13.84,35,0,school
21.67,16.44,7.89,27.45,0,0.0,10.07,40,0,unknown
0.65,10.94,9.7,21.72,0,0.0,13.51,30,0,unknown
4.48,9.59,7.3,10.17,0,0.0,11.31,45,0,unknown
5.86,5.2,15.28,24.67,0,0.0,8.95,30,0,traffic_light
15.25,16.81,2.8,14.34,0,156.42,0.42,20,0,bus_stop
10.44,15.54,0.23,20.45,0,0.0,47.71,45,2.51,unknown
9.32,8.46,14.11,0.17,0,0.0,34.29,45,0,school
55.72,67.14,44.16,13.27,0,14.66,0.71,20,0,unknown
9.03,9.58,7.8,28.05,0,0.0,11.76,20,0,traffic_light
7.47,8.89,3.48,6.04,0,44.92,0.76,40,0,traffic_light
9.73,14.93,7.43,4.94,0,0.0,16.97,40,0,traffic_light
4.14,7.14,4.86,0.74,0,76.27,0.27,50,0,bus_stop
5.63,9.8,3.2,20.95,0,0.0,20.89,45,0,school
4.66,13.56,9.61,23.88,0,25.21,0.33,35,0,traffic_light
0.35,10.77,10.21,20.57,0,0.0,8.81,40,0,traffic_light
2.37,15.71,17.39,20.12,0,0.0,41.88,50,0,traffic_light
3.55,8.0,16.57,10.46,0,0.0,8.86,35,0,depot
0.08,17.08,15.04,2.77,0,0.0,27.01,50,0,school
44.64,33.45,56.83,326.27,1,0.0,35.12,35,2.07,traffic_light
11.7,15.71,2.62,5.33,0,0.0,20.12,35,0,bus_stop
1.25,0.77,2.46,13.66,0,15.54,0.32,30,0,unknown
4.24,2.85,8.43,15.88,0,12.82,0.02,50,0,unknown
11.16,10.86,5.0,11.35,0,0.0,34.45,40,0,school
8.32,4.11,4.69,24.7,0,221.53,0.2,45,0,depot
1.01,0.71,6.61,23.1,0,44.86,0.41,20,0,traffic_light
19.98,13.35,2.86,28.42,0,281.05,0.85,50,0,school
25.29,10.23,17.45,3.58,0,0.0,8.51,35,0,unknown
8.15,1.54,16.12,20.08,0,0.0,45.53,45,1.91,school
4.15,6.25,2.89,18.54,0,678.47,0.88,20,0,school
0.16,14.43,1.67,14.11,0,0.0,31.61,30,0.61,unknown
35.9,86.98,52.29,269.81,0,0.0,11.17,30,0,unknown
3.5,11.26,0.44,15.54,0,0.0,23.28,45,0,traffic_light
3.4,7.61,9.54,2.85,0,0.0,42.45,45,0,depot
0.89,17.35,2.97,12.42,0,318.5,0.25,20,0,depot
7.92,16.17,14.46,11.17,0,649.55,0.21,35,0,depot
0.99,17.79,16.1,26.82,0,0.0,8.55,20,0,school
3.63,7.5,9.81,10.64,0,112.5,0.43,35,0,school
4.12,3.77,16.44,15.17,0,0.0,10.66,40,0,unknown
10.58,7.9,6.57,5.13,0,0.0,31.29,35,0,traffic_light
4.54,9.91,9.39,24.31,0,64.86,1.1,40,0,traffic_light
6.9,12.44,3.82,23.7,0,39.18,0.79,35,0,unknown
2.28,6.48,1.44,14.98,0,251.01,0.34,40,0,depot
1.28,11.23,15.68,11.23,0,35.33,1.13,50,0,traffic_light
0.2,7.98,0.13,7.67,0,0.0,36.18,45,0,unknown
12.95,2.28,8.11,16.8,0,29.38,0.36,20,0,traffic_light
2.37,5.06,15.43,22.94,0,0.0,10.81,20,0,unknown
21.53,12.93,9.58,20.95,0,26.59,0.8,50,0,traffic_light
15.14,7.1,9.0,19.67,0,0.0,21.73,20,3.04,school
2.76,8.03,14.55,19.59,0,23.38,0.52,40,0,traffic_light
1.07,16.33,5.68,19.54,0,0.0,16.24,40,0,bus_stop
91.5,43.1,36.19,236.27,1,0.0,19.74,40,0,bus_stop
8.11,11.15,16.71,13.29,0,0.0,13.24,35,0,traffic_light
1.92,17.56,2.92,11.03,0,0.0,8.5,20,0,school
2.36,16.63,10.3,1.82,0,0.0,46.3,45,2.2,traffic_light
3.37,13.43,9.04,7.25,0,32.52,0.95,30,0,traffic_light
4.36,7.33,16.43,15.05,0,0.0,20.21,20,3.56,bus_stop
8.29,16.25,14.68,12.68,0,0.0,28.44,35,0,depot
0.55,11.49,9.86,8.76,0,129.53,0.05,20,0,bus_stop
1.09,7.82,15.81,9.57,0,0.0,27.0,35,0,bus_stop
13.34,16.81,15.36,22.76,0,0.0,31.15,50,0,school
1.69,9.65,9.46,9.48,0,0.0,28.42,50,0,bus_stop
9.24,1.88,16.3,15.76,0,32.48,0.83,30,0,unknown
13.86,13.94,8.0,20.1,0,0.0,45.25,50,0,traffic_light
2.04,13.07,11.54,15.74,0,0.0,29.53,50,0,depot
2.38,1.64,4.44,19.91,0,0.0,13.77,50,0,bus_stop
85.97,52.0,36.77,325.9,1,0.0,22.56,35,0,bus_stop
5.62,3.29,11.81,2.18,0,21.49,0.44,30,0,unknown
1.53,3.26,15.86,11.04,0,0.0,43.8,45,0,traffic_light
6.67,10.87,11.87,16.6,0,11.15,1.05,50,0,unknown
6.56,7.43,11.69,18.96,0,0.0,13.4,20,0,school
6.49,6.72,13.85,29.64,0,0.0,14.39,20,0,unknown
2.57,16.52,7.27,21.44,0,19.4,0.48,30,0,unknown
8.28,13.91,9.34,21.71,0,0.0,19.96,30,0,depot
0.24,12.92,8.92,27.95,0,605.8,1.14,20,0,school
1.1,15.3,2.72,2.64,0,0.0,11.66,20,0,unknown
0.61,0.48,2.14,3.81,0,35.69,1.13,50,0,traffic_light
7.21,9.2,4.22,11.09,0,72.38,1.02,20,0,bus_stop
4.15,6.36,1.85,10.6,0,0.0,15.82,20,0,traffic_light
5.31,6.0,2.19,28.34,0,19.25,0.53,40,0,traffic_light
3.06,10.82,15.61,7.66,0,0.0,22.85,40,0,traffic_light
3.84,11.28,12.16,29.45,0,0.0,28.69,30,0,unknown
14.94,10.32,17.67,5.79,0,69.98,1.18,45,0,traffic_light
4.31,8.48,12.26,4.02,0,584.54,0.34,20,0,depot
35,9.57,12.24,10.69,0,0.0,15.11,50,0,unknown
0.83,2.0,4.07,16.38,0,31.41,0.5,45,0,traffic_light
6.76,14.89,10.07,2.69,0,0.0,15.92,40,0,traffic_light
5.55,2.55,10.14,23.45,0,0.0,26.48,30,0,depot
13.05,7.66,17.77,18.15,0,0.0,43.47,45,0,depot
11.88,4.84,15.17,22.87,0,34.4,0.13,30,0,unknown
2.73,6.43,15.32,5.4,0,0.0,27.24,35,0,depot
8.61,3.4,7.05,15.83,0,0.0,10.72,50,0,traffic_light
6.89,13.98,0.12,11.5,0,5.71,0.29,20,0,traffic_light
2.71,3.51,3.62,0.79,0,0.0,22.98,35,0,bus_stop
7.97,7.32,15.63,21.2,0,21.19,0.6,35,0,unknown
3.19,8.11,1.98,18.27,0,0.0,31.87,30,1.58,depot
2.71,8.5,0.27,6.53,0,0.0,9.44,40,0,traffic_light
5.64,6.29,0.89,14.87,0,0.0,10.26,35,0,bus_stop
9.82,6.36,8.83,8.02,0,0.0,35.56,35,1.61,school
5.96,16.7,11.99,15.88,0,0.0,29.46,35,0,traffic_light
81.4,54.65,68.45,10.37,0,249.9,0.68,40,0,bus_stop
0.55,1.31,6.74,21.06,0,0.0,16.93,50,0,unknown
13.43,12.56,8.83,18.37,0,0.0,36.28,50,0,unknown
12.23,11.18,16.38,9.26,0,0.0,10.11,20,0,traffic_light
2.82,13.4,4.33,25.21,0,0.0,8.88,35,0,traffic_light
3.37,12.85,14.28,5.46,0,358.03,0.14,20,0,school
23.88,1.19,12.85,21.12,0,0.0,27.32,35,0,school
6.75,16.8,8.44,23.74,0,0.0,27.45,45,0,unknown
2.87,12.1,7.62,24.74,0,126.1,1.12,35,0,bus_stop
3.13,14.03,8.22,12.44,0,0.0,20.21,35,0,traffic_light
19.96,8.04,14.16,20.13,0,0.0,35.06,40,0,school
2.98,16.69,4.76,7.21,0,0.0,30.3,35,0,traffic_light
0.93,0.5,10.17,5.46,0,213.91,1.14,30,0,school
10.26,9.67,6.19,16.62,0,0.0,36.95,35,3.51,school
4.37,4.12,15.91,23.81,0,67.16,0.41,20,0,traffic_light
5.43,1.87,8.19,11.29,0,488.39,0.31,35,0,school
1.74,8.89,14.37,4.16,0,0.0,14.88,20,0,unknown
6.23,5.38,12.32,16.22,0,0.0,15.74,20,0,bus_stop
26.41,24.98,64.76,1.67,1,446.82,0.24,45,0,school
17.82,9.22,9.09,17.16,0,0.0,22.3,40,0,traffic_light
0.41,7.61,17.31,14.18,0,0.0,10.44,30,0,school
10.86,12.79,3.64,18.87,0,0.0,36.26,45,0,traffic_light
5.35,9.21,13.08,29.45,0,70.89,0.22,20,0,unknown
0.16,14.06,7.12,26.64,0,0.0,34.28,40,0,bus_stop
80.37,46.55,34.54,651.04,1,0.0,50.35,50,3.78,depot
10.46,11.99,12.35,1.72,0,30.83,0.02,30,0,traffic_light
0.06,8.57,3.69,13.85,0,32.26,0.86,35,0,unknown
0.4,14.04,15.17,15.32,0,0.0,26.32,50,0,traffic_light
1.96,16.27,17.67,4.73,0,225.09,1.11,35,0,depot
0.1,16.88,16.62,10.75,0,53.64,0.31,45,0,school
4.66,13.74,16.66,15.81,0,0.0,30.03,40,0,unknown
6.4,14.64,5.09,24.72,0,114.02,0.12,50,0,depot
0.85,1.76,14.44,8.44,0,0.0,14.9,20,0,traffic_light
3.24,8.55,12.7,19.86,0,0.0,21.63,20,0.36,traffic_light
1.04,2.54,12.85,9.87,0,0.0,17.32,45,0,school
0.25,1.62,0.01,19.6,0,44.01,1.04,40,0,unknown
34.91,35.34,34.56,1.3,1,86.4,0.13,40,0,bus_stop
0.74,5.88,11.62,4.69,0,0.0,52.2,50,0.91,unknown
6.92,13.94,13.35,4.78,0,43.76,0.66,45,0,unknown
8.86,5.14,3.27,23.31,0,36.22,0.3,35,0,traffic_light
0.21,10.5,17.03,5.69,0,0.0,15.93,20,0,unknown
9.43,5.51,3.35,12.42,0,0.0,29.75,30,0,traffic_light
1.97,10.75,14.18,7.01,0,0.0,11.84,45,0,unknown
1.16,7.57,3.6,16.4,0,0.0,19.95,30,0,bus_stop
2.4,1.64,1.36,16.56,0,0.0,15.42,40,0,bus_stop
14.25,14.82,12.35,23.36,0,0.0,13.31,30,0,unknown
7.47,16.87,4.3,4.12,0,0.0,12.51,30,0,unknown
8.29,1.99,0.48,20.33,0,17.26,1.05,20,0,unknown
0.07,7.24,4.82,24.72,0,0.0,12.44,45,0,bus_stop
3.63,6.35,1.22,6.62,0,0.0,31.72,40,0,depot
13.82,4.4,9.77,18.37,0,0.0,26.05,30,0,unknown
8.17,11.87,0.01,18.56,0,0.0,34.86,45,0,traffic_light
1.12,4.63,9.51,12.85,0,0.0,28.57,30,0,school
2.55,3.56,6.72,18.9,0,196.71,0.29,30,0,bus_stop
14.16,14.53,5.89,13.18,0,0.0,16.62,30,0,bus_stop
4.76,1.57,16.89,5.88,0,5.95,0.74,50,0,traffic_light
26.86,15.06,10.98,0.31,0,0.0,12.9,50,0,traffic_light
15.8,6.81,13.42,17.61,0,0.0,15.29,50,0,unknown
11.12,7.72,13.12,28.04,0,0.0,9.27,50,0,unknown
3.47,4.96,3.03,7.57,0,0.0,37.99,50,0,depot
10.74,9.62,17.03,6.34,0,558.52,0.89,45,0,school
7.95,15.26,13.2,2.94,0,79.55,0.42,50,0,bus_stop
0.18,11.73,1.36,9.82,0,0.0,26.85,40,0,bus_stop
17.02,16.62,13.98,7.75,0,0.0,23.63,35,0,traffic_light
14.56,4.43,17.69,1.3,0,0.0,15.06,50,0,depot
5.1,3.78,8.81,0.89,0,0.0,17.7,45,0,school
4.49,7.49,2.44,19.79,0,46.52,0.37,45,0,traffic_light
85.39,36.69,42.04,5.67,0,48.77,0.56,45,0,unknown
2.91,14.76,5.28,24.84,0,0.0,9.35,35,0,traffic_light
12.35,11.83,3.04,5.1,0,0.0,42.9,40,2.14,traffic_light
6.42,2.11,12.97,27.99,0,28.64,0.47,50,0,traffic_light
16.32,6.02,1.83,12.15,0,0.0,37.23,45,0,unknown
4.04,17.97,13.66,4.3,0,0.0,7.57,50,0,depot
15.32,16.7,10.11,21.19,0,203.11,1.19,45,0,bus_stop
3.22,11.83,13.84,28.47,0,46.91,0.83,30,0,unknown
0.66,17.94,6.7,28.23,0,0.0,26.32,50,0,school
3.63,6.79,13.62,15.76,0,0.0,7.67,20,0,bus_stop
18.29,11.84,12.49,2.01,0,0.0,45.24,50,0,unknown
60.1,62.19,52.74,431.64,0,0.0,24.99,50,0,bus_stop
7.19,0.63,0.67,9.82,0,0.0,23.9,50,0,depot
0.16,7.06,0.61,18.34,0,0.0,14.87,20,0,unknown
9.47,7.48,14.2,0.83,0,0.0,42.98,40,3.93,unknown
6.05,1.87,10.15,16.8,0,0.0,32.97,40,0,bus_stop
1.77,2.28,7.06,3.83,0,0.0,27.54,45,0,school
8.99,7.23,6.22,3.12,0,0.0,8.28,35,0,unknown
0.08,10.8,4.52,25.62,0,266.14,1.01,45,0,bus_stop
18.95,10.85,5.48,15.14,0,0.0,32.02,50,0,unknown
3.32,15.17,13.51,6.94,0,25.59,1.05,20,0,traffic_light
5.29,12.77,2.91,17.54,0,0.0,36.4,35,1.66,unknown
3.15,10.16,17.96,23.52,0,0.0,18.45,45,0,traffic_light
2.81,15.47,15.04,13.04,0,0.0,45.96,50,0,traffic_light
5.94,16.32,13.03,12.99,0,0.0,15.73,20,0,unknown
6.82,1.64,6.99,5.1,0,24.76,0.47,30,0,unknown
18.96,9.61,0.81,11.88,0,0.0,11.42,40,0,unknown
2.61,7.14,11.66,7.34,0,0.0,26.76,30,0,unknown
3.75,15.14,7.44,1.81,0,41.93,0.91,50,0,traffic_light
8.77,10.42,7.69,26.35,0,0.0,47.99,45,2.25,depot
0.43,5.8,1.79,4.77,0,68.59,0.41,50,0,unknown
11.14,7.77,11.75,18.89,0,0.0,31.29,40,0,school
4.71,15.65,16.79,4.91,0,333.64,1.15,30,0,depot
84.84,71.7,23.19,231.32,0,0.0,11.61,30,0,traffic_light
29.65,80.1,66.37,709.4,0,0.0,31.88,50,0,bus_stop
6.35,16.1,2.33,19.45,0,0.0,7.19,30,0,unknown
3.29,9.98,4.96,18.8,0,25.58,0.55,45,0,traffic_light
8.12,13.11,0.07,8.47,0,492.46,0.65,30,0,school
6.49,1.15,13.03,0.29,0,0.0,21.36,45,0,unknown
3.74,3.61,12.03,17.06,0,0.0,41.82,40,3.13,traffic_light
3.97,9.46,1.75,7.77,0,31.47,0.72,40,0,traffic_light
17.33,9.68,8.19,4.39,0,0.0,19.48,30,0,school
18.15,11.35,17.35,7.13,0,52.42,0.88,30,0,traffic_light
8.89,12.8,7.9,28.22,0,0.0,44.23,45,0,unknown
10.45,13.8,16.82,15.73,0,53.44,0.91,40,0,traffic_light
4.39,6.14,10.5,29.71,0,0.0,10.46,50,0,traffic_light
7.95,7.26,1.69,10.26,0,0.0,38.54,45,0,unknown
6.47,12.11,11.84,3.81,0,0.0,18.53,30,0,school
7.21,5.99,5.07,11.16,0,0.0,31.2,30,2.45,bus_stop
0.36,5.71,4.4,19.51,0,0.0,7.9,20,0,depot
3.84,13.89,12.26,19.53,0,0.0,22.23,20,3.86,bus_stop
5.43,9.46,1.2,20.23,0,0.0,16.71,20,0,traffic_light
5.9,0.44,12.48,8.52,0,0.0,13.05,40,0,traffic_light
30.03,81.01,24.21,26.65,1,28.4,1.18,50,0,traffic_light
4.09,14.98,0.57,27.05,0,0.0,20.97,35,0,unknown
1.49,8.56,10.23,22.0,0,0.0,37.65,50,0,school
0.82,1.78,8.52,18.23,0,0.0,19.07,20,0,depot
8.45,0.79,4.73,15.03,0,0.0,18.83,20,0,traffic_light
1.34,11.9,2.83,19.8,0,10.55,0.49,20,0,unknown
3.46,17.4,16.99,20.07,0,0.0,14.28,50,0,depot
2.89,11.56,10.11,16.48,0,139.98,0.52,30,0,depot
0.54,17.77,16.63,27.34,0,190.43,0.4,20,0,bus_stop
4.43,15.12,14.03,28.3,0,0.0,36.54,35,1.31,unknown
10.58,12.54,5.95,23.29,0,0.0,42.75,50,0,school
4.39,9.22,4.8,11.62,0,0.0,18.52,20,0,school
1.35,0.37,17.66,25.05,0,132.39,0.41,35,0,bus_stop
10.42,3.52,6.67,20.79,0,0.0,14.83,20,0,unknown
9.01,7.74,10.81,0.66,0,45.85,0.44,35,0,unknown
0.43,3.23,3.44,27.39,0,26.7,0.33,45,0,traffic_light
1.32,12.88,13.39,2.2,0,0.0,28.57,50,0,unknown
13.68,15.29,13.73,9.69,0,37.57,0.88,30,0,traffic_light
1.94,7.94,4.51,23.67,0,0.0,17.53,45,0,bus_stop
12.78,4.67,14.1,16.66,0,0.0,13.2,20,0,unknown
1.07,13.67,14.69,26.87,0,637.58,0.05,40,0,school
6.9,6.44,4.55,18.58,0,0.0,30.74,50,0,traffic_light
7.07,12.98,12.49,19.35,0,0.0,32.65,30,0.3,school
1.24,3.72,16.09,26.16,0,230.11,0.53,50,0,school
3.2,16.94,2.2,4.3,0,195.33,0.59,50,0,depot
1.2,5.25,6.01,2.67,0,43.13,0.75,30,0,unknown
72.57,96.73,15.58,535.9,0,0.0,19.94,45,0,bus_stop
5.77,17.3,3.8,23.96,0,0.0,24.47,45,0,school
75.53,70.72,62.13,363.98,0,0.0,18.53,20,0,school
3.93,11.87,7.35,8.01,0,0.0,20.88,40,0,bus_stop
23.25,15.16,3.56,13.53,0,39.2,0.63,40,0,unknown
7.19,9.11,6.19,20.52,0,0.0,29.92,45,0,unknown
3.74,15.29,3.68,6.28,0,0.0,8.86,30,0,bus_stop
6.93,15.46,16.85,2.42,0,0.0,25.24,45,0,bus_stop
0.62,3.64,1.63,15.19,0,0.0,32.56,45,0,traffic_light
3.22,6.42,8.24,7.68,0,7.79,0.45,20,0,traffic_light
3.49,4.12,8.67,22.67,0,0.0,24.02,45,0,bus_stop
1.51,15.94,16.63,22.5,0,0.0,13.2,40,0,bus_stop
35,16.26,9.72,19.88,0,0.0,15.73,30,0,bus_stop
2.14,10.82,3.48,23.55,0,0.0,44.88,45,0,unknown
4.62,8.83,17.14,13.13,0,64.72,0.84,35,0,traffic_light
0.26,5.39,16.12,29.1,0,413.18,0.27,20,0,school
0.92,15.95,6.18,13.26,0,0.0,9.71,50,0,bus_stop
13.74,7.4,9.4,22.24,0,0.0,13.44,40,0,depot
11.45,16.46,4.33,25.53,0,106.09,0.35,30,0,bus_stop
2.97,1.84,2.7,28.66,0,0.0,29.87,40,0,bus_stop
29.2,9.39,10.51,25.91,0,16.94,0.04,30,0,traffic_light
20.04,8.26,11.17,27.37,0,27.76,1.02,35,0,traffic_light
4.64,11.91,3.33,7.67,0,19.1,0.58,50,0,traffic_light
4.8,4.19,11.14,26.53,0,0.0,47.36,45,2.58,bus_stop
2.05,12.43,13.61,10.74,0,0.0,23.54,35,0,traffic_light
15.41,8.32,13.63,28.36,0,0.0,32.48,30,1.67,unknown
92.12,30.49,16.12,360.86,1,0.0,42.61,45,0,school
3.55,7.81,11.68,2.36,0,0.0,27.38,40,0,bus_stop
1.14,2.41,16.75,17.94,0,0.0,8.13,35,0,traffic_light
7.93,16.77,0.52,4.03,0,33.57,0.48,40,0,traffic_light
3.88,8.67,0.55,26.1,0,0.0,39.6,45,0,depot
30.28,2.43,6.3,27.96,0,125.83,0.68,50,0,bus_stop
3.8,10.88,12.73,1.88,0,0.0,44.86,45,0,unknown
19.05,14.82,15.57,4.92,0,72.97,0.35,20,0,bus_stop
0.16,8.06,6.73,3.28,0,23.32,1.07,40,0,traffic_light
0.76,7.41,15.65,8.41,0,577.01,0.51,35,0,depot
1.49,14.29,15.77,2.91,0,328.25,0.88,50,0,school
7.83,13.83,5.94,17.87,0,0.0,34.1,45,0,traffic_light
35,3.38,5.85,23.68,0,16.32,0.24,45,0,unknown
87.18,81.29,68.87,884.6,0,0.0,39.17,50,0,traffic_light
2.61,16.41,0.27,28.2,0,0.0,23.93,45,0,bus_stop
5.62,12.54,16.71,1.89,0,0.0,24.39,45,0,school
2.87,17.62,13.4,16.76,0,17.73,0.01,50,0,traffic_light
9.02,0.11,8.82,5.6,0,0.0,40.34,40,2.42,unknown
7.51,5.3,1.33,15.89,0,0.0,14.77,45,0,bus_stop
6.5,15.94,3.83,15.28,0,0.0,15.5,20,0,traffic_light
10.58,8.34,5.89,4.74,0,0.0,29.14,45,0,school
1.36,2.67,12.75,27.88,0,0.0,25.31,50,0,traffic_light
1.49,14.39,14.92,9.07,0,77.32,0.06,45,0,bus_stop
12.83,5.36,16.09,3.74,0,16.22,0.35,30,0,unknown
4.54,2.29,3.58,6.94,0,0.0,17.14,50,0,traffic_light
6.87,12.82,7.43,12.51,0,0.0,17.33,30,0,bus_stop
1.54,14.35,14.62,23.76,0,17.25,0.42,35,0,traffic_light
4.55,15.4,17.54,18.32,0,0.0,38.22,40,0,unknown
17.43,0.73,3.69,29.35,0,0.0,38.85,45,0,bus_stop
8.94,4.35,5.77,26.35,0,101.29,0.36,40,0,bus_stop
18.21,3.55,10.98,16.54,0,0.0,31.29,30,3.26,traffic_light
86.06,10.85,19.77,40.53,0,0.0,13.45,40,0,traffic_light
7.73,15.07,13.88,15.72,0,69.97,0.04,50,0,unknown
3.94,12.72,11.24,13.93,0,0.0,43.92,45,0,bus_stop
1.35,9.36,6.7,26.78,0,0.0,20.75,40,0,traffic_light
8.9,6.39,14.79,10.43,0,153.57,0.77,20,0,school
12.98,10.39,0.66,11.98,0,0.0,28.34,35,0,traffic_light
2.88,12.29,16.95,22.29,0,47.07,1.08,30,0,unknown
94.99,38.22,20.46,203.55,1,0.0,19.17,45,0,unknown
2.42,15.16,11.67,4.48,0,0.0,48.43,50,0,bus_stop
41.04,85.05,52.43,27.29,1,556.76,1.16,30,0,school
6.14,4.6,14.13,3.16,0,0.0,8.08,50,0,unknown
5.81,5.92,3.85,27.07,0,0.0,39.58,40,0,unknown
57.81,70.67,37.72,12.95,0,499.89,0.66,35,0,depot
0.86,10.27,8.79,8.13,0,0.0,49.13,50,0,unknown
0.55,17.77,8.1,28.3,0,52.53,0.98,45,0,traffic_light
11.38,12.18,17.86,12.45,0,53.44,0.72,35,0,traffic_light
0.66,5.62,0.22,22.19,0,0.0,27.78,30,0,depot
1.49,4.19,13.03,18.99,0,614.75,0.72,50,0,depot
1.62,15.08,13.39,7.07,0,164.56,1.04,20,0,bus_stop
8.43,7.38,0.07,12.4,0,0.0,17.55,45,0,bus_stop
0.81,6.22,9.15,17.16,0,0.0,12.97,30,0,school
9.68,17.8,7.4,3.08,0,38.42,0.57,20,0,traffic_light
21.11,9.33,17.72,27.65,0,0.0,10.43,35,0,depot
92.89,32.68,48.89,215.16,1,0.0,23.7,30,0,unknown
35,15.36,16.84,22.61,0,0.0,20.65,35,0,school
3.07,2.88,9.73,1.6,0,0.0,17.26,30,0,depot
2.79,9.17,6.22,7.29,0,0.0,29.76,50,0,traffic_light
3.13,12.08,14.55,13.74,0,24.86,0.08,40,0,traffic_light
2.56,14.73,8.86,20.9,0,0.0,9.44,30,0,traffic_light
1.16,14.91,8.73,0.18,0,39.47,0.75,30,0,unknown
0.31,3.49,8.09,27.68,0,0.0,16.11,40,0,unknown
3.15,1.41,16.04,25.77,0,0.0,22.05,35,0,traffic_light
8.26,12.76,15.46,19.04,0,0.0,42.48,50,0,traffic_light
9.79,13.36,11.95,3.96,0,0.0,23.64,50,0,traffic_light
0.38,2.24,12.16,18.52,0,0.0,9.62,35,0,bus_stop
6.73,10.33,16.13,28.84,0,470.4,1.14,40,0,school
18.29,14.8,16.35,3.8,0,0.0,19.7,45,0,unknown
33.89,15.06,12.07,9.98,0,0.0,32.68,35,0,unknown
1.3,9.72,17.02,0.77,0,0.0,9.58,45,0,traffic_light
1.69,17.09,9.75,20.25,0,0.0,24.85,50,0,unknown
0.55,16.39,6.97,15.19,0,13.02,0.96,40,0,traffic_light
60.31,18.43,29.39,257.74,1,0.0,50.34,50,0.96,bus_stop
17.22,9.24,12.22,16.12,0,204.13,0.33,45,0,bus_stop
87.06,72.29,28.56,579.5,1,0.0,28.86,40,0,bus_stop
13.34,2.13,2.7,4.71,0,0.0,9.14,30,0,bus_stop
35.95,71.12,21.04,955.39,1,0.0,48.36,50,0,bus_stop
2.65,11.99,15.04,12.12,0,282.98,0.07,20,0,depot
5.86,15.15,15.17,13.3,0,0.0,29.14,45,0,traffic_light
14.06,3.8,6.31,23.57,0,0.0,24.72,30,0,bus_stop
4.61,15.17,3.14,1.87,0,0.0,31.55,40,0,depot
6.14,4.75,14.37,15.35,0,0.0,25.69,45,0,bus_stop
5.28,2.26,5.45,23.93,0,0.0,16.31,35,0,unknown
2.39,2.04,12.17,29.34,0,622.33,0.18,40,0,school
2.48,6.73,11.17,6.22,0,0.0,34.38,40,0,traffic_light
20.46,3.73,6.22,6.47,0,0.0,28.54,45,0,bus_stop
9.42,17.93,3.29,5.7,0,0.0,21.6,20,3.93,traffic_light
10.37,16.19,2.91,7.41,0,0.0,21.46,40,0,unknown
83.07,74.78,62.19,503.77,1,0.0,24.25,30,0,school
1.96,2.67,15.87,20.86,0,0.0,13.96,20,0,unknown
10.58,16.3,7.26,21.85,0,0.0,18.89,20,0,bus_stop
16.78,5.84,15.07,8.01,0,0.0,21.17,35,0,traffic_light
4.28,8.92,15.22,22.01,0,147.81,0.21,20,0,bus_stop
4.95,14.89,13.41,12.27,0,0.0,11.35,30,0,depot
28.92,14.3,6.48,5.98,0,0.0,16.63,50,0,bus_stop
1.0,5.95,6.37,4.53,0,0.0,29.88,30,0,school
8.26,17.87,7.44,11.45,0,0.0,10.16,20,0,bus_stop
2.71,6.77,11.26,26.95,0,0.0,12.24,35,0,traffic_light
15.06,7.74,3.88,10.4,0,39.87,0.51,45,0,traffic_light
2.97,12.56,12.56,0.28,0,0.0,17.05,20,0,unknown
3.13,17.37,14.98,1.25,0,23.71,0.43,40,0,traffic_light
1.38,16.78,5.6,10.1,0,30.85,0.24,40,0,traffic_light
16.55,13.94,5.22,7.83,0,0.0,52.59,50,0.4,unknown
7.6,17.97,1.4,16.28,0,0.0,37.16,45,0,school
5.44,15.79,3.93,6.3,0,0.0,26.69,50,0,traffic_light
3.3,2.05,17.9,22.94,0,113.46,0.74,50,0,depot
0.82,4.12,1.92,9.54,0,0.0,29.81,40,0,bus_stop
1.15,3.81,10.19,6.15,0,64.7,1.18,45,0,unknown
23.46,16.63,8.56,20.69,0,0.0,17.49,30,0,unknown
1.33,4.38,13.59,8.01,0,0.0,36.24,40,0,bus_stop
4.72,4.78,13.86,16.83,0,0.0,44.46,45,0,unknown
1.21,9.58,7.25,17.22,0,0.0,9.96,35,0,bus_stop
21.37,6.24,16.91,7.92,0,86.51,1.12,40,0,depot
14.36,17.51,16.34,1.18,0,0.0,34.5,45,0,traffic_light
5.79,7.04,14.08,13.43,0,0.0,19.84,45,0,depot
65.29,97.83,64.2,13.9,1,31.22,0.51,40,0,traffic_light
8.57,1.73,11.37,25.74,0,33.17,1.09,40,0,traffic_light
6.65,10.37,8.87,22.03,0,120.29,0.73,35,0,bus_stop
35,16.98,4.37,16.93,0,0.0,14.84,30,0,unknown
46.41,98.43,61.41,288.89,1,0.0,10.57,40,0,traffic_light
45.28,34.38,65.27,10.43,1,36.36,1.09,30,0,unknown
3.23,4.85,14.59,13.69,0,0.0,12.88,20,0,bus_stop
4.85,11.28,15.78,28.47,0,0.0,17.33,35,0,bus_stop
87.57,40.7,26.91,88.95,1,0.0,7.87,35,0,unknown
8.51,6.45,16.94,19.07,0,711.34,0.12,40,0,school
2.72,9.3,4.06,18.32,0,31.87,1.15,30,0,traffic_light
0.4,6.06,0.29,3.43,0,33.32,0.28,50,0,unknown
6.88,15.0,14.91,6.01,0,0.0,17.3,30,0,traffic_light
0.42,7.2,13.68,17.32,0,21.29,0.58,45,0,traffic_light
2.25,17.17,1.43,12.64,0,0.0,20.94,35,0,bus_stop
4.51,4.78,15.68,0.83,0,0.0,31.02,30,2.95,unknown
6.06,11.27,10.86,9.65,0,261.12,0.91,45,0,bus_stop
90.21,29.41,16.49,277.2,1,0.0,33.93,40,0,unknown
4.0,4.32,6.82,25.06,0,0.0,31.5,50,0,traffic_light
18.44,3.06,14.23,16.66,0,193.99,1.15,20,0,bus_stop
35,17.36,13.52,29.83,0,39.94,1.07,50,0,traffic_light
4.73,0.14,6.59,10.88,0,444.96,0.93,45,0,school
0.81,5.9,12.57,19.4,0,20.7,0.6,30,0,traffic_light
15.23,8.43,16.04,26.56,0,0.0,16.79,20,0,bus_stop
0.34,12.26,1.62,8.91,0,0.0,18.91,45,0,bus_stop
19.37,8.05,9.82,0.45,0,67.94,1.08,35,0,unknown
2.98,8.12,16.15,21.36,0,0.0,30.28,50,0,school
6.14,13.1,2.22,26.28,0,152.23,0.23,40,0,bus_stop
2.88,12.19,2.84,1.12,0,0.0,12.88,35,0,unknown
1.48,16.64,17.27,28.69,0,0.0,16.1,35,0,bus_stop
2.91,10.49,16.97,26.35,0,0.0,34.28,35,0,unknown
4.23,13.97,2.02,3.05,0,21.94,0.72,40,0,unknown
22.44,17.08,13.54,8.03,0,0.0,7.69,20,0,bus_stop
2.59,1.9,10.98,18.71,0,165.62,0.24,20,0,school
18.43,11.2,8.48,13.95,0,0.0,7.19,20,0,traffic_light
0.1,17.66,10.95,1.45,0,0.0,42.8,45,0,traffic_light
15.16,3.05,17.16,6.66,0,24.68,1.13,20,0,unknown
8.01,14.33,7.92,18.08,0,0.0,16.37,30,0,bus_stop
9.63,4.88,0.76,27.66,0,37.14,0.42,20,0,bus_stop
0.43,13.01,13.13,1.16,0,0.0,15.66,30,0,traffic_light
15.7,3.3,12.17,21.59,0,14.84,0.16,20,0,traffic_light
0.33,8.74,0.04,1.38,0,0.0,38.39,40,0,traffic_light
4.5,0.67,15.93,6.95,0,0.0,7.42,35,0,traffic_light
2.07,17.58,9.3,23.84,0,0.0,11.94,45,0,depot
10.16,1.84,9.2,22.27,0,37.13,0.32,40,0,unknown
4.66,8.36,1.78,19.97,0,156.1,0.84,45,0,bus_stop
5.83,8.9,5.32,4.35,0,25.91,1.12,35,0,unknown
0.74,7.94,12.31,17.91,0,0.0,32.03,45,0,traffic_light
16.78,8.31,6.66,10.46,0,0.0,29.6,35,0,traffic_light
17.71,2.86,0.76,19.32,0,0.0,18.41,20,0,school
7.94,15.76,2.19,13.58,0,176.49,0.2,45,0,depot
11.66,1.08,10.22,26.52,0,0.0,17.16,35,0,bus_stop
0.46,7.21,4.34,10.44,0,0.0,20.08,30,0,unknown
14.04,13.86,16.8,16.0,0,53.55,0.8,35,0,unknown
0.58,16.4,17.61,18.77,0,0.0,22.31,35,0,unknown
2.09,14.09,1.39,16.69,0,0.0,10.22,20,0,unknown
6.15,14.91,4.84,4.19,0,0.0,22.85,45,0,depot
8.2,14.75,8.21,13.84,0,0.0,34.0,50,0,bus_stop
3.3,5.52,1.94,5.43,0,34.01,0.49,35,0,traffic_light
0.65,0.49,15.87,19.92,0,0.0,26.52,40,0,unknown
0.59,12.05,14.36,2.16,0,0.0,28.15,50,0,unknown
8.94,10.51,6.0,21.34,0,0.0,31.49,50,0,unknown
3.61,17.4,0.14,22.0,0,0.0,42.11,50,0,bus_stop
19.28,4.12,11.44,13.57,0,0.0,22.07,20,1.97,depot
71.64,87.98,50.86,506.08,1,0.0,20.71,40,0,school
1.71,12.13,7.61,17.0,0,0.0,36.12,50,0,bus_stop
12.17,14.13,16.21,25.41,0,0.0,7.69,45,0,traffic_light
60.56,89.85,66.27,18.29,1,25.49,0.73,45,0,traffic_light
6.23,5.23,4.61,22.54,0,32.11,0.79,35,0,unknown
15.55,9.35,17.79,12.64,0,0.0,21.39,30,0,unknown
7.2,17.22,6.08,26.75,0,0.0,30.24,50,0,school
0.13,17.72,17.23,25.09,0,0.0,34.13,45,0,school
4.37,7.74,6.49,7.58,0,0.0,24.7,50,0,unknown
39.44,99.99,19.77,317.27,1,0.0,11.42,30,0,traffic_light
4.52,15.14,10.3,20.92,0,0.0,33.53,45,0,school
4.48,0.05,5.06,21.46,0,0.0,25.21,35,0,depot
2.86,6.3,5.3,12.43,0,10.36,0.77,30,0,unknown
8.12,1.17,0.94,18.64,0,0.0,19.09,20,0,traffic_light
46.53,44.63,72.38,449.34,1,0.0,36.24,35,3.31,traffic_light
9.5,11.85,12.23,16.87,0,0.0,16.86,50,0,traffic_light
4.97,13.8,5.61,13.01,0,0.0,8.35,35,0,unknown
22.27,3.81,17.05,13.66,0,0.0,40.93,50,0,unknown
7.29,9.11,11.31,24.03,0,0.0,33.2,40,0,unknown
14.37,3.36,17.65,2.35,0,0.0,17.89,35,0,traffic_light
0.87,12.13,16.89,3.36,0,156.21,0.51,45,0,school
2.68,12.21,7.73,10.39,0,0.0,30.14,35,0,school
1.44,14.01,6.6,28.54,0,23.85,1.16,45,0,traffic_light
6.77,5.57,17.67,10.17,0,57.77,0.23,30,0,bus_stop
87.38,66.96,29.37,171.41,0,0.0,9.22,45,0,unknown
76.14,82.44,40.35,11.19,1,27.22,0.49,45,0,traffic_light
5.76,17.22,8.37,2.94,0,55.65,0.86,35,0,unknown
5.46,2.88,8.61,24.25,0,221.47,0.02,40,0,school
2.86,10.9,0.11,27.28,0,44.68,0.48,50,0,unknown
2.78,17.31,8.82,27.47,0,0.0,37.24,40,0,traffic_light
4.98,6.93,0.78,4.73,0,0.0,17.58,20,0,bus_stop
13.98,8.15,5.75,1.68,0,0.0,26.96,30,0,unknown
1.64,11.18,11.48,4.23,0,0.0,30.15,45,0,traffic_light
17.18,4.76,2.32,11.59,0,0.0,28.88,45,0,depot
7.83,10.5,11.05,16.94,0,0.0,13.51,30,0,bus_stop
4.88,17.0,10.76,24.1,0,119.11,0.29,35,0,bus_stop
1.4,2.22,7.5,5.33,0,565.37,1.0,35,0,school
4.0,10.56,15.05,15.36,0,37.85,0.64,20,0,unknown
28.74,13.1,8.35,7.04,0,0.0,17.18,45,0,unknown
4.93,8.67,11.12,18.72,0,172.11,0.62,50,0,depot
2.4,17.12,16.32,9.39,0,0.0,38.15,40,0,unknown
27.45,6.08,4.43,14.29,0,0.0,41.42,45,0,unknown
3.3,8.34,3.27,29.33,0,93.57,0.82,35,0,bus_stop
93.82,27.37,64.68,94.13,0,0.0,12.38,30,0,unknown
11.89,15.78,4.35,10.15,0,26.92,0.81,35,0,traffic_light
9.87,11.12,10.44,8.46,0,25.69,0.86,35,0,traffic_light
4.68,9.48,14.44,8.49,0,36.39,1.04,20,0,traffic_light
5.86,2.33,1.19,16.02,0,32.45,0.99,50,0,unknown
4.73,12.67,5.43,26.72,0,0.0,8.96,20,0,unknown
35,2.89,9.35,28.69,0,52.74,0.58,30,0,unknown
5.21,17.7,4.85,19.87,0,13.73,0.9,40,0,unknown
7.43,2.43,5.54,21.37,0,0.0,24.41,45,0,bus_stop
3.77,11.63,15.77,22.66,0,240.99,0.77,30,0,bus_stop
4.91,9.45,2.8,29.97,0,0.0,18.14,30,0,bus_stop
18.99,4.19,4.62,23.29,0,0.0,13.41,50,0,unknown
3.52,10.14,17.06,23.1,0,0.0,24.28,40,0,unknown
14.54,12.98,9.79,0.78,0,221.02,0.16,50,0,bus_stop
8.13,10.83,16.66,1.4,0,187.25,1.14,45,0,depot
2.08,2.84,8.75,3.34,0,0.0,25.95,30,0,depot
4.71,7.46,4.36,16.47,0,0.0,26.98,30,0,bus_stop
27.09,3.32,12.92,6.08,0,53.29,0.9,45,0,traffic_light
10.56,0.18,9.4,17.54,0,0.0,31.6,30,2.78,unknown
1.28,15.48,9.83,0.03,0,227.09,0.12,45,0,bus_stop
7.99,10.31,15.52,22.94,0,0.0,35.25,35,3.7,school
1.38,12.42,4.31,2.9,0,0.0,12.62,30,0,school
1.86,4.09,17.0,15.67,0,26.13,0.56,35,0,traffic_light
6.96,11.02,13.83,5.28,0,320.55,0.76,20,0,school
15.96,4.44,2.88,9.98,0,0.0,50.43,50,1.28,traffic_light
3.31,17.92,4.62,26.36,0,0.0,16.9,40,0,traffic_light
12.0,7.79,17.07,15.18,0,0.0,27.23,35,0,school
8.22,15.47,11.7,10.22,0,66.01,0.12,40,0,unknown
10.05,14.86,17.1,4.42,0,72.35,0.05,35,0,unknown
3.75,3.61,6.45,27.39,0,48.7,0.83,40,0,bus_stop
6.99,12.74,10.05,8.1,0,0.0,31.47,30,2.87,bus_stop
8.65,0.84,11.86,11.98,0,0.0,16.69,35,0,unknown
15.87,9.96,4.55,18.01,0,0.0,37.16,45,0,bus_stop
4.82,13.29,5.24,2.0,0,67.47,0.34,45,0,unknown
18.13,4.09,10.13,28.79,0,0.0,48.1,50,0,traffic_light
3.79,16.01,5.63,3.95,0,0.0,26.13,45,0,unknown
0.1,5.63,1.34,5.91,0,0.0,12.48,35,0,depot
62.77,45.87,35.38,252.44,1,0.0,19.81,20,0,traffic_light
0.44,10.51,13.42,11.16,0,0.0,26.84,35,0,unknown
1.67,8.41,0.55,2.01,0,0.0,30.35,40,0,traffic_light
11.13,12.25,13.35,20.77,0,8.05,0.19,45,0,unknown
2.85,17.17,9.02,13.95,0,0.0,26.4,30,0,depot
19.21,15.42,15.78,21.91,0,80.03,0.37,30,0,bus_stop
29.92,14.0,1.75,27.69,0,716.42,0.33,45,0,depot
3.22,9.0,16.94,13.1,0,0.0,34.3,50,0,unknown
16.63,1.58,1.28,11.9,0,0.0,35.22,40,0,traffic_light
35,0.11,6.65,6.11,0,0.0,31.64,45,0,traffic_light
2.67,16.96,6.93,20.21,0,0.0,19.54,35,0,school
16.35,3.21,12.17,26.88,0,45.84,0.9,35,0,unknown
1.33,13.7,4.71,5.69,0,252.85,0.38,45,0,depot
1.17,8.09,13.04,3.9,0,0.0,10.03,30,0,traffic_light
10.38,1.28,2.75,0.94,0,0.0,15.5,20,0,unknown
1.86,10.61,0.62,1.24,0,27.37,0.87,45,0,traffic_light
2.69,2.64,13.65,23.59,0,0.0,13.89,40,0,traffic_light
0.5,2.1,1.35,0.57,0,0.0,8.63,20,0,bus_stop
24.0,16.66,12.12,18.38,0,0.0,12.9,30,0,traffic_light
2.85,5.1,14.7,21.86,0,0.0,14.54,50,0,bus_stop
35,2.61,3.94,6.61,0,11.29,0.9,20,0,traffic_light
66.7,64.78,55.4,14.28,1,419.39,0.79,45,0,school
0.35,6.8,6.82,26.09,0,75.1,0.04,30,0,bus_stop
5.13,9.59,14.61,23.42,0,0.0,18.27,40,0,traffic_light
2.35,3.39,8.52,10.33,0,0.0,8.54,35,0,traffic_light
5.49,11.04,13.61,22.41,0,530.28,0.96,30,0,school
2.16,2.21,4.87,0.13,0,0.0,16.89,40,0,unknown
82.9,98.24,18.15,642.08,1,0.0,23.53,40,0,school
4.21,11.56,8.93,26.52,0,0.0,8.61,20,0,bus_stop
3.39,15.01,1.45,27.9,0,484.25,0.02,45,0,school
7.67,3.34,4.25,9.33,0,0.0,24.62,30,0,unknown
1.09,12.51,1.34,22.49,0,43.71,0.17,45,0,traffic_light
3.79,5.21,1.27,7.46,0,109.01,1.04,45,0,bus_stop
4.18,12.95,0.1,28.27,0,106.35,0.51,35,0,school
14.13,5.11,13.05,2.03,0,0.0,15.72,45,0,bus_stop
12.79,10.1,7.84,21.55,0,0.0,16.64,40,0,unknown
4.51,13.48,6.2,18.51,0,0.0,23.25,50,0,bus_stop
11.02,3.53,5.42,4.87,0,0.0,19.45,20,0,unknown
0.54,6.86,5.19,4.55,0,0.0,27.33,45,0,traffic_light
3.23,14.19,3.35,26.48,0,148.03,0.72,45,0,bus_stop
32.31,17.81,51.51,92.67,1,0.0,18.73,30,0,bus_stop
4.02,15.82,0.83,28.79,0,0.0,16.24,40,0,traffic_light
3.96,0.89,7.73,26.98,0,0.0,12.0,20,0,unknown
0.94,3.69,4.71,25.94,0,0.0,36.31,45,0,traffic_light
2.16,0.81,17.57,3.4,0,217.56,0.34,50,0,school
11.17,2.72,5.02,11.98,0,0.0,50.1,50,0.73,unknown
2.33,5.46,14.81,1.69,0,0.0,18.03,50,0,bus_stop
3.41,17.19,16.09,8.82,0,0.0,19.54,20,0,unknown
23.11,2.45,0.57,16.74,0,0.0,7.86,45,0,unknown
10.78,10.07,17.24,8.07,0,0.0,29.33,30,0,depot
21.77,16.36,9.32,20.92,0,0.0,47.85,50,0,traffic_light
4.21,10.86,6.75,20.3,0,21.83,0.64,20,0,traffic_light
8.02,13.77,5.41,13.13,0,0.0,9.35,30,0,unknown
1.44,13.47,2.14,27.68,0,0.0,41.07,45,0,bus_stop
14.5,6.75,6.77,5.08,0,0.0,40.86,45,0,school
21.47,11.13,16.46,21.47,0,0.0,12.2,30,0,traffic_light
9.3,16.56,3.84,17.85,0,0.0,52.87,50,3.93,depot
6.19,10.03,8.12,3.21,0,0.0,21.81,45,0,traffic_light
9.68,1.48,8.57,17.86,0,17.86,0.29,50,0,unknown
20.78,10.82,4.43,20.33,0,0.0,25.58,30,0,traffic_light
2.07,8.02,9.58,7.58,0,481.4,0.08,45,0,school
1.81,6.57,5.89,4.69,0,0.0,12.62,50,0,bus_stop
8.94,12.75,4.55,8.74,0,0.0,13.47,40,0,depot
26.83,13.13,7.32,15.6,0,0.0,51.59,50,0.89,bus_stop
13.11,5.27,9.73,0.54,0,0.0,12.27,45,0,bus_stop
1.03,12.01,15.92,13.64,0,0.0,26.7,35,0,bus_stop
61.33,44.18,51.97,163.79,1,0.0,13.35,50,0,bus_stop
3.35,17.55,5.83,21.94,0,0.0,7.56,35,0,school
14.22,4.99,10.73,27.98,0,0.0,10.52,45,0,school
86.19,15.4,17.23,119.47,0,0.0,27.92,30,0,school
1.89,17.71,16.88,12.75,0,0.0,23.09,30,0,bus_stop
0.52,2.11,3.89,19.3,0,169.46,1.12,30,0,depot
3.28,6.38,16.63,5.01,0,0.0,27.8,30,0,bus_stop
1.24,8.17,3.55,24.82,0,394.23,0.22,45,0,school
15.02,2.81,1.36,9.98,0,0.0,31.77,45,0,school
35,7.53,0.64,10.05,0,135.18,0.12,35,0,bus_stop
4.39,2.75,9.99,6.85,0,0.0,20.76,20,1.63,traffic_light
2.05,3.05,1.61,29.5,0,315.55,0.41,20,0,school
14.39,4.26,6.2,26.11,0,17.52,0.08,30,0,traffic_light
60.41,22.15,24.71,1.71,1,172.43,0.28,30,0,depot
2.75,14.37,6.73,21.81,0,22.35,0.06,50,0,unknown
6.96,6.91,3.02,2.6,0,0.0,28.95,45,0,unknown
68.1,72.07,64.6,158.03,0,0.0,7.89,45,0,traffic_light
0.45,14.11,3.44,4.64,0,0.0,25.83,30,0,unknown
20.52,3.6,9.52,9.5,0,0.0,46.45,45,1.33,traffic_light
2.49,11.47,8.14,2.21,0,0.0,9.7,45,0,depot
7.86,3.34,1.89,9.14,0,127.64,0.94,50,0,bus_stop
1.4,0.66,1.99,18.26,0,23.76,0.29,30,0,traffic_light
0.64,16.47,3.51,22.33,0,277.35,1.08,45,0,school
9.34,2.03,9.49,15.87,0,0.0,28.43,35,0,unknown
22.17,12.18,14.07,3.15,0,0.0,7.31,50,0,unknown
1.28,13.81,9.03,5.03,0,0.0,9.6,30,0,traffic_light
5.6,3.52,8.15,3.99,0,19.36,0.78,30,0,unknown
4.76,0.13,12.38,19.0,0,16.37,0.25,20,0,traffic_light
3.36,2.98,10.72,20.92,0,0.0,21.7,30,0,traffic_light
1.93,3.98,16.23,19.07,0,40.81,0.12,50,0,traffic_light
15.92,8.16,9.63,27.98,0,0.0,19.49,45,0,school
16.01,8.5,9.45,10.07,0,0.0,40.62,40,3.15,bus_stop
23.86,14.63,8.38,21.23,0,86.82,0.14,50,0,school
1.28,12.24,2.82,15.08,0,0.0,17.55,30,0,bus_stop
1.86,7.16,16.78,24.65,0,0.0,30.06,30,0.67,unknown
15.72,7.84,16.71,22.41,0,0.0,15.56,45,0,bus_stop
5.54,15.83,11.63,13.39,0,0.0,35.06,45,0,unknown
66.97,46.98,64.68,145.1,1,0.0,11.12,20,0,depot
1.69,3.65,9.9,12.36,0,0.0,12.68,35,0,bus_stop
8.39,9.0,10.71,23.06,0,12.0,0.54,40,0,traffic_light
1.53,12.45,3.84,0.2,0,0.0,21.55,50,0,traffic_light
0.0,11.95,13.83,27.77,0,455.54,1.01,30,0,depot
3.09,4.95,16.8,5.36,0,0.0,26.87,35,0,unknown
28.09,2.05,6.92,12.8,0,2.06,1.14,45,0,unknown
2.59,8.56,10.02,2.41,0,0.0,34.78,40,0,unknown
9.7,12.35,12.69,29.82,0,0.0,23.97,50,0,depot
2.64,16.53,3.84,28.52,0,0.0,14.91,30,0,school
8.35,4.44,12.54,28.46,0,0.0,9.92,20,0,traffic_light
10.82,12.19,3.62,8.47,0,0.0,20.58,45,0,depot
8.49,12.88,15.42,21.77,0,0.0,26.37,40,0,depot
3.14,1.98,15.57,0.48,0,0.0,42.99,40,0.58,unknown
0.06,13.13,11.58,5.35,0,147.77,0.94,40,0,school
13.06,4.78,6.22,20.98,0,0.0,17.94,20,0,bus_stop
9.01,2.41,6.72,12.21,0,201.71,0.14,20,0,depot
10.12,13.6,5.01,19.99,0,0.0,24.01,30,0,depot
13.6,12.49,17.48,26.39,0,554.52,0.59,35,0,school
0.88,17.18,12.5,8.59,0,189.45,0.51,50,0,bus_stop
14.28,6.43,12.74,0.36,0,0.0,16.46,30,0,school
18.83,9.7,11.47,8.51,0,0.0,35.16,40,0,depot
1.59,4.85,16.13,24.12,0,0.0,45.51,50,0,bus_stop
1.65,3.09,14.62,23.45,0,804.91,0.48,20,0,school
66.56,8.86,18.08,43.4,1,0.0,17.64,20,0,unknown
15.04,1.15,13.15,29.26,0,45.75,0.39,45,0,unknown
0.46,2.09,12.16,16.77,0,71.05,0.47,30,0,bus_stop
0.22,12.48,8.2,17.26,0,53.26,0.11,30,0,traffic_light
6.86,8.47,6.33,17.71,0,233.97,0.8,45,0,depot
9.46,15.28,8.7,28.98,0,15.67,0.55,30,0,traffic_light
2.64,12.74,4.16,23.13,0,0.0,36.76,35,3.29,school
3.97,2.62,8.95,0.92,0,95.8,0.42,30,0,depot
0.43,12.29,2.55,12.73,0,0.0,36.86,35,3.14,bus_stop
66.46,48.19,26.47,9.82,1,234.1,0.73,30,0,bus_stop
0.3,16.97,3.89,11.69,0,0.0,25.61,30,0,traffic_light
0.48,11.18,3.49,11.94,0,0.0,35.89,40,0,traffic_light
2.29,14.22,4.18,22.44,0,0.0,31.97,30,1.98,school
10.67,17.2,17.14,1.68,0,0.0,17.49,20,0,bus_stop
19.91,9.31,3.91,6.98,0,0.0,33.32,35,0,bus_stop
7.12,15.62,6.18,16.15,0,57.22,0.89,35,0,bus_stop
7.35,15.54,1.18,24.81,0,134.24,0.76,50,0,school
8.27,0.19,16.89,3.84,0,0.0,30.02,40,0,school
6.6,7.81,8.78,14.78,0,0.0,11.15,30,0,school
6.14,8.67,10.85,15.39,0,0.0,8.51,40,0,depot
5.23,12.83,17.24,11.62,0,0.0,35.02,40,0,school
1.56,1.94,5.85,25.0,0,0.0,10.2,30,0,school
8.97,4.17,1.26,24.7,0,0.0,14.43,20,0,bus_stop
0.13,16.47,4.44,7.57,0,39.99,0.53,40,0,traffic_light
5.33,6.64,10.55,1.72,0,0.0,24.46,50,0,depot
0.83,2.7,8.59,19.17,0,0.0,30.08,30,3.84,bus_stop
1.05,0.18,3.56,11.59,0,0.0,30.14,50,0,bus_stop
5.28,15.83,12.2,9.63,0,0.0,11.78,40,0,depot
8.2,17.39,16.88,12.61,0,27.05,1.09,30,0,traffic_light
1.77,9.92,7.27,5.6,0,0.0,34.16,35,0,traffic_light
10.85,17.44,7.69,11.58,0,22.48,1.18,35,0,traffic_light
3.96,13.52,5.81,8.92,0,0.0,28.05,40,0,school
10.44,17.67,10.25,0.45,0,0.0,32.63,40,0,unknown
6.99,17.8,8.76,8.37,0,20.93,0.84,20,0,traffic_light
0.86,7.03,1.66,9.75,0,0.0,24.09,40,0,depot
5.34,0.11,9.82,2.0,0,0.0,13.58,20,0,bus_stop
3.9,15.16,12.88,28.11,0,14.63,0.41,30,0,traffic_light
11.96,4.41,11.03,7.13,0,0.0,40.4,45,0,bus_stop
25.63,2.2,12.09,24.44,0,0.0,23.56,30,0,unknown
65.97,70.25,15.79,396.72,1,0.0,20.33,40,0,depot
16.72,7.12,14.82,23.83,0,19.98,0.04,30,0,unknown
12.78,14.17,17.03,14.55,0,0.0,19.55,20,0,traffic_light
9.54,15.7,16.88,12.85,0,0.0,32.96,40,0,unknown
10.81,12.63,15.95,22.41,0,343.3,0.56,20,0,depot
1.15,0.44,14.6,21.04,0,16.51,0.86,45,0,unknown
11.41,0.44,17.03,1.49,0,0.0,22.57,50,0,bus_stop
3.99,9.18,5.79,11.47,0,0.0,43.36,45,0,bus_stop
10.15,8.35,4.39,11.68,0,262.62,0.74,35,0,bus_stop
4.69,11.59,3.46,9.66,0,0.0,13.44,30,0,traffic_light
16.17,7.85,0.12,3.69,0,0.0,21.27,35,0,school
4.82,15.86,5.52,9.02,0,0.0,29.8,35,0,depot
6.65,9.64,12.18,22.13,0,20.46,0.43,35,0,unknown
8.51,3.56,1.03,12.2,0,0.0,21.34,40,0,school
2.97,2.74,16.88,12.15,0,0.0,20.51,45,0,unknown
14.04,7.11,11.95,12.85,0,0.0,23.07,30,0,traffic_light
43.31,77.19,23.86,155.87,1,0.0,7.27,45,0,unknown
0.92,16.83,7.59,19.46,0,0.0,24.17,35,0,traffic_light
6.63,12.44,16.29,1.83,0,0.0,17.15,20,0,bus_stop
15.4,14.74,9.81,23.67,0,0.0,18.53,20,0,unknown
2.66,11.71,10.67,12.37,0,0.0,19.27,30,0,depot
35,6.35,14.19,18.89,0,60.8,0.9,35,0,traffic_light
4.19,17.16,12.96,21.72,0,598.05,0.11,50,0,school
15.84,13.55,2.03,3.18,0,0.0,20.11,20,0.11,bus_stop
4.36,3.65,8.43,8.82,0,0.0,18.14,20,0,traffic_light
3.86,14.88,17.52,20.09,0,0.0,26.7,40,0,unknown
14.24,9.5,15.42,19.85,0,31.9,0.28,40,0,traffic_light
3.44,16.65,7.4,27.72,0,9.43,0.55,45,0,unknown
11.44,7.81,17.45,5.09,0,14.17,0.49,30,0,traffic_light
13.02,7.45,16.8,9.35,0,18.48,0.83,30,0,unknown
17.97,16.09,2.15,9.04,0,24.14,0.71,45,0,traffic_light
0.15,15.67,15.97,10.88,0,0.0,48.66,50,0,unknown
5.3,9.95,10.62,21.92,0,0.0,40.34,40,2.46,school
2.31,4.01,7.84,19.11,0,40.8,1.17,30,0,unknown
8.54,4.83,9.0,2.4,0,0.0,16.5,35,0,traffic_light
3.21,5.53,14.91,11.79,0,0.0,11.85,20,0,bus_stop
0.96,0.07,5.63,6.4,0,0.0,7.11,50,0,traffic_light
8.62,16.57,0.78,8.63,0,0.0,20.37,30,0,bus_stop
3.16,10.73,0.4,16.94,0,0.0,29.15,45,0,bus_stop
1.47,5.44,15.77,27.08,0,0.0,15.9,20,0,traffic_light
2.78,0.09,8.58,12.96,0,0.0,31.56,45,0,unknown
4.04,15.71,15.15,29.56,0,0.0,20.16,40,0,traffic_light
2.71,15.95,11.78,9.85,0,24.64,0.97,20,0,unknown
38.63,9.14,17.6,2.06,1,20.34,0.81,40,0,unknown
10.5,6.3,16.61,27.85,0,29.05,1.14,50,0,unknown
7.25,14.57,5.52,12.05,0,0.0,27.54,30,0,traffic_light
4.02,5.87,13.63,2.66,0,0.0,18.13,50,0,traffic_light
1.35,3.15,0.49,24.74,0,28.51,1.07,50,0,bus_stop
4.8,8.44,7.69,27.6,0,206.88,1.04,40,0,school
1.52,12.7,0.1,21.68,0,0.0,7.64,20,0,traffic_light
9.94,11.74,10.08,8.08,0,72.22,0.56,20,0,traffic_light
1.15,1.72,5.71,20.63,0,0.0,12.34,40,0,school
13.83,4.44,16.62,16.43,0,12.98,0.05,35,0,traffic_light
0.19,4.88,4.59,7.68,0,0.0,27.23,40,0,bus_stop
5.69,10.58,17.27,8.96,0,61.95,0.64,30,0,traffic_light
3.09,14.95,17.06,0.86,0,0.0,46.08,50,0,school
6.55,11.79,4.66,7.79,0,0.0,27.31,30,0,traffic_light
3.08,7.17,8.4,1.37,0,0.0,33.83,40,0,traffic_light
18.33,9.39,16.47,18.63,0,0.0,30.73,35,0,depot
7.32,6.18,1.96,21.96,0,0.0,19.14,35,0,traffic_light
19.08,8.59,6.22,11.59,0,0.0,9.31,35,0,unknown
5.35,10.74,12.57,24.27,0,0.0,28.17,30,0,school
2.0,2.74,7.01,8.39,0,0.0,15.6,30,0,unknown
0.88,13.39,14.34,7.69,0,0.0,13.96,40,0,unknown
0.82,13.7,6.11,18.8,0,98.93,0.57,40,0,bus_stop
2.53,6.77,13.72,7.05,0,0.0,21.72,45,0,bus_stop
17.67,8.22,17.33,4.71,0,32.83,0.94,30,0,traffic_light
4.26,9.62,12.57,3.32,0,0.0,34.19,45,0,depot
4.1,8.47,10.35,13.72,0,32.02,0.41,50,0,unknown
15.88,0.74,15.74,7.34,0,282.27,0.02,45,0,school
3.6,11.56,9.79,8.19,0,174.13,0.71,50,0,depot
2.73,17.03,12.82,12.25,0,0.0,9.5,30,0,school
5.39,7.68,8.77,11.21,0,0.0,39.77,40,0,unknown
0.38,1.03,16.22,29.06,0,0.0,9.19,45,0,traffic_light
3.93,14.53,4.5,19.04,0,12.22,0.68,20,0,traffic_light
2.17,0.42,2.47,19.25,0,29.35,1.08,30,0,unknown
5.19,6.62,2.14,7.83,0,26.04,0.37,35,0,traffic_light
8.29,14.89,11.39,21.23,0,0.0,51.9,50,2.87,traffic_light
1.38,6.07,8.75,14.74,0,16.28,0.49,45,0,traffic_light
6.03,3.16,3.56,25.58,0,416.67,0.22,50,0,school
2.78,4.87,13.22,13.43,0,0.0,47.9,50,0,traffic_light
25.03,17.87,11.57,22.49,0,20.68,0.91,20,0,traffic_light
0.3,2.93,12.87,8.38,0,0.0,16.93,40,0,school
7.59,12.81,4.15,15.95,0,0.0,35.36,35,3.07,traffic_light
5.79,5.6,3.63,17.42,0,0.0,9.6,20,0,bus_stop
2.83,0.69,12.32,26.43,0,0.0,18.36,20,0,school
1.24,7.11,7.85,10.82,0,0.0,13.58,30,0,school
30.08,1.88,7.38,27.52,0,225.98,0.29,35,0,school
0.06,7.65,17.3,6.69,0,25.85,0.47,50,0,traffic_light
94.15,16.7,64.27,3.77,1,113.79,0.81,50,0,bus_stop
20.19,10.6,3.17,22.1,0,66.71,0.93,30,0,bus_stop
1.28,13.0,6.86,1.49,0,0.0,24.64,40,0,bus_stop
6.19,2.55,15.99,14.77,0,0.0,20.94,35,0,traffic_light
7.37,17.14,4.18,29.46,0,0.0,11.22,35,0,traffic_light
7.9,9.97,10.44,11.01,0,0.0,36.62,45,0,traffic_light
18.1,16.85,10.07,6.72,0,0.0,20.91,20,2.8,bus_stop
0.3,17.25,12.62,18.82,0,19.72,0.19,35,0,unknown
0.08,0.84,0.92,1.18,0,31.71,1.11,20,0,bus_stop
4.84,0.72,5.94,12.33,0,0.0,25.11,50,0,school
2.38,0.41,3.16,17.49,0,0.0,7.24,20,0,unknown
5.15,5.58,14.89,25.51,0,786.31,0.54,40,0,school
8.45,2.68,10.86,3.73,0,17.33,0.34,35,0,traffic_light
6.98,8.87,0.04,16.47,0,27.05,0.72,20,0,unknown
0.86,16.34,1.41,25.48,0,0.0,42.58,45,0,depot
40.38,51.06,51.36,264.48,1,0.0,18.65,30,0,depot
1.82,8.58,0.67,6.94,0,70.23,0.4,50,0,unknown
7.59,10.41,8.78,0.08,0,0.0,21.68,40,0,school
0.14,16.45,11.61,11.93,0,29.1,0.23,45,0,traffic_light
8.85,15.21,8.39,25.9,0,28.78,0.38,40,0,unknown
7.9,17.49,13.78,14.28,0,0.0,21.93,35,0,bus_stop
1.56,9.68,11.26,6.27,0,0.0,21.81,20,3.72,traffic_light
9.87,0.5,15.3,24.41,0,44.35,0.95,45,0,traffic_light
5.13,5.99,6.4,22.96,0,42.46,0.86,30,0,unknown
18.28,2.86,0.1,29.65,0,0.0,26.66,30,0,bus_stop
49.75,89.64,16.35,5.69,0,198.1,0.23,50,0,depot
11.88,10.85,17.34,1.38,0,0.0,9.05,30,0,school
3.48,0.52,14.27,20.15,0,0.0,28.12,30,0,unknown
3.0,7.33,14.34,28.61,0,0.0,9.85,50,0,bus_stop
1.15,12.81,12.44,3.9,0,0.0,11.87,45,0,school
2.19,1.2,4.95,23.19,0,0.0,32.85,45,0,bus_stop
19.27,3.37,12.02,16.29,0,7.6,0.87,45,0,traffic_light
3.54,6.57,3.64,6.35,0,0.0,23.44,45,0,traffic_light
2.78,10.48,4.42,14.52,0,0.0,36.08,40,0,unknown
0.56,6.05,12.95,17.19,0,14.35,1.04,50,0,unknown
1.28,9.67,2.85,1.81,0,0.0,33.96,35,0,traffic_light
5.41,11.18,7.5,7.26,0,40.63,0.76,30,0,traffic_light
11.17,7.59,2.84,29.12,0,0.0,12.22,20,0,traffic_light
20.21,16.87,8.0,23.91,0,0.0,26.35,30,0,bus_stop
1.57,15.79,4.84,23.74,0,0.0,21.39,35,0,depot
1.89,11.95,17.71,19.24,0,94.45,1.14,35,0,bus_stop
0.67,0.37,10.41,21.49,0,173.19,0.64,20,0,bus_stop
3.21,7.4,6.33,15.05,0,54.25,0.75,20,0,traffic_light
5.01,9.65,6.13,15.58,0,0.0,15.27,20,0,unknown
1.73,12.74,17.8,19.68,0,52.4,0.67,45,0,unknown
2.87,0.67,9.34,23.25,0,0.0,36.39,45,0,traffic_light
6.61,11.36,10.99,8.41,0,0.0,25.47,30,0,traffic_light
35,5.36,0.84,24.77,0,0.0,9.25,50,0,depot
4.09,12.57,15.81,1.95,0,0.0,26.15,30,0,unknown
24.59,3.2,2.64,1.27,0,59.21,0.33,20,0,bus_stop
46.72,22.84,27.44,78.83,1,0.0,12.43,45,0,school
4.84,7.01,0.21,14.72,0,57.41,0.35,20,0,traffic_light
7.43,7.57,1.48,7.89,0,35.64,0.96,20,0,traffic_light
5.06,9.46,3.16,5.17,0,0.0,10.06,30,0,traffic_light
5.42,5.38,3.88,24.12,0,0.0,17.29,20,0,school
10.45,5.77,16.56,14.77,0,0.0,27.61,30,0,unknown
10.82,4.57,4.68,13.04,0,43.73,0.23,40,0,bus_stop
1.58,3.32,6.32,20.38,0,0.0,16.04,40,0,bus_stop
8.96,0.7,2.49,12.31,0,0.0,41.32,40,2.86,depot
5.02,8.94,13.5,14.99,0,0.0,15.69,35,0,depot
2.06,4.05,8.96,17.08,0,0.0,30.09,45,0,unknown
0.9,6.07,4.24,11.02,0,0.0,26.68,45,0,unknown
0.45,1.83,8.37,8.55,0,36.07,1.19,40,0,traffic_light
10.23,0.82,17.64,28.7,0,0.0,16.28,20,0,depot
9.48,7.47,2.81,12.3,0,0.0,29.59,35,0,bus_stop
2.79,2.6,16.78,22.64,0,0.0,42.19,50,0,traffic_light
2.94,15.21,10.31,26.66,0,0.0,13.93,45,0,unknown
2.35,5.35,15.06,28.96,0,0.0,26.15,40,0,bus_stop
83.93,61.58,64.92,465.28,1,0.0,27.2,40,0,unknown
12.98,15.39,15.15,2.76,0,0.0,17.03,20,0,traffic_light
6.75,5.69,10.05,22.43,0,3.65,0.35,30,0,unknown
7.97,5.86,8.37,3.52,0,0.0,21.64,30,0,traffic_light
10.06,11.18,16.98,27.26,0,0.0,42.86,40,3.16,school
1.59,8.94,8.25,6.7,0,24.17,0.53,30,0,unknown
0.04,9.8,0.12,0.56,0,0.0,16.29,20,0,bus_stop
12.27,16.54,14.11,29.72,0,0.0,26.04,50,0,unknown
0.84,2.41,10.63,17.41,0,75.59,1.15,45,0,unknown
1.09,5.55,6.55,26.18,0,0.0,11.34,20,0,unknown
4.85,11.61,0.1,2.66,0,0.0,25.16,40,0,traffic_light
9.48,6.89,1.63,1.82,0,0.0,36.28,50,0,school
0.41,3.35,1.47,22.12,0,0.0,13.69,50,0,depot
15.04,9.32,15.06,20.47,0,0.0,22.13,30,0,bus_stop
3.42,6.78,16.05,4.88,0,120.2,0.4,30,0,school
7.52,14.53,11.62,10.26,0,0.0,30.74,45,0,depot
3.39,15.25,14.6,21.79,0,0.0,12.79,45,0,traffic_light
7.02,11.53,9.89,13.43,0,171.53,0.29,20,0,bus_stop
14.48,16.45,17.34,13.11,0,3.61,1.06,45,0,unknown
2.88,13.84,4.68,4.99,0,0.0,24.83,40,0,traffic_light
87.77,89.43,33.07,683.74,0,0.0,27.52,35,0,traffic_light
9.71,13.21,1.32,27.62,0,0.0,37.33,45,0,unknown
2.15,7.82,8.76,14.0,0,0.0,12.29,20,0,school
2.23,0.92,12.21,21.72,0,232.55,0.3,20,0,bus_stop
16.59,15.01,4.06,27.31,0,56.0,0.83,30,0,bus_stop
8.06,4.26,0.85,4.12,0,0.0,15.46,35,0,traffic_light
4.46,0.5,15.23,8.47,0,591.9,1.06,50,0,depot
10.0,1.14,9.12,12.8,0,0.0,41.54,40,2.59,unknown
7.66,11.49,11.4,14.74,0,35.94,0.37,40,0,unknown
21.55,3.54,9.24,29.99,0,0.0,14.93,30,0,traffic_light
3.79,11.14,8.37,1.92,0,0.0,15.78,30,0,depot
1.99,4.63,10.07,29.41,0,0.0,17.95,35,0,school
2.7,4.61,4.78,12.19,0,25.05,1.11,45,0,traffic_light
0.08,4.59,0.07,24.39,0,11.95,0.06,20,0,unknown
30.67,7.81,2.03,20.6,0,0.0,11.77,45,0,bus_stop
7.66,12.86,14.21,28.64,0,11.9,1.15,20,0,unknown
6.36,16.91,11.93,16.26,0,36.27,1.0,40,0,unknown
6.05,12.45,5.76,25.98,0,31.99,0.46,30,0,unknown
13.39,4.39,1.69,19.46,0,42.28,0.04,45,0,traffic_light
1.36,14.93,17.75,22.86,0,7.9,0.53,30,0,unknown
88.47,53.33,41.14,12.9,1,11.34,0.87,35,0,unknown
3.63,8.9,1.8,25.38,0,0.0,12.17,20,0,traffic_light
4.2,4.15,16.89,26.51,0,123.7,0.4,30,0,school
13.7,13.54,16.21,6.1,0,0.0,22.84,40,0,traffic_light
4.27,6.39,9.99,6.65,0,0.0,13.31,30,0,unknown
0.76,12.02,15.04,3.96,0,33.46,0.67,30,0,traffic_light
9.69,1.57,16.56,8.1,0,0.0,36.82,45,0,school
9.62,7.94,7.84,27.75,0,0.0,12.66,50,0,traffic_light
3.96,8.11,16.22,10.94,0,0.0,32.96,40,0,traffic_light
9.51,8.92,1.33,8.37,0,10.55,1.08,30,0,traffic_light
7.29,2.32,1.92,11.81,0,0.0,14.62,30,0,bus_stop
1.49,12.69,3.92,14.67,0,272.47,0.3,50,0,school
1.39,10.51,12.95,9.12,0,32.83,0.12,45,0,traffic_light
9.15,2.24,5.6,7.07,0,0.0,42.42,40,3.53,depot
4.51,16.22,1.87,28.51,0,0.0,43.98,45,0,depot
2.4,9.61,13.78,19.23,0,80.07,1.06,20,0,bus_stop
13.02,3.14,11.25,29.9,0,0.0,16.9,50,0,school
27.58,7.31,15.7,23.58,0,150.07,0.68,35,0,bus_stop
21.55,12.56,16.33,26.44,0,30.88,0.17,20,0,traffic_light
3.44,7.97,5.0,8.86,0,0.0,23.62,40,0,bus_stop
2.2,15.81,2.4,27.46,0,14.87,1.14,45,0,unknown
1.43,1.13,14.03,6.95,0,0.0,47.69,45,2.44,traffic_light
21.31,16.78,13.54,5.71,0,0.0,29.84,30,0,traffic_light
2.01,8.51,6.9,1.43,0,0.0,10.76,35,0,depot
3.42,8.01,6.96,13.38,0,0.0,9.58,35,0,traffic_light
12.61,3.01,1.21,11.88,0,0.0,10.96,30,0,school
0.81,8.69,3.34,24.63,0,138.32,0.12,45,0,bus_stop
6.2,16.87,13.45,0.06,0,25.46,1.01,40,0,traffic_light
0.43,4.75,15.15,4.63,0,0.0,34.96,35,0,traffic_light
0.15,12.19,9.83,11.95,0,0.0,33.74,35,0,unknown
6.59,6.11,2.89,9.44,0,0.0,29.02,30,0,unknown
3.16,10.68,11.95,27.34,0,0.0,13.45,20,0,traffic_light
9.69,9.0,7.2,28.9,0,0.0,25.1,40,0,traffic_light
2.21,7.44,0.42,13.3,0,0.0,31.27,30,2.97,bus_stop
6.21,5.31,6.84,19.89,0,12.12,0.76,45,0,traffic_light
4.78,15.01,12.37,18.8,0,0.0,15.91,40,0,traffic_light
1.07,6.87,12.77,3.26,0,0.0,28.13,45,0,unknown
25.98,3.94,16.33,1.82,0,0.0,23.39,45,0,traffic_light
7.71,7.11,1.56,21.21,0,0.0,13.81,20,0,school
44.04,15.05,68.23,62.41,0,0.0,14.93,30,0,unknown
20.12,17.3,11.47,24.6,0,74.05,0.83,30,0,unknown
0.63,17.33,10.97,29.42,0,0.0,33.65,35,0,bus_stop
1.65,14.93,3.21,27.04,0,0.0,14.82,40,0,bus_stop
14.11,1.84,10.77,6.11,0,0.0,19.5,35,0,school
0.32,6.28,9.58,27.82,0,18.11,1.1,30,0,unknown
2.67,11.03,8.05,5.18,0,319.1,0.52,50,0,school
18.17,14.24,17.3,6.33,0,84.11,0.92,30,0,bus_stop
16.24,13.95,12.92,20.95,0,0.0,23.9,35,0,school
2.34,14.47,3.64,1.76,0,0.0,28.72,30,0,bus_stop
3.54,6.71,12.24,2.17,0,19.44,0.75,45,0,unknown
22.06,16.96,5.03,17.22,0,0.0,31.18,50,0,unknown
5.15,6.1,11.9,18.36,0,0.0,16.89,30,0,bus_stop
5.8,12.53,13.22,11.18,0,29.14,0.12,45,0,traffic_light
6.79,5.66,14.71,12.83,0,0.0,33.35,45,0,traffic_light
3.38,13.29,11.85,18.77,0,0.0,43.87,50,0,bus_stop
0.49,5.58,10.96,28.84,0,0.0,20.12,50,0,depot
2.42,13.03,0.93,22.57,0,0.0,13.03,40,0,traffic_light
5.7,13.15,14.78,1.41,0,28.28,0.8,30,0,traffic_light
89.54,83.57,56.61,22.69,0,11.67,0.98,30,0,unknown
7.11,0.36,12.36,7.76,0,0.0,25.05,30,0,unknown
2.47,3.21,2.98,12.63,0,275.53,0.68,50,0,depot
9.54,5.28,3.04,28.85,0,26.87,0.7,20,0,unknown
12.91,6.93,4.1,23.48,0,16.78,0.23,30,0,unknown
0.05,14.75,7.61,5.05,0,0.0,24.28,30,0,traffic_light
7.53,14.16,16.39,14.77,0,0.0,12.01,40,0,unknown
6.62,15.64,14.83,27.37,0,16.53,0.68,40,0,unknown
15.41,6.34,7.7,28.93,0,0.0,14.85,30,0,depot
4.29,3.41,17.14,29.84,0,0.0,42.76,40,0.61,school
3.69,1.8,16.79,22.81,0,0.0,40.55,45,0,school
1.15,16.28,7.19,15.95,0,0.0,16.28,30,0,unknown
6.37,15.78,4.25,4.68,0,0.0,16.15,20,0,school
8.94,4.78,17.1,12.26,0,92.91,0.64,50,0,bus_stop
11.62,5.12,1.85,5.74,0,0.0,32.52,30,2.3,traffic_light
0.14,11.93,10.69,27.34,0,0.0,49.49,50,0,traffic_light
1.25,13.73,16.74,3.32,0,0.0,27.37,50,0,traffic_light
0.84,11.84,7.06,12.02,0,0.0,24.51,45,0,traffic_light
16.15,1.64,13.66,19.89,0,0.0,9.77,30,0,bus_stop
5.25,12.33,17.03,21.02,0,0.0,15.57,50,0,depot
6.69,14.55,9.9,20.28,0,0.0,41.68,50,0,traffic_light
6.07,8.44,10.62,28.27,0,0.0,16.56,20,0,bus_stop
14.97,11.74,12.48,25.83,0,0.0,52.95,50,1.94,school
1.1,16.98,2.26,0.33,0,0.0,12.33,30,0,traffic_light
10.89,4.81,6.28,18.55,0,12.18,0.96,50,0,unknown
12.52,7.79,16.95,17.81,0,0.0,33.75,50,0,bus_stop
4.82,7.01,15.15,23.43,0,0.0,22.1,35,0,traffic_light
0.69,8.71,9.73,12.56,0,0.0,37.86,50,0,depot
14.82,5.19,9.01,0.95,0,0.0,10.35,40,0,unknown
1.45,8.62,11.77,23.68,0,52.66,0.53,30,0,unknown
13.47,17.62,8.15,10.44,0,0.0,22.04,30,0,unknown
7.77,1.27,8.21,0.9,0,128.91,0.17,30,0,bus_stop
2.96,1.14,9.26,11.15,0,216.12,0.61,45,0,school
11.67,14.11,12.86,24.07,0,59.39,0.76,30,0,unknown
9.14,7.15,6.52,0.43,0,0.0,12.5,45,0,traffic_light
9.16,3.02,10.92,12.84,0,0.0,11.82,40,0,traffic_light
2.18,6.3,10.04,13.64,0,0.0,11.91,30,0,traffic_light
2.83,8.57,3.7,25.64,0,0.0,22.0,30,0,school
0.13,6.11,17.0,26.88,0,0.0,42.46,40,0.94,unknown
1.53,17.45,11.98,19.61,0,0.0,39.18,45,0,school
11.87,11.52,3.62,19.49,0,0.0,22.6,20,3.34,traffic_light
0.96,14.24,5.4,10.62,0,22.78,0.27,50,0,traffic_light
83.56,10.96,24.3,76.72,0,0.0,25.2,40,0,bus_stop
1.5,6.19,15.05,4.1,0,0.0,34.19,50,0,traffic_light
12.72,1.78,15.35,8.74,0,0.0,8.27,40,0,unknown
5.59,11.27,2.56,14.25,0,0.0,8.82,35,0,school
3.62,2.9,1.93,5.0,0,0.0,38.19,40,0,depot
10.4,5.33,11.83,16.81,0,0.0,36.85,40,0,traffic_light
5.2,2.14,13.09,20.9,0,0.0,10.77,35,0,unknown
5.24,6.47,7.83,26.11,0,0.0,33.07,40,0,bus_stop
25.88,31.03,44.65,317.65,1,0.0,36.85,45,0,traffic_light
2.48,8.75,2.62,15.55,0,0.0,31.55,50,0,traffic_light
3.73,5.91,17.64,25.17,0,106.42,1.1,40,0,bus_stop
6.56,16.04,11.54,5.27,0,52.57,1.02,50,0,unknown
1.7,3.39,14.98,11.67,0,12.83,0.15,35,0,unknown
7.82,10.19,5.37,19.91,0,0.0,37.39,50,0,school
5.19,2.28,9.24,23.72,0,231.2,0.92,35,0,depot
13.48,10.85,12.01,17.88,0,94.74,1.13,30,0,bus_stop
4.61,1.8,6.95,5.01,0,0.0,23.26,45,0,unknown
0.58,6.89,12.69,19.66,0,0.0,40.42,50,0,depot
17.16,2.97,1.81,11.65,0,18.35,0.44,30,0,unknown
3.28,4.52,10.79,16.27,0,72.57,1.02,50,0,bus_stop
7.22,3.86,4.86,3.91,0,0.0,20.52,20,2.59,depot
11.76,6.79,2.46,13.02,0,0.0,26.58,35,0,depot
1.84,13.15,9.82,12.81,0,0.0,24.74,30,0,school
3.87,2.19,13.98,7.83,0,0.0,11.02,45,0,school
30.39,5.89,15.1,20.74,0,140.57,0.69,45,0,bus_stop
22.31,17.57,5.66,13.91,0,345.45,0.0,20,0,school
14.01,11.52,2.13,28.01,0,0.0,9.06,35,0,unknown
1.55,10.63,14.55,13.72,0,0.0,39.2,45,0,unknown
7.1,2.09,0.33,24.49,0,44.54,0.3,30,0,traffic_light
1.68,16.04,14.11,9.91,0,0.0,12.66,50,0,traffic_light
11.93,3.91,15.83,13.13,0,0.0,25.89,50,0,traffic_light
3.6,4.54,9.12,20.45,0,0.0,38.9,40,0,bus_stop
80.75,49.5,39.56,10.06,1,85.56,0.73,45,0,bus_stop
6.44,17.58,14.7,24.87,0,0.0,30.83,40,0,bus_stop
88.3,63.52,16.58,7.87,1,17.62,0.45,40,0,traffic_light
3.05,15.03,2.5,17.33,0,0.0,34.01,35,0,traffic_light
0.81,8.78,15.84,19.19,0,0.0,22.26,50,0,bus_stop
6.95,17.72,17.98,1.9,0,0.0,28.19,35,0,depot
8.98,2.08,16.49,22.16,0,10.73,0.48,45,0,traffic_light
13.26,0.76,15.81,11.96,0,0.0,17.48,35,0,unknown
16.23,11.51,2.05,0.4,0,0.0,23.83,35,0,unknown
3.25,15.97,1.54,17.84,0,23.36,0.74,40,0,traffic_light
12.8,9.47,11.07,10.6,0,7.83,0.16,40,0,traffic_light
2.91,6.22,2.81,26.09,0,0.0,25.56,40,0,traffic_light
6.21,6.72,1.37,20.33,0,0.0,13.1,40,0,traffic_light
62.57,15.64,51.75,47.88,0,0.0,11.02,20,0,unknown
21.14,9.7,6.91,4.23,0,0.0,26.06,40,0,school
0.22,4.65,16.1,22.89,0,0.0,12.44,35,0,traffic_light
3.01,1.29,9.85,1.44,0,93.12,0.9,30,0,bus_stop
77.46,10.76,58.48,0.07,1,28.68,0.02,35,0,unknown
1.7,12.32,0.07,28.83,0,0.0,19.68,45,0,traffic_light
1.65,7.82,7.4,27.82,0,0.0,29.68,35,0,traffic_light
0.83,0.69,8.5,7.71,0,0.0,45.34,50,0,traffic_light
21.02,14.42,5.33,22.2,0,0.0,33.13,50,0,school
3.99,4.23,15.53,4.64,0,0.0,51.86,50,2.01,unknown
15.88,16.83,4.88,28.31,0,0.0,42.34,50,0,bus_stop
5.28,16.27,9.98,20.27,0,88.52,0.42,50,0,school
4.25,3.38,6.99,29.02,0,0.0,45.23,45,2.73,traffic_light
1.56,5.46,14.25,18.99,0,0.0,22.68,35,0,bus_stop
1.11,1.81,0.8,18.27,0,81.27,0.28,35,0,unknown
9.95,15.3,6.39,4.56,0,0.0,13.63,20,0,unknown
2.11,16.39,12.12,23.31,0,0.0,17.61,20,0,bus_stop
15.15,8.74,16.8,11.41,0,0.0,9.36,20,0,school
1.62,1.76,11.07,14.16,0,0.0,14.21,35,0,unknown
4.15,8.43,7.23,11.24,0,0.0,47.51,50,0,bus_stop
3.25,15.47,3.8,14.0,0,0.0,30.17,30,3.12,unknown
9.22,15.74,7.75,8.09,0,0.0,21.22,35,0,unknown
26.39,12.15,12.57,15.07,0,0.0,13.49,30,0,traffic_light
35,12.34,5.96,15.91,0,0.0,11.47,35,0,unknown
6.17,1.98,2.05,14.29,0,7.85,0.15,45,0,traffic_light
15.1,13.19,17.55,6.02,0,0.0,34.21,35,0,traffic_light
1.97,12.66,4.33,16.86,0,0.0,33.8,35,0,traffic_light
1.97,16.76,3.01,7.73,0,78.73,1.06,35,0,bus_stop
0.02,17.62,17.9,14.32,0,0.0,23.66,35,0,school
8.23,8.17,14.73,3.08,0,180.67,0.97,50,0,depot
0.09,13.31,1.69,29.54,0,527.08,0.56,35,0,depot
1.8,7.4,4.14,8.49,0,0.0,25.46,40,0,bus_stop
11.13,9.99,8.12,29.44,0,0.0,15.18,20,0,traffic_light
1.71,6.96,6.66,15.8,0,0.0,21.02,20,0.89,unknown
0.09,4.66,1.11,15.76,0,0.0,26.31,40,0,unknown
16.17,12.98,9.15,26.3,0,0.0,12.32,40,0,school
1.12,3.68,0.32,12.67,0,0.0,22.13,45,0,school
2.87,7.06,13.57,6.58,0,0.0,48.25,50,0,bus_stop
16.33,4.04,17.41,19.5,0,0.0,18.05,45,0,traffic_light
5.4,12.22,7.33,12.28,0,128.12,0.8,45,0,bus_stop
10.21,14.35,10.59,22.81,0,0.0,15.74,35,0,bus_stop
0.62,5.4,7.0,9.13,0,0.0,28.23,45,0,unknown
5.32,12.47,11.49,9.11,0,0.0,9.57,35,0,bus_stop
8.35,7.62,10.45,8.46,0,68.1,0.98,45,0,unknown
3.07,3.04,2.09,9.03,0,0.0,13.18,20,0,traffic_light
0.24,11.87,7.0,26.4,0,0.0,42.24,50,0,traffic_light
7.35,5.19,6.85,18.29,0,200.52,0.65,50,0,school
6.94,3.85,2.13,7.06,0,0.0,42.72,40,2.01,depot
2.42,1.43,1.03,8.22,0,12.59,0.14,20,0,traffic_light
5.44,10.94,7.24,27.35,0,0.0,16.38,50,0,traffic_light
0.26,6.58,5.56,4.76,0,0.0,20.5,30,0,unknown
0.3,15.47,3.65,15.72,0,0.0,30.61,45,0,school
8.15,5.52,2.75,5.08,0,445.29,1.15,35,0,depot
20.01,7.61,6.97,7.47,0,0.0,15.11,50,0,unknown
20.01,1.25,7.2,9.14,0,0.0,17.32,20,0,traffic_light
25.8,5.01,7.0,9.29,0,0.0,19.83,20,0,traffic_light
4.11,11.03,0.25,28.2,0,174.7,0.49,30,0,depot
46.93,90.72,62.01,1092.87,1,0.0,43.37,50,0,traffic_light
7.84,14.85,6.96,3.97,0,0.0,29.86,40,0,traffic_light
6.78,7.69,15.3,1.84,0,59.75,0.84,30,0,bus_stop
0.33,2.65,5.68,14.12,0,0.0,43.99,50,0,bus_stop
6.58,5.11,4.9,18.92,0,18.39,1.08,35,0,traffic_light
0.43,13.2,12.37,5.79,0,0.0,20.98,30,0,traffic_light
14.8,11.55,3.87,3.2,0,0.0,33.62,35,0,traffic_light
12.02,0.74,3.37,7.61,0,0.0,15.86,35,0,unknown
63.81,10.94,46.39,2.35,1,15.09,0.77,20,0,unknown
9.26,5.58,3.61,7.79,0,0.0,12.84,20,0,bus_stop
0.75,16.83,1.37,27.89,0,58.22,1.05,30,0,traffic_light
3.6,6.67,2.58,16.94,0,0.0,34.63,35,0,depot
85.16,85.85,65.54,27.41,0,57.32,1.15,45,0,bus_stop
0.25,3.64,11.94,5.15,0,0.0,29.8,35,0,school
12.4,12.75,1.64,25.35,0,0.0,24.46,50,0,school
0.19,8.06,4.98,23.44,0,0.0,25.64,45,0,traffic_light
3.99,1.0,17.38,10.36,0,297.25,0.58,50,0,school
35,3.11,15.81,18.9,0,118.13,0.54,30,0,bus_stop
2.5,16.25,4.07,13.6,0,0.0,10.4,35,0,traffic_light
4.43,1.85,13.01,13.85,0,0.0,32.05,45,0,bus_stop
11.74,9.2,5.63,14.57,0,0.0,20.17,30,0,traffic_light
0.87,5.65,4.71,17.94,0,146.59,0.92,35,0,bus_stop
3.35,16.41,13.87,5.35,0,0.0,42.9,50,0,depot
0.62,17.52,4.86,19.62,0,0.0,13.27,30,0,unknown
10.06,6.34,4.32,23.36,0,0.0,25.16,45,0,traffic_light
5.98,17.11,3.96,4.3,0,89.86,1.18,30,0,bus_stop
15.03,13.63,0.77,17.48,0,0.0,15.0,20,0,unknown
1.03,12.54,6.12,25.29,0,34.72,0.38,30,0,unknown
9.57,12.92,5.86,11.0,0,0.0,30.37,40,0,unknown
3.36,5.0,10.07,20.83,0,0.0,29.83,35,0,bus_stop
6.16,16.79,14.09,20.43,0,112.94,0.34,35,0,depot
15.61,15.81,11.02,17.83,0,0.0,40.02,45,0,school
18.1,12.11,16.67,4.2,0,153.84,1.17,35,0,bus_stop
8.5,2.53,15.53,2.45,0,167.28,0.18,30,0,bus_stop
6.27,7.09,17.7,20.53,0,0.0,20.82,45,0,depot
7.38,10.02,6.86,22.24,0,0.0,26.64,30,0,traffic_light
25.38,4.42,8.15,16.89,0,30.16,0.98,40,0,traffic_light
14.97,8.1,7.67,2.76,0,0.0,21.21,35,0,depot
78.73,84.97,45.18,5.79,1,39.17,0.25,20,0,traffic_light
4.03,3.54,4.34,13.31,0,0.0,15.3,30,0,unknown
9.38,2.66,13.0,10.23,0,0.0,30.96,45,0,unknown
7.65,15.88,8.65,13.2,0,0.0,17.8,20,0,traffic_light
15.56,12.14,15.14,3.61,0,0.0,15.0,45,0,school
3.26,11.52,9.86,12.13,0,35.38,0.96,50,0,unknown
6.11,6.43,13.07,7.74,0,400.62,0.57,40,0,depot
3.95,8.68,12.91,29.95,0,0.0,10.28,20,0,depot
18.2,12.4,10.51,4.53,0,0.0,39.81,40,0,bus_stop
6.55,0.83,1.03,16.28,0,0.0,29.7,35,0,traffic_light
64.61,82.77,73.58,473.88,1,0.0,20.61,30,0,unknown
2.38,9.15,16.62,16.44,0,0.0,29.08,35,0,bus_stop
15.12,13.84,4.96,4.26,0,0.0,15.77,40,0,traffic_light
3.21,10.63,16.11,1.96,0,9.53,0.21,35,0,unknown
10.44,7.1,7.15,11.43,0,0.0,12.16,20,0,bus_stop
16.21,4.32,13.43,21.8,0,40.33,0.93,30,0,school
0.35,12.84,12.07,27.28,0,0.0,16.69,20,0,bus_stop
1.26,5.78,3.59,28.91,0,0.0,22.04,30,0,unknown
1.58,4.63,6.44,21.9,0,42.74,0.02,45,0,traffic_light
1.54,0.75,3.67,5.2,0,423.45,0.16,45,0,school
10.73,2.95,5.81,28.91,0,602.24,0.71,40,0,depot
10.49,3.71,7.25,22.36,0,209.88,0.22,35,0,bus_stop
0.14,15.93,5.01,12.11,0,0.0,28.64,35,0,school
25.67,9.24,4.76,20.08,0,23.43,0.13,20,0,unknown
16.76,1.47,1.81,27.91,0,0.0,10.52,40,0,unknown
0.02,1.65,8.21,25.37,0,0.0,22.6,45,0,traffic_light
6.22,9.16,12.58,26.93,0,0.0,8.46,20,0,traffic_light
0.08,6.1,3.72,19.69,0,0.0,32.28,45,0,traffic_light
2.04,14.11,10.92,17.54,0,0.0,36.57,35,3.09,school
0.25,15.82,5.97,14.58,0,230.09,0.55,35,0,school
2.39,13.63,10.48,17.01,0,0.0,19.31,35,0,unknown
64.85,57.98,40.95,392.64,1,0.0,24.38,50,0,school
6.92,12.19,2.45,17.93,0,23.07,0.58,35,0,traffic_light
1.54,1.88,16.1,11.13,0,54.84,0.59,50,0,unknown
7.83,11.17,5.32,20.41,0,0.0,13.9,45,0,unknown
12.03,9.87,8.86,26.47,0,0.0,20.57,30,0,unknown
6.89,3.13,12.0,24.28,0,0.0,25.75,35,0,school
13.58,0.06,13.16,13.95,0,14.92,1.05,30,0,traffic_light
6.84,1.2,10.84,7.58,0,168.32,0.66,35,0,bus_stop
4.88,17.87,11.22,12.34,0,4.57,0.21,35,0,unknown
7.75,5.89,10.32,3.09,0,0.0,20.04,20,2.61,traffic_light
0.25,17.27,9.6,13.79,0,0.0,12.15,30,0,bus_stop
17.12,16.49,7.49,28.04,0,19.39,0.13,50,0,unknown
1.94,17.26,1.23,18.19,0,0.0,34.35,40,0,school
0.42,3.74,6.37,26.22,0,0.0,34.07,35,0,bus_stop
17.23,0.76,11.35,12.77,0,0.0,47.51,50,0,traffic_light
0.49,5.58,13.56,7.05,0,31.11,0.47,35,0,traffic_light
1.56,4.67,16.93,7.31,0,0.0,23.12,30,0,traffic_light
4.06,4.21,6.2,23.59,0,0.0,33.58,35,0,traffic_light
2.94,2.72,12.33,2.16,0,645.44,0.35,40,0,school
16.46,7.83,13.15,10.02,0,0.0,13.98,20,0,depot
7.43,4.06,7.94,0.83,0,199.62,1.18,30,0,bus_stop
1.62,13.62,2.85,6.62,0,0.0,35.7,45,0,traffic_light
9.98,16.46,6.74,12.5,0,0.0,8.76,30,0,bus_stop
1.12,15.95,17.01,17.54,0,0.0,8.07,20,0,traffic_light
1.83,4.93,6.76,19.02,0,620.82,0.37,45,0,school
0.16,3.95,3.4,18.35,0,0.0,23.43,45,0,traffic_light
1.59,9.2,3.17,12.28,0,0.0,27.25,40,0,bus_stop
3.07,10.77,3.93,10.7,0,36.22,0.62,35,0,traffic_light
15.71,0.1,8.4,9.91,0,61.34,0.38,40,0,traffic_light
3.85,6.47,15.25,27.06,0,0.0,36.65,50,0,unknown
8.75,2.48,6.12,23.09,0,177.12,0.84,40,0,bus_stop
31.0,81.06,17.85,675.71,0,0.0,30.01,50,0,bus_stop
2.81,15.54,15.98,15.27,0,151.51,0.99,45,0,bus_stop
6.07,13.0,17.74,28.32,0,0.0,45.94,50,0,traffic_light
2.22,12.41,2.4,11.64,0,13.98,0.45,20,0,unknown
46.5,75.16,61.13,533.96,1,0.0,25.57,35,0,unknown
9.32,2.32,11.13,11.55,0,36.52,0.51,50,0,unknown
28.02,6.9,11.54,8.55,0,0.0,15.31,35,0,school
4.04,0.81,3.02,29.33,0,0.0,35.08,45,0,traffic_light
13.81,2.36,13.55,6.68,0,0.0,31.91,45,0,unknown
2.84,5.32,11.9,25.05,0,0.0,22.03,20,2.68,unknown
5.43,15.19,8.77,8.26,0,18.37,0.5,45,0,traffic_light
17.99,10.33,15.41,18.53,0,35.92,1.2,40,0,traffic_light
5.49,16.94,6.7,15.92,0,0.0,13.86,35,0,depot
1.82,17.68,10.69,29.09,0,24.69,0.73,20,0,traffic_light
3.64,10.31,2.18,1.86,0,0.0,19.22,20,0,traffic_light
4.96,8.87,5.11,4.93,0,91.48,0.28,50,0,bus_stop
10.96,9.3,5.23,24.13,0,0.0,22.46,20,1.38,bus_stop
9.93,8.68,13.52,25.84,0,0.0,30.64,35,0,traffic_light
9.29,6.07,7.08,10.27,0,226.38,0.52,50,0,depot
10.68,17.82,2.27,4.22,0,15.55,0.1,40,0,traffic_light
9.7,4.87,13.08,29.37,0,11.63,0.37,35,0,traffic_light
4.13,13.53,15.01,7.9,0,8.3,0.05,20,0,unknown
2.72,8.54,6.84,4.14,0,0.0,38.85,45,0,traffic_light
0.93,0.26,6.86,13.11,0,24.75,1.15,40,0,traffic_light
0.42,2.48,17.76,1.18,0,29.13,0.23,30,0,traffic_light
64.92,10.86,62.22,35.8,0,0.0,11.87,30,0,traffic_light
6.05,5.16,16.87,1.5,0,0.0,38.66,50,0,traffic_light
2.57,16.62,10.2,6.45,0,0.0,23.22,40,0,unknown
32.68,10.7,63.63,55.66,1,0.0,18.73,35,0,unknown
6.9,2.54,5.82,3.77,0,0.0,25.52,40,0,unknown
0.45,7.15,8.63,22.84,0,0.0,11.08,20,0,bus_stop
7.96,11.33,14.16,18.34,0,0.0,27.4,35,0,depot
4.2,17.64,15.33,1.73,0,22.33,0.82,20,0,unknown
4.48,6.51,5.17,6.01,0,0.0,8.09,30,0,unknown
0.09,12.48,15.81,25.4,0,0.0,27.92,35,0,unknown
0.07,15.76,5.96,9.21,0,0.0,12.66,40,0,depot
8.19,6.86,10.45,2.34,0,0.0,24.75,30,0,depot
1.22,17.59,7.36,18.7,0,0.0,31.36,40,0,school
32.6,32.66,51.9,111.57,0,0.0,12.3,20,0,bus_stop
9.13,7.85,13.44,9.9,0,0.0,23.5,30,0,bus_stop
4.65,16.92,14.51,20.76,0,0.0,8.91,35,0,traffic_light
2.44,7.32,9.71,1.97,0,0.0,13.6,35,0,depot
4.07,4.3,17.21,28.23,0,0.0,12.14,35,0,depot
12.59,15.94,11.44,9.98,0,66.14,0.61,40,0,bus_stop
17.29,8.78,3.13,0.44,0,0.0,12.41,45,0,bus_stop
1.5,12.13,14.17,6.83,0,0.0,22.59,20,2.12,school
9.36,8.41,16.64,20.56,0,0.0,19.45,30,0,school
5.6,12.92,7.1,15.42,0,0.0,26.01,50,0,traffic_light
1.54,14.38,16.79,24.31,0,221.65,0.65,45,0,bus_stop
5.62,15.0,5.05,0.38,0,0.0,11.32,20,0,traffic_light
1.95,16.44,1.33,25.36,0,457.81,0.28,45,0,school
0.19,14.08,13.01,10.04,0,0.0,35.0,50,0,traffic_light
2.61,14.57,12.45,3.57,0,0.0,13.25,30,0,depot
0.15,12.26,4.49,23.33,0,96.32,0.18,20,0,bus_stop
0.14,1.5,2.93,28.59,0,47.29,0.21,50,0,traffic_light
1.91,14.56,13.95,18.05,0,0.0,23.77,45,0,school
0.29,14.37,12.92,5.61,0,12.16,0.65,40,0,traffic_light
1.3,14.48,15.04,19.52,0,0.0,32.46,35,0,bus_stop
0.39,14.06,13.36,21.7,0,76.16,0.58,35,0,bus_stop
9.25,17.37,9.19,4.92,0,45.6,0.16,40,0,traffic_light
18.68,11.29,12.08,17.8,0,0.0,12.43,35,0,unknown
2.38,3.32,13.3,2.97,0,0.0,7.05,30,0,traffic_light
8.58,11.92,2.53,24.68,0,0.0,18.5,20,0,depot
1.94,6.72,5.4,27.13,0,62.11,0.32,30,0,traffic_light
0.11,12.76,13.61,25.41,0,2.42,0.71,35,0,unknown
14.6,7.13,8.82,13.55,0,0.0,7.05,45,0,unknown
7.92,4.36,5.45,10.81,0,704.22,0.51,35,0,depot
3.07,3.8,10.25,20.28,0,64.91,0.54,35,0,bus_stop
29.1,12.55,3.46,10.51,0,0.0,12.21,30,0,school
6.35,16.84,1.52,0.55,0,0.0,52.45,50,1.37,bus_stop
12.75,9.71,15.6,25.7,0,18.18,1.13,50,0,traffic_light
10.82,10.7,7.65,13.98,0,17.6,0.32,45,0,traffic_light
0.9,13.06,14.45,29.99,0,0.0,19.81,20,0,school
1.95,3.19,5.26,1.16,0,0.0,41.04,45,0,bus_stop
9.63,11.78,12.92,7.29,0,0.0,21.04,20,0.08,unknown
4.73,0.43,15.37,17.44,0,61.64,0.47,50,0,bus_stop
7.43,11.31,5.34,14.55,0,0.0,16.56,20,0,depot
31.24,24.87,66.06,3.6,1,275.92,0.52,20,0,bus_stop
2.46,14.7,10.8,14.37,0,0.0,7.81,30,0,school
1.2,15.29,11.17,26.63,0,0.0,10.19,50,0,traffic_light
9.21,14.45,17.9,10.15,0,11.03,0.2,40,0,unknown
4.26,1.94,16.4,23.88,0,0.0,21.6,20,2.06,school
6.38,12.2,13.73,15.66,0,0.0,32.4,40,0,bus_stop
1.15,2.61,12.78,18.53,0,0.0,8.76,20,0,bus_stop
5.46,16.58,4.9,11.2,0,264.04,0.93,35,0,school
6.48,11.81,11.65,2.32,0,0.0,14.9,50,0,school
0.39,12.23,13.47,0.19,0,27.3,0.32,30,0,traffic_light
10.94,14.29,16.86,25.14,0,0.0,24.12,30,0,traffic_light
5.97,8.11,15.48,24.84,0,14.91,1.2,40,0,traffic_light
10.65,7.74,17.27,20.7,0,39.57,0.72,45,0,unknown
5.54,17.17,9.04,1.55,0,129.71,0.55,30,0,bus_stop
3.91,14.13,2.49,3.82,0,0.0,32.14,40,0,traffic_light
7.21,2.02,13.3,6.12,0,139.52,1.17,30,0,depot
12.93,0.13,14.87,27.09,0,223.71,0.11,40,0,bus_stop
1.84,14.72,5.63,6.62,0,0.0,22.67,50,0,depot
12.4,12.95,0.13,7.27,0,0.0,9.39,30,0,bus_stop
14.79,3.15,12.22,17.98,0,0.0,21.02,20,1.29,school
11.44,4.03,12.89,22.98,0,0.0,29.48,30,0,traffic_light
0.02,9.19,10.24,13.53,0,348.78,0.74,50,0,depot
3.99,13.25,4.9,16.73,0,0.0,27.72,30,0,school
5.29,15.82,9.39,1.13,0,23.5,0.33,35,0,traffic_light
4.05,4.57,15.16,6.23,0,0.0,39.71,40,0,school
12.12,6.37,12.64,10.78,0,14.29,0.47,20,0,unknown
12.28,7.88,11.52,0.32,0,257.8,1.11,45,0,depot
3.81,16.16,15.99,10.79,0,27.8,0.04,35,0,traffic_light
13.68,2.23,17.1,15.43,0,13.42,0.03,45,0,unknown
6.26,3.79,5.88,28.98,0,0.0,52.06,50,0.42,traffic_light
2.11,15.16,13.25,19.88,0,317.22,0.2,45,0,school
64.61,32.99,18.69,3.26,1,47.39,0.36,30,0,unknown
3.04,16.34,1.34,27.18,0,0.0,7.08,35,0,traffic_light
0.3,2.23,15.73,1.85,0,0.0,36.73,50,0,unknown
2.25,3.79,3.59,0.94,0,0.0,12.05,35,0,school
1.57,6.19,11.71,3.02,0,0.0,8.5,40,0,school
2.08,13.12,16.74,10.46,0,214.25,0.53,45,0,school
9.26,16.12,0.61,2.55,0,0.0,16.19,45,0,school
2.03,0.56,2.56,8.06,0,0.0,20.87,30,0,bus_stop
9.12,4.33,10.3,8.15,0,0.0,28.35,35,0,unknown
4.28,9.25,17.71,5.07,0,34.72,0.21,40,0,traffic_light
9.1,17.69,16.14,26.84,0,66.51,0.24,20,0,bus_stop
4.92,1.43,8.06,2.09,0,0.0,14.18,30,0,school
0.24,8.58,12.43,5.38,0,437.91,0.56,45,0,school
1.6,10.23,17.38,24.78,0,0.0,36.02,40,0,bus_stop
3.35,0.17,9.13,26.15,0,0.0,9.34,20,0,school
8.74,2.96,0.84,25.55,0,0.0,31.67,35,0,school
6.81,15.07,10.05,25.36,0,23.81,0.76,30,0,unknown
27.16,12.86,52.97,151.36,0,0.0,42.38,40,3.84,bus_stop
3.96,17.58,4.44,14.1,0,0.0,11.12,30,0,school
0.25,13.27,15.61,21.57,0,13.51,0.8,20,0,unknown
4.71,13.47,16.82,2.63,0,0.0,21.01,40,0,school
17.87,4.72,10.29,5.77,0,25.82,0.62,20,0,unknown
87.76,37.45,43.07,8.8,1,99.0,0.85,30,0,depot
4.8,15.7,8.9,5.79,0,0.0,42.0,50,0,school
87.08,28.67,41.49,172.19,0,0.0,21.62,45,0,traffic_light
0.2,15.3,4.78,2.37,0,145.28,0.34,35,0,bus_stop
15.25,15.89,6.79,21.25,0,0.0,32.21,35,0,traffic_light
0.94,14.23,15.99,19.49,0,0.0,29.03,50,0,traffic_light
0.62,15.17,8.3,15.03,0,0.0,45.68,50,0,unknown
7.15,3.11,11.9,17.95,0,0.0,21.3,40,0,traffic_light
4.07,4.74,17.35,7.5,0,70.25,0.79,45,0,unknown
2.42,6.69,1.88,24.4,0,0.0,27.91,45,0,unknown
20.08,10.86,1.24,13.55,0,0.0,28.94,35,0,school
0.67,9.85,8.08,19.78,0,39.97,0.88,45,0,bus_stop
12.29,14.4,7.28,5.78,0,228.8,0.26,50,0,depot
8.77,6.95,14.04,7.73,0,0.0,22.19,45,0,traffic_light
17.19,17.79,6.91,27.57,0,0.0,9.02,35,0,bus_stop
5.99,11.63,8.23,5.56,0,0.0,46.27,45,0.39,unknown
64.68,66.82,49.29,6.35,0,18.95,0.34,20,0,traffic_light
16.74,14.39,0.9,20.73,0,0.0,11.11,30,0,traffic_light
1.18,7.0,4.84,8.93,0,154.34,0.44,50,0,bus_stop
3.83,17.09,14.59,3.38,0,0.0,30.76,45,0,unknown
2.04,15.9,7.86,6.16,0,62.86,0.33,45,0,unknown
0.54,12.76,8.58,19.47,0,0.0,25.63,30,0,unknown
0.84,3.3,17.13,15.41,0,0.0,39.47,50,0,unknown
27.38,57.89,16.64,8.01,0,21.24,0.5,40,0,unknown
0.21,11.06,16.93,29.87,0,0.0,33.67,45,0,traffic_light
17.21,3.75,11.73,17.65,0,0.0,27.6,40,0,bus_stop
94.98,49.09,37.15,220.94,1,0.0,16.2,30,0,unknown
13.64,7.97,7.42,24.24,0,128.78,0.3,45,0,bus_stop
2.98,5.78,8.18,9.85,0,72.77,0.56,30,0,unknown
12.87,16.36,7.83,17.28,0,0.0,18.5,40,0,bus_stop
28.12,13.56,12.95,26.83,0,0.0,22.01,35,0,unknown
6.42,12.17,16.08,23.53,0,0.0,32.32,35,0,traffic_light
10.6,2.02,1.37,12.83,0,367.11,1.03,40,0,school
11.32,8.36,5.7,29.92,0,160.67,0.84,30,0,depot
1.16,14.48,12.32,12.77,0,0.0,46.72,45,0.37,depot
1.72,1.2,12.54,24.41,0,29.82,1.02,40,0,unknown
0.67,3.2,10.88,13.37,0,0.0,22.31,20,2.89,depot
0.47,13.69,12.04,1.57,0,0.0,25.88,30,0,traffic_light
3.52,6.44,6.8,22.24,0,56.06,0.41,50,0,unknown
13.5,17.49,14.36,24.9,0,29.13,0.05,40,0,traffic_light
1.57,4.95,5.82,12.59,0,0.0,31.44,40,0,school
0.61,16.95,3.95,15.34,0,0.0,39.08,40,0,depot
18.68,5.41,1.87,26.36,0,420.73,0.63,50,0,depot
9.54,16.47,1.28,0.45,0,54.2,0.1,30,0,unknown
6.32,0.69,16.59,12.3,0,73.65,0.41,20,0,unknown
2.59,0.65,6.14,8.68,0,16.37,0.63,30,0,traffic_light
1.29,11.43,16.13,27.95,0,98.89,0.43,30,0,bus_stop
5.84,11.37,11.16,7.6,0,0.0,21.55,35,0,bus_stop
8.94,2.72,10.37,14.49,0,0.0,24.5,40,0,traffic_light
89.5,8.14,27.14,25.78,1,0.0,11.4,45,0,unknown
13.58,15.56,2.94,3.66,0,13.4,0.53,40,0,traffic_light
1.47,2.06,13.33,18.29,0,214.33,0.81,20,0,depot
7.0,0.39,3.31,24.02,0,0.0,38.45,50,0,unknown
3.55,2.22,1.85,14.72,0,138.84,1.04,40,0,bus_stop
4.51,2.04,15.49,1.9,0,106.12,0.2,20,0,bus_stop
1.14,5.54,5.41,8.19,0,0.0,21.18,50,0,school
5.36,11.44,4.38,4.89,0,28.7,0.92,30,0,traffic_light
31.7,17.1,9.45,7.94,0,0.0,31.41,50,0,unknown
35,12.19,5.35,29.0,0,0.0,22.77,45,0,school
5.95,2.77,1.31,11.74,0,0.0,8.16,30,0,traffic_light
10.13,13.92,12.76,12.57,0,0.0,26.78,45,0,unknown
7.12,10.1,6.42,10.33,0,72.7,0.98,35,0,unknown
2.33,13.42,6.26,4.33,0,48.15,0.68,50,0,traffic_light
2.13,14.22,6.05,16.62,0,0.0,22.9,20,2.57,traffic_light
6.22,3.7,10.34,18.43,0,0.0,7.41,20,0,traffic_light
1.33,14.06,7.15,21.99,0,545.2,0.41,40,0,school
1.63,11.22,9.41,10.11,0,0.0,17.16,45,0,school
49.73,55.55,65.99,587.38,1,0.0,38.07,40,0,traffic_light
1.28,15.01,12.97,22.37,0,0.0,16.3,30,0,traffic_light
4.95,6.26,0.46,18.56,0,0.0,14.43,45,0,unknown
6.66,8.12,9.82,15.42,0,449.91,0.54,40,0,school
3.53,17.48,7.94,8.25,0,42.8,0.35,30,0,traffic_light
7.91,17.63,10.09,19.83,0,0.0,19.56,40,0,school
7.09,14.01,15.86,9.0,0,119.88,0.22,20,0,bus_stop
0.02,5.77,1.09,4.03,0,0.0,33.35,45,0,traffic_light
3.03,10.74,8.32,23.88,0,59.76,1.13,50,0,bus_stop
10.61,3.96,2.67,13.96,0,140.08,0.79,40,0,bus_stop
0.73,4.21,15.52,19.9,0,0.0,17.18,30,0,depot
0.55,13.45,12.01,2.55,0,0.0,13.51,40,0,bus_stop
5.81,14.98,15.36,18.23,0,229.79,1.16,30,0,bus_stop
8.18,8.99,0.86,17.31,0,0.0,39.28,45,0,unknown
36.75,84.22,29.49,21.38,1,23.29,0.91,45,0,unknown
0.8,8.85,7.51,26.13,0,131.56,0.54,35,0,bus_stop
3.94,17.81,0.15,9.25,0,0.0,20.54,30,0,unknown
0.58,11.91,13.79,25.85,0,13.91,0.06,50,0,unknown
6.97,6.35,14.32,18.37,0,0.0,15.92,40,0,unknown
75.44,77.37,15.66,24.63,1,61.73,1.15,45,0,traffic_light
0.0,12.11,8.76,0.92,0,0.0,7.01,35,0,bus_stop
2.0,16.26,16.43,6.59,0,66.61,0.39,35,0,traffic_light
5.7,11.01,6.42,17.15,0,60.28,0.07,50,0,traffic_light
19.24,5.69,16.78,6.79,0,0.0,21.63,35,0,bus_stop
5.07,6.41,14.73,26.58,0,0.0,22.67,35,0,traffic_light
4.76,4.23,3.42,27.87,0,409.14,0.27,30,0,school
6.5,6.4,1.84,12.26,0,0.0,37.75,40,0,school
1.57,5.5,7.76,22.88,0,182.52,0.88,45,0,bus_stop
9.27,13.15,4.99,27.54,0,0.0,45.41,50,0,unknown
3.11,12.43,10.0,7.94,0,0.0,23.29,35,0,traffic_light
1.47,12.02,13.28,27.53,0,228.04,0.31,30,0,school
2.43,8.26,15.93,16.7,0,0.0,16.95,40,0,bus_stop
0.73,3.89,0.07,10.34,0,0.0,28.84,40,0,school
6.86,7.97,9.95,13.69,0,18.68,0.75,40,0,unknown
8.42,17.13,13.16,24.36,0,0.0,9.95,35,0,traffic_light
3.04,8.03,2.21,3.13,0,0.0,36.39,35,0.29,bus_stop
17.98,5.65,8.86,11.44,0,22.01,0.88,20,0,unknown
1.63,3.32,17.03,6.23,0,0.0,15.21,35,0,depot
1.73,4.07,15.74,23.5,0,0.0,22.7,50,0,unknown
8.74,9.47,11.18,5.16,0,11.21,0.57,45,0,traffic_light
7.61,17.28,0.13,14.28,0,0.0,29.72,35,0,unknown
7.88,17.32,3.29,1.5,0,0.0,20.81,20,1.99,bus_stop
5.63,13.21,6.99,16.42,0,0.0,29.13,30,0,depot
5.05,16.5,13.42,7.54,0,0.0,11.09,35,0,traffic_light
5.28,5.74,0.69,9.1,0,0.0,28.51,35,0,bus_stop
36.0,17.83,47.58,139.93,1,0.0,28.25,30,0,traffic_light
5.54,7.49,7.96,27.9,0,179.43,0.63,50,0,school
14.98,0.05,4.45,15.63,0,0.0,20.32,20,1.27,unknown
3.58,11.13,15.59,8.98,0,14.12,0.85,30,0,traffic_light
4.12,3.15,4.69,25.81,0,0.0,13.01,20,0,bus_stop
3.44,9.88,4.71,2.38,0,0.0,8.85,35,0,school
1.86,14.84,3.89,5.97,0,0.0,21.05,50,0,depot
6.41,11.45,2.58,12.24,0,0.0,17.99,50,0,unknown
45.1,46.15,20.08,429.56,1,0.0,33.51,50,0,unknown
22.36,11.38,14.08,20.28,0,485.36,0.65,20,0,depot
3.79,16.8,0.68,19.79,0,19.67,1.19,30,0,traffic_light
0.48,8.36,0.34,7.78,0,141.26,0.77,50,0,bus_stop
15.37,0.23,9.34,18.19,0,160.83,0.99,30,0,depot
0.78,7.32,12.52,14.14,0,0.0,24.88,35,0,unknown
0.23,11.2,16.69,29.48,0,0.0,28.57,50,0,depot
13.88,13.98,16.14,13.81,0,777.81,0.94,45,0,school
3.41,7.13,2.99,11.31,0,0.0,12.98,30,0,unknown
3.28,17.86,17.85,7.12,0,0.0,35.84,35,2.28,traffic_light
0.52,10.28,10.03,14.85,0,20.48,0.63,40,0,traffic_light
1.43,10.48,2.76,16.08,0,0.0,44.29,45,0,bus_stop
1.54,3.43,17.25,12.88,0,0.0,39.34,50,0,traffic_light
0.28,12.03,9.76,20.32,0,0.0,17.46,20,0,bus_stop
4.78,3.13,2.54,19.57,0,95.86,1.07,50,0,bus_stop
2.16,17.15,1.44,25.45,0,110.96,0.36,40,0,bus_stop
10.49,14.17,2.65,27.58,0,0.0,25.5,40,0,bus_stop
8.84,7.86,15.63,3.22,0,0.0,45.06,50,0,unknown
13.62,14.07,11.81,26.02,0,0.0,8.16,35,0,unknown
3.21,9.37,14.29,27.55,0,27.06,0.11,50,0,traffic_light
5.91,17.61,6.44,20.48,0,0.0,44.94,50,0,traffic_light
4.51,1.14,15.5,5.08,0,0.0,38.09,40,0,school
0.88,2.66,9.58,15.99,0,0.0,22.46,35,0,unknown
7.39,9.87,0.99,18.72,0,0.0,25.74,50,0,traffic_light
91.11,47.06,58.68,12.69,1,190.28,0.97,35,0,bus_stop
0.69,6.27,13.33,14.66,0,0.0,13.28,30,0,traffic_light
3.03,5.73,15.09,23.4,0,17.06,0.26,30,0,unknown
15.44,14.82,14.17,6.22,0,0.0,20.11,35,0,traffic_light
1.14,10.82,10.98,9.25,0,0.0,9.16,20,0,depot
1.58,9.11,13.43,27.83,0,0.0,25.55,40,0,depot
1.07,11.28,4.85,25.36,0,696.9,0.14,50,0,depot
9.39,0.78,9.68,24.87,0,0.0,25.24,35,0,traffic_light
0.19,1.46,5.9,25.51,0,0.0,47.12,45,2.74,traffic_light
5.83,16.28,0.17,6.08,0,0.0,28.7,45,0,school
2.64,14.99,13.79,14.84,0,74.17,0.2,30,0,bus_stop
1.53,5.14,11.62,24.25,0,124.69,0.74,45,0,bus_stop
17.82,8.51,0.81,1.66,0,0.0,14.01,20,0,traffic_light
9.8,8.27,13.01,2.33,0,72.11,0.9,50,0,traffic_light
1.13,5.92,7.82,4.88,0,0.0,37.48,35,1.46,traffic_light
27.56,14.18,0.41,12.97,0,45.4,0.6,20,0,unknown
12.78,8.11,12.8,2.86,0,0.0,8.45,35,0,unknown
29.4,48.55,27.3,0.71,0,219.01,0.05,45,0,school
0.16,11.33,0.99,2.98,0,39.13,0.39,50,0,traffic_light
1.03,12.53,7.59,21.96,0,0.0,12.84,20,0,school
1.3,6.81,0.11,0.86,0,0.0,15.68,20,0,school
1.91,11.25,10.37,17.35,0,0.0,14.53,35,0,unknown
76.5,54.98,16.38,0.22,1,36.48,0.01,20,0,traffic_light
94.9,59.2,30.09,7.86,0,55.69,0.48,40,0,unknown
8.52,5.57,5.73,17.55,0,0.0,19.06,50,0,traffic_light
1.69,3.09,16.2,7.45,0,23.64,0.43,45,0,unknown
4.63,16.99,8.35,21.53,0,30.59,1.04,20,0,traffic_light
44.78,56.93,61.22,138.32,0,0.0,8.75,45,0,school
8.97,16.96,15.66,29.3,0,0.0,19.66,45,0,bus_stop
6.39,7.46,12.18,13.66,0,509.23,0.71,45,0,depot
1.39,15.64,2.19,21.39,0,5.26,0.72,45,0,traffic_light
0.61,9.52,11.92,17.46,0,0.0,38.25,50,0,bus_stop
9.87,17.35,10.07,20.01,0,0.0,16.75,45,0,traffic_light
35,0.63,5.56,18.44,0,0.0,14.38,30,0,traffic_light
1.75,10.36,1.14,4.17,0,20.71,0.37,40,0,traffic_light
5.19,4.16,16.09,2.75,0,0.0,41.34,40,2.06,bus_stop
3.54,14.59,10.35,4.45,0,0.0,19.85,45,0,school
1.96,11.73,1.69,1.25,0,0.0,13.38,35,0,bus_stop
6.64,5.62,1.59,8.81,0,0.0,24.39,30,0,traffic_light
1.72,14.02,15.39,0.96,0,39.09,0.83,40,0,unknown
1.39,14.46,7.33,20.68,0,0.0,12.76,20,0,unknown
1.31,15.98,12.72,26.4,0,0.0,21.48,30,0,traffic_light
2.55,13.01,4.82,25.77,0,10.22,1.12,40,0,traffic_light
3.15,15.37,2.24,24.49,0,0.0,24.62,45,0,bus_stop
21.67,14.85,5.76,0.16,0,0.0,41.55,45,0,unknown
3.0,6.55,17.34,5.75,0,0.0,8.48,50,0,school
11.08,3.32,9.65,4.02,0,0.0,34.58,35,0,traffic_light
1.81,13.73,17.1,21.41,0,0.0,16.43,20,0,unknown
0.41,13.67,1.15,1.83,0,0.0,18.47,20,0,unknown
9.64,15.13,3.56,7.14,0,135.25,0.44,45,0,depot
1.39,2.21,6.82,18.14,0,8.13,1.18,40,0,unknown
5.13,4.58,2.78,21.9,0,130.88,0.15,20,0,bus_stop
1.53,8.75,7.0,12.04,0,0.0,16.2,30,0,traffic_light
6.57,1.85,15.49,21.97,0,0.0,38.33,45,0,unknown
2.48,14.52,11.48,15.44,0,0.0,38.05,45,0,traffic_light
88.81,73.78,70.05,199.11,1,0.0,9.72,20,0,unknown
0.32,5.81,7.99,15.72,0,0.0,25.79,45,0,bus_stop
28.59,7.65,16.05,10.74,0,0.0,45.92,45,1.4,unknown
1.39,9.19,0.51,16.36,0,0.0,33.0,40,0,unknown
13.21,2.55,16.56,17.98,0,272.71,0.01,50,0,depot
35,1.86,5.07,6.95,0,0.0,7.09,20,0,traffic_light
5.51,12.07,10.26,26.15,0,33.28,0.9,20,0,traffic_light
4.4,17.13,1.49,8.62,0,6.41,0.8,45,0,unknown
3.85,1.41,1.36,4.41,0,0.0,22.02,20,3.27,bus_stop
9.51,12.98,10.44,1.33,0,298.31,0.43,45,0,school
0.82,4.0,11.65,21.32,0,0.0,41.74,45,0,bus_stop
3.42,11.41,14.56,12.71,0,109.63,0.97,45,0,bus_stop
4.81,5.53,7.44,5.67,0,0.0,34.56,50,0,unknown
5.89,13.36,15.03,16.13,0,0.0,9.67,30,0,traffic_light
0.29,0.3,2.48,13.04,0,0.0,40.31,50,0,unknown
0.03,14.47,4.56,9.06,0,0.0,18.16,30,0,school
2.62,4.43,13.09,13.26,0,297.68,1.17,40,0,school
6.01,11.59,14.32,15.74,0,0.0,17.26,35,0,bus_stop
2.44,12.95,1.55,16.25,0,44.36,1.09,50,0,traffic_light
0.86,13.82,1.61,22.75,0,0.0,10.06,20,0,school
7.2,17.22,6.88,24.34,0,0.0,22.72,20,2.67,traffic_light
19.7,13.36,9.05,14.09,0,0.0,13.66,40,0,traffic_light
15.61,14.61,7.53,14.24,0,0.0,17.51,30,0,bus_stop
13.38,10.31,14.04,22.69,0,35.19,0.78,35,0,traffic_light
5.43,2.92,7.05,11.77,0,45.0,0.19,30,0,unknown
7.65,4.69,14.26,6.69,0,0.0,10.21,50,0,traffic_light
1.2,14.81,6.98,29.06,0,0.0,9.07,35,0,school
13.88,9.28,16.61,29.5,0,0.0,12.35,40,0,traffic_light
7.75,13.68,1.94,29.53,0,34.58,0.88,40,0,traffic_light
0.38,4.38,16.5,1.95,0,206.51,1.19,30,0,bus_stop
7.22,10.34,17.26,9.39,0,57.91,0.22,30,0,traffic_light
6.92,6.47,0.04,26.14,0,0.0,26.57,50,0,traffic_light
37.31,15.41,32.46,1.14,1,15.45,0.27,35,0,traffic_light
0.64,16.02,6.91,14.6,0,46.15,0.22,45,0,unknown
29.2,7.5,5.49,16.63,0,30.46,0.58,20,0,traffic_light
8.08,1.44,11.71,23.79,0,24.57,0.83,35,0,traffic_light
0.51,3.01,7.0,9.46,0,582.41,0.38,40,0,depot
11.3,2.33,13.82,20.35,0,0.0,15.88,30,0,unknown
0.35,10.04,16.77,15.37,0,0.0,7.46,50,0,bus_stop
7.83,12.58,6.05,13.02,0,0.0,20.76,50,0,bus_stop
11.94,5.19,7.51,22.25,0,191.36,0.54,50,0,school
3.45,11.55,14.2,6.63,0,0.0,19.8,20,0,depot
4.82,15.93,0.56,29.52,0,0.0,42.83,45,0,traffic_light
2.87,4.58,14.8,0.08,0,0.0,10.46,35,0,unknown
11.11,1.02,12.84,21.3,0,43.71,0.61,35,0,unknown
2.27,9.06,17.02,1.34,0,0.0,28.64,30,0,school
89.49,69.57,67.66,769.52,0,0.0,39.82,50,0,traffic_light
0.43,7.99,0.23,17.54,0,0.0,26.94,35,0,school
10.92,0.73,16.6,20.81,0,555.95,0.42,20,0,depot
1.09,5.36,15.9,27.6,0,0.0,18.29,45,0,traffic_light
3.53,16.36,12.17,27.03,0,61.14,0.53,35,0,traffic_light
2.4,12.97,12.69,25.05,0,0.0,22.2,35,0,traffic_light
3.71,1.79,2.7,5.57,0,0.0,26.13,30,0,bus_stop
10.45,2.65,17.98,27.13,0,0.0,46.16,45,1.99,unknown
1.97,11.01,11.99,13.56,0,0.0,17.88,50,0,traffic_light
2.63,0.05,1.36,10.65,0,0.0,11.09,35,0,school
8.44,17.76,0.23,19.19,0,60.35,0.31,20,0,traffic_light
2.08,10.03,2.96,14.4,0,0.0,14.22,20,0,school
65.21,10.24,47.87,2.45,1,16.59,0.86,30,0,unknown
7.96,12.88,9.19,18.41,0,0.0,21.38,30,0,depot
6.99,2.96,3.88,25.83,0,18.35,0.27,40,0,unknown
6.67,12.31,5.86,3.72,0,0.0,41.43,50,0,depot
13.24,14.36,5.27,28.89,0,0.0,33.96,35,0,traffic_light
2.57,10.94,2.93,5.35,0,54.69,0.61,20,0,traffic_light
6.16,3.63,15.89,1.3,0,0.0,10.96,50,0,traffic_light
63.82,65.77,38.02,16.52,0,66.11,0.9,45,0,bus_stop
17.05,17.79,11.39,4.68,0,0.0,14.27,50,0,bus_stop
5.63,8.1,7.36,21.89,0,0.0,28.14,35,0,bus_stop
1.43,11.16,1.16,21.62,0,0.0,13.7,45,0,unknown
0.08,4.17,5.47,1.81,0,47.66,0.25,40,0,unknown
1.88,0.78,1.49,1.19,0,47.5,1.03,45,0,traffic_light
2.36,7.53,8.5,13.47,0,0.0,46.67,50,0,unknown
9.05,16.65,12.98,16.12,0,0.0,46.67,45,0.19,school
18.85,4.67,9.44,21.99,0,13.91,0.32,20,0,traffic_light
1.99,3.66,13.48,7.42,0,0.0,45.23,45,0.31,traffic_light
50.04,39.06,68.48,4.04,1,39.15,0.37,35,0,unknown
0.38,12.24,12.94,16.56,0,0.0,10.81,30,0,unknown
35,10.1,8.42,9.36,0,46.05,1.14,45,0,unknown
15.05,8.22,2.14,29.45,0,0.0,41.4,45,0,depot
4.0,0.44,9.5,16.31,0,0.0,26.94,50,0,school
13.86,9.46,2.05,19.52,0,0.0,14.2,35,0,unknown
1.37,17.38,11.01,7.52,0,67.71,0.99,50,0,unknown
8.47,8.61,13.05,20.77,0,23.61,1.18,20,0,unknown
1.31,14.39,2.04,24.78,0,0.0,11.2,50,0,depot
4.67,1.15,1.77,17.54,0,0.0,33.67,35,0,unknown
73.61,65.37,29.96,10.15,1,590.44,0.56,45,0,depot
11.51,3.6,9.49,26.98,0,27.51,0.17,40,0,traffic_light
9.14,16.01,10.59,4.81,0,57.83,0.21,20,0,bus_stop
9.82,1.86,2.25,2.7,0,0.0,19.0,30,0,traffic_light
4.12,6.37,14.41,15.85,0,0.0,22.32,20,2.97,bus_stop
2.88,0.24,12.29,23.5,0,0.0,7.55,50,0,traffic_light
3.08,9.85,4.24,24.67,0,97.08,0.77,50,0,bus_stop
6.25,7.82,16.28,25.67,0,153.22,0.26,20,0,bus_stop
1.34,11.65,12.26,5.11,0,0.0,45.74,45,1.59,traffic_light
31.07,16.56,11.65,28.92,0,0.0,52.42,50,3.17,depot
23.17,9.41,11.69,2.19,0,180.38,0.86,20,0,bus_stop
3.71,17.63,10.57,3.32,0,8.98,0.37,20,0,traffic_light
1.5,6.26,17.49,0.58,0,0.0,10.3,40,0,school
0.89,17.12,7.41,15.28,0,0.0,10.64,50,0,traffic_light
25.13,22.48,49.56,4.06,1,63.14,0.65,35,0,unknown
1.74,11.35,11.06,5.9,0,0.0,45.93,45,2.77,unknown
0.9,17.55,11.5,7.09,0,0.0,18.67,30,0,bus_stop
3.39,8.32,13.22,28.88,0,0.0,17.34,20,0,school
4.34,17.69,15.03,6.74,0,34.3,0.75,40,0,traffic_light
36.64,72.53,57.44,436.36,1,0.0,21.66,35,0,traffic_light
16.65,12.79,16.2,1.35,0,38.32,0.85,35,0,traffic_light
2.01,12.42,3.59,17.43,0,0.0,10.67,30,0,traffic_light
5.41,5.59,2.82,12.1,0,0.0,13.91,50,0,unknown
3.79,17.42,16.66,10.22,0,29.34,0.15,40,0,unknown
0.13,0.44,17.28,26.24,0,11.01,0.48,20,0,traffic_light
0.39,12.39,12.01,23.2,0,0.0,12.24,30,0,school
2.84,11.76,7.67,18.63,0,0.0,22.45,45,0,traffic_light
8.34,17.4,3.66,12.69,0,0.0,29.57,45,0,school
1.54,13.84,11.92,1.28,0,0.0,27.62,45,0,traffic_light
11.46,12.96,11.37,28.63,0,570.33,0.4,40,0,school
5.15,14.82,17.81,29.61,0,0.0,16.22,20,0,unknown
75.58,25.67,49.25,173.8,1,0.0,24.37,35,0,traffic_light
3.71,9.95,2.25,22.74,0,62.02,0.57,50,0,traffic_light
2.17,10.51,8.62,8.59,0,0.0,17.02,45,0,depot
48.07,30.96,15.49,371.74,1,0.0,43.23,45,0,unknown
21.14,0.41,14.19,10.29,0,0.0,13.99,20,0,bus_stop
2.67,14.83,4.02,25.48,0,0.0,24.71,45,0,bus_stop
2.1,11.95,12.53,24.93,0,47.07,0.51,35,0,traffic_light
6.11,12.47,6.82,0.85,0,0.0,17.78,20,0,unknown
3.64,2.32,12.28,10.42,0,43.52,0.75,45,0,traffic_light
2.46,5.75,10.56,12.04,0,0.0,17.94,50,0,traffic_light
0.64,11.62,10.21,18.52,0,24.13,0.23,50,0,traffic_light
5.63,8.04,5.15,27.62,0,12.18,1.05,40,0,unknown
9.68,12.64,1.98,6.88,0,0.0,7.18,20,0,bus_stop
62.09,34.86,28.86,120.38,1,0.0,12.43,35,0,unknown
7.96,1.09,4.38,18.27,0,0.0,15.76,20,0,traffic_light
2.81,14.44,5.87,26.91,0,0.0,30.35,35,0,bus_stop
1.62,8.33,6.96,0.4,0,0.0,44.03,50,0,traffic_light
17.76,12.38,8.29,1.43,0,0.0,7.79,20,0,school
4.67,12.77,17.54,26.63,0,0.0,16.2,50,0,traffic_light
3.26,6.08,17.06,15.59,0,21.9,1.01,30,0,traffic_light
3.6,5.46,15.56,7.7,0,92.94,0.73,50,0,school
16.79,15.58,8.39,8.81,0,0.0,22.38,50,0,traffic_light
5.36,10.72,15.71,7.57,0,18.85,0.49,40,0,unknown
0.86,10.35,16.04,15.91,0,0.0,41.1,40,1.84,traffic_light
19.19,5.49,16.7,1.07,0,0.0,22.07,35,0,unknown
0.13,11.69,13.9,17.21,0,0.0,15.87,20,0,traffic_light
0.27,2.05,12.11,8.19,0,188.73,1.14,50,0,depot
5.91,7.73,9.63,12.0,0,121.4,0.21,50,0,bus_stop
24.23,7.79,8.46,16.04,0,0.0,37.58,45,0,unknown
17.91,11.04,17.32,29.74,0,0.0,31.1,40,0,traffic_light
8.7,1.0,15.78,11.6,0,0.0,18.0,30,0,depot
90.98,64.52,44.59,727.23,1,0.0,40.58,45,0,traffic_light
12.24,4.62,4.2,13.83,0,0.0,16.76,40,0,traffic_light
1.68,8.48,16.14,17.91,0,57.47,0.38,35,0,bus_stop
2.0,7.33,16.53,24.78,0,0.0,42.44,45,0,traffic_light
4.3,13.23,11.85,11.76,0,0.0,30.1,50,0,depot
5.27,9.36,8.65,28.33,0,39.17,1.05,30,0,unknown
5.28,6.53,17.99,23.76,0,155.83,0.82,50,0,depot
42.87,32.11,27.03,5.0,0,197.51,0.56,30,0,school
1.17,2.98,1.7,7.6,0,0.0,22.08,40,0,school
32.75,49.42,30.05,9.62,1,39.72,0.7,50,0,traffic_light
8.38,16.48,8.85,14.77,0,0.0,31.66,35,0,school
1.48,7.61,5.78,23.57,0,762.2,0.73,30,0,depot
25.31,10.37,1.9,28.47,0,0.0,41.5,45,0,bus_stop
1.65,7.94,11.77,17.99,0,0.0,31.88,35,0,traffic_light
0.37,15.13,1.62,27.0,0,0.0,16.07,45,0,unknown
2.63,9.94,1.98,10.82,0,0.0,33.25,45,0,traffic_light
9.79,7.91,2.05,1.99,0,409.07,0.15,50,0,school
4.79,8.84,5.1,20.37,0,0.0,12.84,20,0,unknown
1.71,5.14,13.09,16.64,0,0.0,37.4,50,0,school
7.45,2.88,10.95,0.18,0,0.0,17.16,50,0,unknown
10.09,4.49,13.68,0.17,0,0.0,27.24,35,0,school
4.43,5.82,3.68,17.32,0,0.0,30.08,30,3.63,unknown
4.61,5.27,15.5,12.35,0,6.88,0.24,20,0,traffic_light
2.07,12.82,4.1,16.43,0,0.0,32.86,45,0,unknown
1.64,6.98,12.15,4.66,0,0.0,10.0,20,0,traffic_light
3.17,5.8,12.92,23.55,0,0.0,36.47,40,0,unknown
6.11,10.82,5.78,0.35,0,0.0,22.3,35,0,traffic_light
10.09,15.47,2.32,18.6,0,0.0,12.2,20,0,bus_stop
14.29,5.52,5.57,1.34,0,0.0,21.05,40,0,unknown
5.67,6.11,15.49,3.78,0,31.16,0.93,20,0,traffic_light
9.6,12.54,6.55,2.55,0,9.58,0.45,20,0,unknown
1.65,14.08,8.26,0.64,0,0.0,12.0,45,0,unknown
3.12,5.42,6.47,29.16,0,511.97,1.02,50,0,depot
7.37,4.79,8.53,0.18,0,0.0,22.43,40,0,bus_stop
12.81,5.96,6.44,2.21,0,269.83,0.84,50,0,depot
4.25,11.13,1.04,24.45,0,0.0,12.64,40,0,depot
5.89,9.92,15.18,7.28,0,635.39,0.01,40,0,school
11.11,15.79,11.25,7.68,0,0.0,34.56,50,0,bus_stop
10.22,1.72,3.92,13.54,0,0.0,16.13,35,0,depot
26.58,5.86,14.51,1.23,0,92.28,1.11,20,0,bus_stop
1.59,6.76,2.22,18.39,0,0.0,12.76,45,0,traffic_light
0.2,8.49,1.95,1.45,0,0.0,12.27,20,0,unknown
21.1,1.84,6.76,18.43,0,0.0,50.64,50,2.44,traffic_light
5.34,1.18,12.09,9.57,0,85.34,0.18,45,0,bus_stop
5.25,15.79,4.11,25.5,0,0.0,18.57,50,0,unknown
1.96,13.69,1.24,21.11,0,624.52,0.7,45,0,school
54.82,87.11,41.98,980.07,1,0.0,40.5,45,0,unknown
4.15,4.64,13.67,15.4,0,0.0,16.79,40,0,traffic_light
9.4,3.8,6.91,20.43,0,0.0,40.64,40,1.58,school
0.08,6.03,5.13,19.52,0,0.0,39.95,40,0,school
7.83,7.17,4.03,28.92,0,0.0,28.05,40,0,traffic_light
2.29,3.47,0.44,19.99,0,0.0,22.18,20,3.36,depot
0.51,3.68,6.51,24.67,0,0.0,43.72,45,0,depot
4.34,17.65,17.48,7.8,0,56.25,0.35,40,0,bus_stop
8.55,12.68,15.67,10.99,0,192.58,0.25,50,0,bus_stop
1.48,17.37,15.1,9.92,0,0.0,9.82,45,0,bus_stop
28.99,7.61,13.61,0.09,0,0.0,13.57,20,0,unknown
3.99,4.61,12.94,7.55,0,274.35,0.72,40,0,depot
0.12,10.7,14.57,26.77,0,0.0,22.64,45,0,traffic_light
1.85,4.29,14.32,26.41,0,179.59,0.02,45,0,bus_stop
43.0,34.43,71.34,174.45,1,0.0,18.24,30,0,unknown
59.95,28.69,39.46,337.57,1,0.0,42.35,40,3.64,traffic_light
6.49,16.04,9.85,18.53,0,70.52,0.99,30,0,bus_stop
5.38,14.21,9.01,22.52,0,527.1,1.08,50,0,school
6.22,6.89,4.7,5.75,0,491.77,1.18,45,0,depot
11.51,5.59,10.94,18.71,0,40.33,0.34,35,0,bus_stop
0.44,10.64,0.7,24.87,0,0.0,21.69,20,3.35,bus_stop
4.32,2.09,15.13,24.69,0,0.0,25.09,40,0,school
2.03,5.82,4.51,12.51,0,0.0,32.5,50,0,school
5.08,5.69,6.53,0.68,0,0.0,35.08,45,0,traffic_light
4.62,13.72,3.63,19.43,0,0.0,42.44,50,0,traffic_light
6.04,9.23,5.09,10.16,0,0.0,22.95,50,0,traffic_light
9.5,4.27,16.42,19.61,0,0.0,21.72,20,1.52,bus_stop
2.83,9.48,5.77,9.96,0,0.0,24.26,50,0,traffic_light
1.66,8.0,2.86,28.29,0,0.0,24.69,30,0,school
22.13,10.91,6.64,11.14,0,21.41,0.23,30,0,unknown
5.04,17.36,13.4,14.33,0,192.29,0.59,30,0,bus_stop
60.14,83.61,21.99,351.86,0,0.0,15.15,35,0,bus_stop
0.76,7.16,8.16,13.66,0,195.23,0.11,50,0,school
11.92,4.39,17.89,18.98,0,0.0,10.79,40,0,bus_stop
1.33,5.31,10.59,17.02,0,61.13,0.08,30,0,traffic_light
11.49,11.59,5.93,11.84,0,0.0,27.64,35,0,unknown
0.96,1.09,2.34,23.8,0,178.71,1.08,40,0,bus_stop
8.7,14.14,9.2,20.33,0,0.0,13.0,35,0,traffic_light
4.51,5.2,5.54,21.2,0,0.0,31.08,45,0,depot
8.84,16.48,10.39,21.57,0,0.0,44.93,50,0,traffic_light
10.36,12.3,1.69,17.87,0,0.0,42.9,45,0,unknown
89.63,56.85,19.89,419.85,0,0.0,26.59,30,0,depot
1.54,17.63,6.68,20.72,0,56.67,0.75,50,0,bus_stop
11.51,17.84,15.13,17.2,0,0.0,37.76,40,0,traffic_light
16.92,5.56,4.66,13.33,0,0.0,8.75,20,0,unknown
27.28,29.48,40.23,184.05,1,0.0,22.48,30,0,unknown
11.1,3.0,12.02,10.56,0,0.0,25.88,50,0,unknown
6.74,10.44,16.49,7.47,0,0.0,12.21,50,0,unknown
17.59,14.43,12.76,6.14,0,0.0,26.83,40,0,bus_stop
7.31,2.52,2.19,15.58,0,0.0,31.78,50,0,bus_stop
5.07,5.8,11.5,3.47,0,69.81,0.43,35,0,unknown
4.82,12.96,9.28,0.24,0,95.92,0.48,40,0,school
0.7,16.03,8.97,8.22,0,0.0,17.32,30,0,unknown
2.63,5.56,10.95,6.94,0,56.57,0.25,40,0,unknown
0.73,2.84,16.49,4.13,0,0.0,8.01,45,0,unknown
23.16,7.54,8.98,24.8,0,358.18,0.5,45,0,school
0.61,7.7,17.38,24.16,0,0.0,20.31,45,0,bus_stop
7.71,12.84,3.01,11.44,0,0.0,23.92,40,0,traffic_light
3.43,4.51,6.86,9.45,0,0.0,16.18,45,0,depot
4.27,11.72,7.94,2.99,0,0.0,14.96,45,0,unknown
5.27,5.17,2.7,17.84,0,34.53,0.7,30,0,unknown
4.67,13.0,3.9,13.34,0,67.84,0.45,45,0,traffic_light
9.99,12.23,15.24,15.86,0,0.0,15.74,30,0,bus_stop
2.31,1.07,8.0,26.95,0,46.01,0.88,20,0,unknown
0.58,17.59,5.97,5.76,0,0.0,34.23,50,0,bus_stop
30.07,96.61,48.08,357.69,0,0.0,13.33,40,0,traffic_light
10.74,7.79,12.23,12.9,0,21.26,0.06,30,0,traffic_light
2.13,1.22,7.43,21.23,0,0.0,17.49,20,0,depot
10.99,1.31,14.38,13.76,0,0.0,22.4,45,0,bus_stop
3.04,17.84,0.21,2.38,0,0.0,21.6,45,0,traffic_light
6.57,10.27,6.2,24.46,0,0.0,12.74,50,0,traffic_light
0.85,12.19,17.04,24.25,0,15.33,0.31,50,0,unknown
3.69,6.96,7.35,14.29,0,0.0,35.05,35,2.46,unknown
16.47,13.09,3.71,9.65,0,42.47,0.02,30,0,traffic_light
5.08,3.69,0.57,22.03,0,170.45,0.55,20,0,school
3.67,3.03,5.03,20.46,0,225.06,0.44,30,0,bus_stop
1.79,13.28,6.98,6.22,0,444.46,0.45,35,0,depot
8.4,1.03,8.56,10.8,0,0.0,44.34,50,0,unknown
0.36,0.53,15.88,22.44,0,0.0,28.59,45,0,bus_stop
1.27,11.25,5.17,20.07,0,0.0,10.14,45,0,depot
4.46,7.97,13.36,23.84,0,0.0,25.71,35,0,traffic_light
59.56,23.45,47.81,3.14,1,528.03,0.48,45,0,school
4.21,10.66,12.56,3.03,0,0.0,29.7,40,0,school
1.99,2.66,15.24,26.97,0,0.0,12.73,50,0,traffic_light
2.54,12.86,14.55,23.91,0,0.0,22.66,20,2.91,school
5.66,1.53,3.57,25.49,0,0.0,34.38,50,0,traffic_light
15.48,14.69,1.98,8.14,0,39.57,0.41,35,0,unknown
7.46,4.27,4.1,11.96,0,0.0,39.08,50,0,unknown
54.76,71.0,49.11,589.07,1,0.0,29.87,45,0,traffic_light
0.06,13.76,7.77,17.34,0,0.0,14.05,35,0,traffic_light
3.94,9.85,11.01,13.27,0,0.0,27.05,35,0,unknown
9.27,14.93,1.52,21.53,0,0.0,42.25,45,0,school
4.21,17.64,1.11,9.9,0,0.0,29.06,50,0,unknown
36.26,18.6,32.91,94.66,1,0.0,18.32,20,0,bus_stop
8.6,13.13,10.04,5.67,0,33.63,1.14,45,0,traffic_light
2.32,15.75,6.69,20.67,0,69.6,0.82,45,0,bus_stop
0.01,14.13,7.68,13.1,0,0.0,11.62,40,0,school
2.02,1.8,9.18,25.19,0,0.0,41.71,40,0.87,unknown
3.12,3.04,6.1,8.22,0,0.0,9.59,30,0,bus_stop
3.0,13.78,9.43,2.07,0,0.0,16.84,20,0,school
32.14,12.74,17.28,6.77,0,0.0,36.5,40,0,school
1.12,2.08,13.34,24.3,0,53.23,0.87,20,0,traffic_light
4.22,2.02,17.45,25.73,0,0.0,19.88,45,0,traffic_light
7.81,17.17,9.15,9.4,0,0.0,24.72,45,0,traffic_light
1.97,11.62,2.24,12.35,0,68.15,1.07,50,0,traffic_light
1.01,5.16,1.04,20.16,0,0.0,39.47,40,0,unknown
34.05,86.01,47.43,545.69,1,0.0,22.84,50,0,unknown
33.29,22.53,18.31,1.86,1,376.0,0.3,30,0,school
1.84,1.06,5.94,20.55,0,0.0,30.6,35,0,unknown
9.02,9.0,13.29,12.58,0,0.0,28.3,35,0,school
55.61,34.83,40.15,3.65,1,16.34,0.38,30,0,traffic_light
0.99,15.47,10.48,25.32,0,0.0,33.91,40,0,bus_stop
8.24,13.93,9.41,24.48,0,0.0,19.63,50,0,depot
0.32,12.66,10.55,20.84,0,0.0,19.29,35,0,depot
3.55,11.49,6.88,1.56,0,0.0,12.26,50,0,traffic_light
2.02,8.12,12.46,17.97,0,26.25,0.43,30,0,traffic_light
4.37,3.88,3.33,4.71,0,0.0,28.73,30,0,depot
20.17,5.42,1.98,6.61,0,0.0,9.65,20,0,traffic_light
4.06,7.59,10.71,2.18,0,0.0,17.14,20,0,bus_stop
6.04,0.02,3.77,1.24,0,0.0,20.38,20,0.67,depot
13.73,4.27,15.29,27.98,0,0.0,10.37,20,0,unknown
11.81,15.61,9.54,21.82,0,0.0,40.13,40,0.0,unknown
0.92,3.17,9.9,17.49,0,0.0,26.64,45,0,bus_stop
7.01,8.21,6.78,19.37,0,50.37,1.12,35,0,traffic_light
4.74,11.59,8.67,21.61,0,0.0,23.77,40,0,school
3.13,6.6,1.64,1.99,0,0.0,10.73,35,0,depot
15.98,3.91,7.11,6.63,0,0.0,24.32,45,0,traffic_light
3.08,2.01,8.68,14.05,0,0.0,36.71,35,1.26,unknown
6.97,9.56,13.64,17.72,0,0.0,36.6,40,0,traffic_light
0.39,1.45,17.11,0.29,0,179.85,0.73,30,0,bus_stop
20.66,5.4,1.46,21.38,0,16.25,0.61,50,0,traffic_light
5.41,6.38,15.58,29.04,0,0.0,14.88,35,0,traffic_light
2.09,3.5,11.94,23.43,0,0.0,25.0,30,0,bus_stop
1.1,3.61,13.43,22.31,0,0.0,33.45,35,0,depot
0.14,13.69,15.83,14.34,0,0.0,35.58,40,0,traffic_light
2.82,9.4,15.25,27.33,0,113.9,0.69,40,0,bus_stop
0.08,10.52,10.0,7.26,0,0.0,10.09,30,0,depot
32.98,0.16,15.58,10.91,0,0.0,37.55,45,0,bus_stop
11.97,16.55,4.48,3.25,0,73.15,0.27,20,0,bus_stop
5.46,4.96,2.23,17.73,0,0.0,20.32,35,0,traffic_light
0.89,16.49,9.72,4.22,0,0.0,11.86,20,0,traffic_light
0.97,15.53,1.8,7.73,0,45.71,0.12,40,0,traffic_light
6.31,9.46,9.3,23.71,0,0.0,19.7,20,0,bus_stop
4.22,9.9,3.47,27.11,0,0.0,33.06,35,0,unknown
13.87,10.96,11.35,5.74,0,34.75,0.72,35,0,unknown
2.62,5.05,1.93,7.09,0,0.0,13.1,30,0,bus_stop
15.68,0.65,14.1,12.91,0,0.0,13.92,20,0,school
1.15,3.54,13.9,22.24,0,28.58,0.42,45,0,unknown
0.24,6.69,10.11,12.05,0,0.0,42.06,50,0,unknown
2.32,10.63,3.73,7.17,0,0.0,32.02,40,0,depot
3.38,1.7,7.06,26.06,0,0.0,39.34,45,0,unknown
14.3,13.6,6.83,21.96,0,0.0,18.31,40,0,traffic_light
0.55,2.65,6.99,1.89,0,57.53,0.56,45,0,traffic_light
5.34,17.23,11.22,5.92,0,0.0,38.71,45,0,bus_stop
0.02,9.3,9.28,16.48,0,0.0,36.11,35,2.87,depot
7.87,17.13,0.04,11.32,0,0.0,33.18,35,0,depot
14.88,0.7,7.54,0.68,0,0.0,46.4,45,3.2,traffic_light
6.28,5.25,12.04,18.93,0,126.94,0.77,40,0,school
17.32,14.34,15.27,1.0,0,0.0,38.28,40,0,traffic_light
5.44,0.09,17.07,18.8,0,0.0,16.53,20,0,depot
0.58,10.1,9.03,25.33,0,0.0,21.51,30,0,traffic_light
1.09,4.69,7.02,0.93,0,36.43,0.22,40,0,unknown
2.87,5.8,11.4,4.99,0,0.0,32.13,35,0,unknown
35,10.43,8.01,25.29,0,469.19,0.43,40,0,school
4.66,1.56,14.7,1.57,0,0.0,47.77,50,0,unknown
10.63,5.62,3.37,9.29,0,0.0,16.31,35,0,bus_stop
2.98,15.9,3.61,0.18,0,0.0,7.66,50,0,bus_stop
24.01,9.9,4.94,20.4,0,0.0,19.25,50,0,bus_stop
12.59,11.66,17.04,18.7,0,11.04,1.0,30,0,traffic_light
4.98,9.48,6.17,18.27,0,0.0,27.06,45,0,traffic_light
1.47,5.3,12.07,3.93,0,14.5,0.03,45,0,traffic_light
2.63,3.93,4.32,0.9,0,0.0,43.46,50,0,traffic_light
8.64,5.22,17.83,19.01,0,0.0,36.43,35,1.38,traffic_light
1.34,11.12,17.16,1.42,0,0.0,27.83,35,0,traffic_light
2.15,0.63,0.54,25.82,0,0.0,28.66,35,0,traffic_light
0.56,12.1,17.27,17.03,0,0.0,26.32,30,0,school
1.61,5.69,1.49,29.04,0,0.0,22.99,35,0,unknown
3.82,10.32,7.27,4.98,0,19.28,0.59,20,0,traffic_light
6.57,1.44,6.74,26.69,0,74.75,0.5,40,0,bus_stop
14.78,12.78,14.51,21.17,0,0.0,13.13,50,0,unknown
9.28,9.99,17.42,17.63,0,62.49,0.82,50,0,bus_stop
8.63,10.95,12.14,13.12,0,0.0,19.62,45,0,unknown
7.73,16.63,6.88,10.09,0,30.27,1.19,30,0,unknown
0.54,14.51,6.49,22.12,0,0.0,18.96,30,0,depot
5.37,14.58,17.19,18.58,0,0.0,30.58,30,2.64,unknown
3.88,15.11,7.69,16.84,0,28.11,0.12,20,0,unknown
5.68,15.89,14.18,17.4,0,0.0,8.53,50,0,bus_stop
3.66,5.94,2.24,4.6,0,0.0,40.56,40,3.3,bus_stop
9.8,2.45,6.69,27.25,0,0.0,16.65,30,0,unknown
4.8,2.75,10.92,16.84,0,0.0,22.57,30,0,depot
2.89,9.99,8.46,16.65,0,35.52,1.13,50,0,unknown
0.08,12.58,10.16,8.55,0,11.28,0.36,45,0,unknown
13.64,13.71,7.32,15.11,0,0.0,38.31,50,0,school
2.89,7.21,14.75,17.99,0,18.65,1.16,20,0,unknown
4.73,9.72,2.81,5.48,0,0.0,39.83,40,0,unknown
11.74,1.16,15.58,17.05,0,78.02,0.09,30,0,bus_stop
9.48,3.68,11.56,13.79,0,10.34,0.83,40,0,traffic_light
3.99,11.24,17.11,27.21,0,0.0,9.68,50,0,traffic_light
1.45,12.95,5.28,23.05,0,0.0,33.77,35,0,bus_stop
12.81,2.75,12.1,0.67,0,0.0,50.87,50,1.68,traffic_light
0.31,9.97,1.34,1.52,0,12.57,0.62,35,0,unknown
7.36,13.29,9.39,0.06,0,0.0,40.59,45,0,traffic_light
3.64,13.44,10.68,6.73,0,29.35,0.38,20,0,traffic_light
12.91,7.17,8.1,13.46,0,20.62,0.67,20,0,traffic_light
3.95,15.21,10.4,17.9,0,0.0,40.16,45,0,traffic_light
6.64,9.3,16.08,15.46,0,0.0,27.05,30,0,bus_stop
17.69,8.92,9.19,13.92,0,0.0,36.57,45,0,unknown
7.08,3.36,12.54,11.77,0,26.95,1.06,20,0,unknown
18.27,1.8,15.69,2.44,0,0.0,18.12,30,0,unknown
0.66,17.89,7.18,5.23,0,0.0,29.69,30,0,traffic_light
7.04,12.36,0.25,20.8,0,0.0,8.31,30,0,bus_stop
4.36,0.08,17.15,11.77,0,0.0,45.1,50,0,unknown
2.73,7.15,13.95,7.19,0,0.0,17.21,20,0,bus_stop
3.05,14.26,6.03,5.89,0,0.0,14.01,30,0,traffic_light
72.0,16.99,51.73,1.24,1,533.25,0.26,30,0,school
8.7,17.33,3.13,3.12,0,0.0,11.96,50,0,traffic_light
1.68,6.09,15.13,14.26,0,0.0,19.21,20,0,traffic_light
1.9,4.9,8.6,20.96,0,43.84,1.12,30,0,traffic_light
2.72,2.01,15.5,23.47,0,0.0,14.22,20,0,school
7.7,1.34,3.05,11.65,0,0.0,12.5,40,0,traffic_light
10.68,14.06,8.89,27.68,0,0.0,24.35,35,0,unknown
0.19,17.5,4.96,26.77,0,32.83,1.05,20,0,unknown
3.77,10.71,10.91,22.64,0,33.67,1.08,35,0,traffic_light
3.19,8.22,15.25,16.35,0,0.0,45.47,50,0,unknown
4.22,9.34,16.37,16.7,0,13.46,0.67,20,0,traffic_light
30.77,8.75,6.2,3.18,0,0.0,38.47,45,0,school
14.17,16.89,9.75,24.72,0,0.0,36.87,50,0,bus_stop
10.03,1.17,8.32,7.45,0,32.22,0.53,50,0,traffic_light
0.13,3.68,14.24,26.65,0,0.0,18.64,30,0,unknown
14.2,8.77,10.0,10.5,0,0.0,18.01,35,0,bus_stop
9.16,2.67,1.36,2.36,0,37.06,0.04,20,0,unknown
0.4,10.45,11.14,11.51,0,0.0,29.36,40,0,bus_stop
90.87,35.52,18.73,113.46,1,0.0,11.5,50,0,depot
8.97,12.26,2.9,6.83,0,35.65,1.05,50,0,traffic_light
0.1,4.87,2.76,24.45,0,0.0,29.59,50,0,traffic_light
75.57,66.65,39.83,10.09,1,295.09,0.54,30,0,school
0.89,13.87,11.54,20.26,0,0.0,12.55,50,0,traffic_light
5.16,4.25,15.66,27.33,0,24.54,0.67,40,0,unknown
16.48,18.0,6.11,25.91,0,189.53,0.69,45,0,bus_stop
2.25,2.86,2.58,28.76,0,0.0,24.95,40,0,traffic_light
4.22,3.75,7.62,3.62,0,43.49,0.7,35,0,bus_stop
2.97,13.93,8.01,22.99,0,29.97,0.48,50,0,unknown
5.73,15.9,17.33,6.63,0,219.23,0.98,35,0,bus_stop
9.26,12.45,9.47,8.75,0,9.79,0.15,40,0,traffic_light
1.32,5.91,10.09,7.96,0,43.36,0.65,30,0,traffic_light
5.98,14.78,14.84,3.84,0,0.0,33.0,50,0,traffic_light
10.97,8.55,14.64,9.35,0,0.0,15.69,30,0,traffic_light
6.61,0.88,17.12,20.16,0,0.0,22.45,35,0,school
6.44,10.78,5.6,5.23,0,0.0,26.95,30,0,bus_stop
7.99,14.68,13.73,15.35,0,18.97,0.73,30,0,traffic_light
0.82,16.27,11.19,13.93,0,83.71,0.63,20,0,unknown
6.21,4.9,9.93,26.13,0,75.42,0.63,30,0,unknown
8.39,9.35,17.26,26.33,0,36.56,0.15,50,0,traffic_light
9.84,6.75,13.98,2.37,0,0.0,23.61,30,0,unknown
0.33,6.67,4.72,8.64,0,58.03,0.7,35,0,unknown
5.48,13.44,3.81,19.8,0,0.0,22.77,20,0.8,traffic_light
0.66,1.41,8.94,27.83,0,0.0,51.57,50,3.39,unknown
6.15,9.2,13.73,13.53,0,162.14,0.07,45,0,school
9.39,0.29,2.43,6.48,0,0.0,18.18,20,0,traffic_light
0.79,9.1,11.55,10.44,0,0.0,34.92,40,0,traffic_light
4.49,17.41,13.37,27.46,0,0.0,22.46,20,2.79,traffic_light
2.05,14.86,13.28,19.54,0,0.0,38.53,40,0,school
2.25,15.61,6.61,13.76,0,161.41,1.13,20,0,bus_stop
2.55,7.93,1.97,10.91,0,0.0,18.87,20,0,depot
12.26,6.15,5.39,8.65,0,0.0,26.98,35,0,depot
3.29,0.35,16.29,5.68,0,0.0,8.47,30,0,depot
6.35,2.55,10.88,15.15,0,0.0,21.4,40,0,traffic_light
0.52,6.83,13.36,6.2,0,174.96,0.98,45,0,bus_stop
7.71,8.06,3.71,20.96,0,0.0,39.8,45,0,unknown
5.28,9.54,15.77,14.84,0,27.16,0.24,40,0,traffic_light
89.55,32.61,67.43,364.33,1,0.0,40.22,45,0,traffic_light
9.33,0.45,6.41,14.94,0,0.0,11.84,20,0,unknown
10.12,0.68,14.92,19.18,0,0.0,19.27,40,0,traffic_light
4.81,15.07,14.75,15.69,0,0.0,32.77,40,0,traffic_light
13.62,7.44,1.51,19.11,0,6.84,0.78,35,0,traffic_light
1.33,2.94,2.38,12.93,0,0.0,20.55,20,0.04,bus_stop
3.82,0.56,10.17,4.73,0,39.61,0.99,30,0,traffic_light
13.41,2.93,14.49,0.21,0,0.0,23.17,40,0,bus_stop
5.78,0.78,10.3,22.64,0,0.0,13.87,35,0,unknown
2.84,1.6,4.26,21.32,0,198.21,1.0,35,0,bus_stop
1.32,10.36,17.0,11.58,0,0.0,11.82,35,0,bus_stop
1.61,1.21,9.65,26.22,0,0.0,13.1,20,0,school
7.89,3.55,8.61,20.69,0,0.0,16.48,20,0,bus_stop
5.1,2.92,1.72,26.92,0,0.0,31.96,45,0,traffic_light
8.4,12.07,5.66,5.45,0,0.0,45.79,45,0.47,traffic_light
2.72,14.0,12.92,26.34,0,0.0,14.41,40,0,traffic_light
8.99,10.7,17.78,1.06,0,0.0,24.08,35,0,school
2.56,7.25,15.52,13.12,0,49.71,1.04,30,0,bus_stop
1.93,10.22,3.54,4.53,0,0.0,23.94,35,0,unknown
2.59,3.99,10.19,23.7,0,0.0,45.05,50,0,traffic_light
2.0,0.45,7.97,29.01,0,0.0,8.07,50,0,traffic_light
83.38,63.1,41.49,803.84,1,0.0,45.86,45,1.84,depot
0.86,16.48,10.66,25.37,0,0.0,7.33,30,0,bus_stop
10.41,6.1,13.4,21.56,0,0.0,38.8,40,0,traffic_light
11.57,13.35,5.31,25.49,0,0.0,34.94,40,0,school
12.24,5.17,1.9,3.79,0,0.0,28.85,40,0,unknown
6.08,14.52,16.81,19.7,0,22.4,0.31,20,0,traffic_light
22.96,15.83,14.84,17.2,0,52.1,1.02,45,0,unknown
2.57,3.1,0.51,24.05,0,25.3,0.06,20,0,unknown
18.77,1.8,11.28,0.87,0,0.0,20.96,45,0,traffic_light
9.97,5.75,7.23,3.59,0,0.0,22.33,30,0,bus_stop
15.82,8.74,9.59,14.95,0,0.0,15.75,45,0,school
3.2,4.89,15.28,6.29,0,170.79,0.8,30,0,bus_stop
11.86,16.88,17.64,2.89,0,0.0,32.17,50,0,bus_stop
6.74,8.69,17.18,2.17,0,169.6,0.29,35,0,bus_stop
5.29,3.29,14.48,16.94,0,0.0,24.47,45,0,depot
7.73,16.72,12.63,7.77,0,0.0,15.8,20,0,traffic_light
63.78,11.74,67.25,0.72,1,103.1,0.22,20,0,bus_stop
1.0,8.26,15.04,23.3,0,0.0,39.66,45,0,traffic_light
0.37,3.87,3.04,13.59,0,0.0,34.45,45,0,bus_stop
0.33,9.53,1.16,26.68,0,22.6,1.18,20,0,unknown
12.53,2.04,0.11,9.21,0,44.06,0.6,45,0,traffic_light
29.31,9.64,11.8,1.31,0,0.0,34.1,35,0,traffic_light
5.52,2.98,2.94,29.51,0,0.0,18.0,30,0,bus_stop
5.91,11.85,12.0,6.61,0,30.33,0.81,45,0,traffic_light
10.5,16.39,10.23,1.87,0,95.76,0.88,30,0,depot
59.97,50.19,27.6,509.48,1,0.0,36.54,35,2.0,traffic_light
0.68,3.53,6.02,17.42,0,111.27,0.05,35,0,bus_stop
3.62,5.15,13.49,4.84,0,0.0,36.53,35,2.86,traffic_light
72.5,47.41,53.78,9.79,1,30.1,0.74,35,0,unknown
30.81,17.62,13.02,19.01,0,0.0,16.75,20,0,bus_stop
13.45,6.11,1.25,10.03,0,0.0,23.04,50,0,traffic_light
0.41,8.29,2.15,10.97,0,0.0,35.87,35,2.08,bus_stop
4.84,17.31,15.17,11.78,0,0.0,15.9,40,0,unknown
0.39,13.82,1.28,19.82,0,0.0,19.4,40,0,traffic_light
0.15,16.01,6.6,17.5,0,0.0,33.79,50,0,traffic_light
18.82,11.88,5.12,12.34,0,0.0,16.22,20,0,traffic_light
92.67,94.7,23.3,26.16,1,27.97,0.99,40,0,unknown
2.01,3.48,7.45,23.58,0,14.97,0.46,40,0,traffic_light
18.14,4.59,16.01,28.99,0,134.36,0.46,20,0,school
11.04,12.22,5.63,29.49,0,28.68,0.96,50,0,traffic_light
4.86,4.99,9.14,3.53,0,0.0,22.87,40,0,bus_stop
29.1,6.91,5.16,3.34,0,0.0,17.83,35,0,unknown
1.51,4.94,0.03,3.55,0,47.4,0.4,40,0,traffic_light
92.65,80.23,34.33,768.3,1,0.0,34.47,35,0,traffic_light
10.49,8.73,16.21,11.49,0,0.0,39.74,45,0,school
10.68,6.77,11.7,12.84,0,0.0,8.91,40,0,school
26.37,35.47,68.97,137.48,1,0.0,13.95,35,0,depot
12.05,11.94,13.71,6.28,0,0.0,22.52,40,0,depot
14.17,15.75,13.72,21.99,0,0.0,14.75,30,0,traffic_light
13.3,9.51,2.32,27.54,0,55.89,1.01,35,0,traffic_light
10.18,4.44,9.47,16.3,0,0.0,14.69,20,0,unknown
1.34,2.14,4.3,5.8,0,0.0,25.94,30,0,bus_stop
8.84,15.82,3.0,20.7,0,0.0,13.46,45,0,traffic_light
5.89,4.08,7.13,8.27,0,99.29,0.93,50,0,school
2.86,9.5,7.72,4.86,0,0.0,18.89,35,0,traffic_light
57.34,66.82,58.29,278.21,1,0.0,14.99,20,0,traffic_light
5.45,6.65,5.79,21.7,0,70.36,0.27,45,0,unknown
16.24,11.15,11.68,12.24,0,15.24,0.14,40,0,traffic_light
2.13,15.84,3.46,29.84,0,0.0,10.27,20,0,unknown
8.63,5.81,14.57,16.17,0,0.0,8.03,20,0,unknown
1.58,2.61,9.11,29.62,0,0.0,45.23,45,3.62,traffic_light
2.82,2.48,12.81,22.66,0,50.27,0.71,40,0,unknown
1.13,14.46,10.97,27.02,0,0.0,47.15,50,0,unknown
0.99,4.54,2.39,25.75,0,215.78,0.42,20,0,bus_stop
33.31,54.37,68.25,569.78,1,0.0,37.73,40,0,bus_stop
65.52,73.0,30.25,187.71,1,0.0,9.26,20,0,unknown
1.82,0.98,5.32,20.68,0,0.0,14.93,20,0,unknown
8.08,9.35,13.33,14.27,0,0.0,14.2,20,0,traffic_light
0.25,0.96,5.38,1.36,0,7.57,0.94,50,0,traffic_light
93.11,16.51,73.95,5.18,0,53.63,1.13,20,0,unknown
1.54,2.8,1.09,15.77,0,16.87,1.08,20,0,traffic_light
2.11,9.29,11.83,8.89,0,0.0,7.47,45,0,traffic_light
12.48,0.37,10.01,10.36,0,0.0,21.81,20,2.12,school
3.84,4.69,15.19,4.93,0,77.89,0.96,50,0,bus_stop
18.72,13.14,5.28,11.15,0,0.0,16.85,50,0,bus_stop
3.71,6.64,12.1,27.45,0,0.0,29.26,50,0,traffic_light
3.24,2.1,2.09,16.55,0,0.0,42.2,50,0,bus_stop
9.02,14.86,1.42,15.17,0,153.54,0.87,30,0,bus_stop
0.69,5.54,7.2,5.54,0,512.22,1.16,30,0,school
13.56,12.38,0.03,1.26,0,53.8,0.8,40,0,traffic_light
5.43,9.42,5.32,12.43,0,82.91,0.37,30,0,bus_stop
3.76,10.41,9.16,26.45,0,0.0,37.33,40,0,school
19.39,12.23,0.9,22.42,0,0.0,12.22,30,0,traffic_light
41.45,87.65,24.05,2.08,1,40.89,0.09,40,0,traffic_light
7.87,17.12,5.32,2.41,0,0.0,28.02,40,0,depot
6.29,13.04,6.85,17.91,0,29.79,0.02,45,0,unknown
3.16,3.01,2.79,27.03,0,0.0,14.12,50,0,school
0.98,12.25,3.94,22.73,0,0.0,22.84,40,0,traffic_light
55.47,84.97,32.07,0.92,1,259.16,0.04,50,0,bus_stop
5.26,15.35,4.53,27.34,0,0.0,16.81,20,0,school
10.93,4.86,7.62,19.39,0,0.0,17.08,30,0,traffic_light
5.41,13.11,9.55,22.99,0,0.0,34.44,35,0,bus_stop
6.59,12.98,3.47,22.08,0,0.0,19.42,35,0,traffic_light
3.81,4.14,14.29,27.38,0,0.0,40.31,40,3.94,traffic_light
0.13,17.42,13.3,6.41,0,0.0,21.02,30,0,traffic_light
1.41,15.23,7.27,23.07,0,0.0,20.6,30,0,unknown
4.43,14.47,9.98,28.76,0,0.0,31.77,30,0.9,unknown
14.64,4.86,14.77,6.26,0,57.77,1.17,20,0,traffic_light
3.42,12.51,5.76,26.99,0,0.0,10.78,45,0,unknown
3.13,15.63,12.12,1.24,0,191.73,0.48,30,0,bus_stop
5.39,2.44,15.64,14.03,0,5.85,0.47,50,0,unknown
7.47,2.69,5.83,28.55,0,0.0,36.6,35,2.76,depot
1.88,7.35,4.29,15.33,0,37.7,0.83,30,0,unknown
70.47,46.8,16.3,484.64,1,0.0,37.28,40,0,unknown
12.1,12.45,12.42,10.14,0,0.0,23.12,45,0,bus_stop
9.03,11.58,2.43,29.45,0,0.0,21.61,20,1.4,school
11.71,5.26,11.21,19.67,0,0.0,44.48,50,0,traffic_light
47.31,41.61,15.61,192.68,1,0.0,16.67,35,0,traffic_light
0.07,15.46,8.58,0.45,0,0.0,17.88,20,0,bus_stop
6.64,6.81,8.49,24.89,0,0.0,45.54,50,0,bus_stop
0.25,2.86,7.34,17.57,0,0.0,47.84,45,2.06,unknown
60.98,27.54,27.02,100.38,1,0.0,13.12,30,0,unknown
1.32,15.58,14.02,1.0,0,0.0,19.53,35,0,school
15.93,17.94,10.92,22.45,0,0.0,10.78,30,0,traffic_light
29.03,8.02,11.04,27.97,0,39.77,0.93,30,0,traffic_light
17.72,7.71,4.56,7.75,0,76.12,0.06,30,0,bus_stop
9.49,4.45,1.76,4.73,0,0.0,18.92,20,0,traffic_light
8.56,10.97,5.79,29.1,0,165.52,1.11,20,0,depot
10.26,8.53,14.65,0.49,0,0.0,12.51,40,0,traffic_light
11.22,14.43,12.77,16.29,0,0.0,15.76,35,0,unknown
5.36,8.34,6.86,1.93,0,32.58,0.42,45,0,traffic_light
10.95,4.15,9.58,6.59,0,0.0,14.81,40,0,traffic_light
0.12,14.84,9.67,24.55,0,33.55,0.65,20,0,unknown
2.17,3.91,7.11,9.26,0,0.0,39.2,50,0,bus_stop
7.01,6.24,3.68,2.75,0,0.0,22.58,50,0,unknown
49.19,32.7,24.49,9.44,1,227.25,1.04,35,0,school
3.31,9.44,12.36,6.84,0,0.0,14.64,40,0,bus_stop
3.86,3.1,3.18,10.02,0,0.0,19.86,20,0,traffic_light
3.58,17.22,8.64,6.64,0,0.0,25.74,35,0,school
64.66,46.11,67.45,101.6,0,0.0,7.93,20,0,traffic_light
5.6,13.61,10.51,25.0,0,0.0,16.59,30,0,depot
0.47,7.0,14.41,16.04,0,0.0,24.45,30,0,traffic_light
7.96,1.06,16.38,26.64,0,15.36,0.03,50,0,traffic_light
0.93,11.2,1.29,19.0,0,199.99,0.43,20,0,depot
13.22,0.55,4.29,3.14,0,0.0,15.82,50,0,traffic_light
3.05,0.88,3.46,7.11,0,0.0,17.18,30,0,traffic_light
18.64,0.4,5.35,1.92,0,0.0,11.97,35,0,unknown
1.3,2.24,14.04,26.98,0,0.0,27.21,30,0,bus_stop
9.46,3.74,3.97,3.31,0,45.11,0.04,30,0,traffic_light
8.66,6.62,1.96,11.6,0,6.94,0.29,20,0,unknown
15.71,15.12,17.21,12.2,0,0.0,30.1,40,0,traffic_light
16.15,11.39,10.46,5.44,0,0.0,24.21,40,0,bus_stop
0.33,5.34,12.33,2.43,0,0.0,29.14,50,0,school
4.81,10.29,14.41,6.27,0,589.48,0.03,45,0,school
85.99,76.95,49.71,335.11,1,0.0,15.68,45,0,unknown
1.01,15.16,6.23,18.41,0,0.0,10.51,30,0,traffic_light
0.98,0.99,11.21,3.42,0,0.0,34.23,35,0,unknown
75.96,86.32,41.85,4.86,1,67.92,0.2,50,0,unknown
11.0,13.02,2.28,8.57,0,0.0,31.72,40,0,traffic_light
3.04,7.82,12.43,9.68,0,0.0,25.08,30,0,bus_stop
1.28,8.53,7.1,5.2,0,0.0,20.06,20,2.71,traffic_light
7.49,8.44,8.44,22.69,0,172.73,1.12,50,0,depot
7.0,16.96,13.73,2.44,0,196.35,0.14,20,0,school
1.42,4.12,13.0,8.39,0,325.18,0.26,30,0,school
3.32,13.92,6.16,3.02,0,0.0,11.98,35,0,bus_stop
3.51,2.38,1.29,6.14,0,161.45,0.26,35,0,bus_stop
0.77,14.79,5.46,12.82,0,0.0,8.95,20,0,bus_stop
2.32,14.05,15.99,10.23,0,0.0,29.53,35,0,unknown
65.18,47.82,24.31,510.28,1,0.0,38.41,40,0,unknown
3.6,12.93,9.06,21.88,0,0.0,22.4,20,0.09,bus_stop
1.84,8.98,13.68,11.84,0,0.0,21.69,30,0,unknown
0.55,11.03,11.53,16.73,0,0.0,22.08,40,0,unknown
0.18,1.95,8.0,9.34,0,41.68,1.15,45,0,bus_stop
10.92,5.81,7.86,7.83,0,11.84,1.12,20,0,traffic_light
8.74,0.48,7.08,22.64,0,372.52,1.17,35,0,school
0.27,17.45,10.27,20.58,0,113.5,0.94,40,0,depot
4.38,4.6,5.79,14.73,0,153.03,0.08,50,0,depot
8.29,5.48,5.24,4.12,0,17.22,0.09,45,0,traffic_light
9.82,13.96,14.5,21.97,0,0.0,22.3,20,3.93,school
13.34,13.94,17.84,17.31,0,0.0,23.35,30,0,traffic_light
0.52,14.47,4.02,16.11,0,0.0,28.17,30,0,bus_stop
0.35,2.51,3.92,1.4,0,0.0,22.08,20,2.32,school
1.02,5.92,15.97,27.54,0,0.0,15.63,50,0,bus_stop
22.19,11.33,11.13,13.38,0,0.0,37.92,40,0,traffic_light
3.59,3.97,6.59,7.14,0,275.41,0.78,35,0,depot
0.48,9.61,5.26,27.98,0,272.4,1.01,35,0,school
8.33,4.12,4.32,22.06,0,40.33,0.54,20,0,traffic_light
8.28,7.32,4.71,20.51,0,129.7,1.16,20,0,bus_stop
3.15,14.52,5.04,18.67,0,0.0,28.27,45,0,school
0.87,2.54,11.05,29.37,0,0.0,23.0,35,0,unknown
5.94,10.12,6.77,27.26,0,775.14,0.35,50,0,school
5.4,2.03,2.96,1.87,0,0.0,23.95,40,0,unknown
1.91,15.92,14.85,17.86,0,0.0,20.43,40,0,school
32.71,13.9,5.85,11.93,0,0.0,26.57,30,0,traffic_light
3.4,4.13,2.14,5.49,0,0.0,25.4,40,0,depot
7.82,13.3,3.36,8.79,0,0.0,28.02,30,0,traffic_light
7.39,12.72,15.92,11.21,0,0.0,22.38,40,0,bus_stop
2.01,17.19,5.88,16.27,0,0.0,8.64,20,0,traffic_light
2.69,14.69,6.36,7.07,0,0.0,44.35,50,0,unknown
7.48,9.12,4.17,0.74,0,0.0,35.19,35,1.93,traffic_light
6.41,13.17,2.64,4.21,0,51.36,0.41,35,0,unknown
18.39,9.22,15.08,5.43,0,495.31,1.11,40,0,school
4.33,5.33,0.18,4.28,0,0.0,19.38,30,0,unknown
7.54,9.73,0.57,6.68,0,0.0,25.59,45,0,traffic_light
2.89,12.56,16.29,16.89,0,15.57,1.15,45,0,traffic_light
2.1,6.73,10.81,12.26,0,0.0,16.2,40,0,traffic_light
18.14,15.88,17.58,22.12,0,0.0,23.93,35,0,school
0.46,12.87,13.61,16.78,0,0.0,18.93,30,0,bus_stop
6.15,16.32,1.47,10.38,0,44.78,0.43,40,0,unknown
16.9,11.29,15.66,28.44,0,0.0,41.28,50,0,depot
37.28,98.29,15.48,209.12,1,0.0,7.66,40,0,school
0.44,8.84,2.6,1.59,0,2.52,0.97,20,0,unknown
6.06,15.32,7.06,27.06,0,168.18,0.58,35,0,depot
0.01,2.41,13.68,28.58,0,63.04,0.73,45,0,traffic_light
1.3,4.84,17.39,13.61,0,29.19,1.1,50,0,unknown
1.25,10.04,13.15,13.48,0,0.0,38.36,50,0,school
52.31,36.39,43.68,2.3,1,88.88,0.23,20,0,bus_stop
0.63,0.18,2.73,10.33,0,0.0,7.78,30,0,traffic_light
17.72,8.8,2.84,8.49,0,40.8,0.94,40,0,traffic_light
6.39,16.98,13.94,20.64,0,33.5,0.54,40,0,unknown
3.43,6.99,12.19,22.41,0,0.0,16.68,20,0,depot
10.47,16.16,5.0,4.22,0,0.0,33.46,50,0,bus_stop
10.42,10.74,11.58,17.78,0,210.04,1.09,20,0,school
1.4,7.88,6.63,25.56,0,54.99,0.61,30,0,unknown
1.64,4.46,7.08,16.29,0,0.0,46.31,50,0,traffic_light
12.21,1.63,4.45,29.72,0,11.29,0.17,35,0,unknown
9.71,10.4,12.65,5.72,0,0.0,28.99,35,0,traffic_light
4.98,16.07,6.74,10.5,0,183.49,0.68,30,0,bus_stop
57.85,82.65,26.96,329.16,1,0.0,14.34,35,0,traffic_light
0.79,8.55,2.85,6.38,0,207.03,0.89,35,0,bus_stop
2.28,13.09,5.47,14.14,0,23.79,1.0,50,0,traffic_light
0.83,9.71,14.07,5.13,0,37.97,0.36,40,0,traffic_light
2.67,2.33,2.64,0.78,0,21.67,0.35,50,0,traffic_light
7.4,12.96,1.74,20.96,0,0.0,26.46,45,0,bus_stop
7.57,12.41,4.62,16.72,0,0.0,9.95,35,0,unknown
6.25,4.63,11.04,17.01,0,0.0,21.25,30,0,unknown
4.38,9.14,0.19,11.23,0,0.0,46.73,50,0,traffic_light
4.08,16.26,4.59,4.6,0,205.53,1.1,45,0,school
23.67,9.74,13.14,14.12,0,0.0,40.25,50,0,traffic_light
6.28,3.74,12.14,12.43,0,0.0,8.27,35,0,bus_stop
4.48,11.39,16.57,3.69,0,0.0,37.95,35,2.16,unknown
1.31,11.4,3.86,2.51,0,56.14,0.03,30,0,unknown
12.15,5.52,14.96,14.41,0,0.0,17.08,50,0,traffic_light
3.13,12.08,11.96,1.53,0,0.0,21.64,30,0,school
4.44,17.16,0.49,4.04,0,0.0,28.94,35,0,bus_stop
29.7,9.92,12.81,7.76,0,0.0,36.32,35,3.39,unknown
24.03,11.71,16.75,18.95,0,0.0,50.3,50,2.59,depot
1.86,10.73,14.48,28.02,0,27.42,1.09,30,0,traffic_light
0.09,13.94,6.48,13.8,0,16.46,0.08,20,0,traffic_light
17.61,6.03,2.67,9.44,0,0.0,22.96,40,0,traffic_light
5.14,17.65,17.66,22.55,0,12.96,1.17,45,0,unknown
13.97,9.03,11.52,1.61,0,112.57,0.56,50,0,bus_stop
53.88,91.45,18.4,379.58,1,0.0,14.94,35,0,school
0.67,12.96,3.64,8.23,0,0.0,38.02,40,0,traffic_light
8.35,3.03,0.38,15.81,0,0.0,8.62,35,0,bus_stop
13.02,5.76,6.97,25.16,0,0.0,14.74,20,0,bus_stop
14.03,10.68,8.54,7.5,0,0.0,28.14,35,0,school
4.61,10.13,9.98,24.31,0,0.0,17.48,35,0,bus_stop
1.58,3.75,2.65,6.39,0,0.0,21.39,50,0,unknown
2.64,11.94,8.4,25.21,0,0.0,42.82,40,1.97,traffic_light
13.23,5.62,5.58,13.63,0,0.0,26.81,50,0,unknown
5.43,5.94,12.71,27.36,0,526.38,0.95,40,0,school
14.6,0.02,10.03,4.65,0,11.67,0.15,50,0,unknown
0.75,4.36,10.71,23.74,0,33.28,0.62,50,0,traffic_light
0.62,4.48,4.19,3.43,0,0.0,11.72,50,0,traffic_light
0.47,3.99,7.74,12.63,0,228.74,0.83,35,0,school
1.92,17.43,5.02,8.75,0,0.0,37.29,40,0,bus_stop
2.03,7.37,15.81,21.63,0,20.27,0.48,40,0,unknown
2.22,0.35,0.57,1.47,0,0.0,36.89,35,0.62,unknown
14.04,13.01,7.5,12.05,0,10.49,1.12,20,0,unknown
11.22,7.9,0.64,29.98,0,0.0,32.86,40,0,school
12.45,7.11,14.71,16.82,0,0.0,29.28,50,0,school
4.03,3.86,0.66,3.82,0,0.0,11.51,35,0,depot
9.93,13.52,0.26,2.63,0,0.0,25.04,50,0,traffic_light
4.32,9.14,3.25,11.26,0,35.25,0.25,45,0,unknown
82.59,41.67,31.28,224.54,1,0.0,19.4,45,0,school
2.81,6.53,14.65,27.57,0,0.0,17.34,45,0,traffic_light
0.03,10.37,8.27,15.73,0,0.0,31.47,40,0,traffic_light
7.35,13.98,11.18,7.32,0,0.0,8.2,20,0,bus_stop
3.69,2.65,16.61,23.3,0,61.24,0.66,30,0,traffic_light
10.37,13.74,7.32,18.36,0,23.77,1.11,35,0,unknown
1.9,3.07,17.49,9.51,0,13.58,1.15,40,0,traffic_light
0.33,4.86,7.07,1.05,0,380.27,0.65,30,0,depot
47.12,42.46,59.8,5.52,1,38.33,0.47,20,0,traffic_light
6.22,2.73,2.06,16.14,0,63.29,0.18,50,0,traffic_light
11.03,6.33,3.71,7.83,0,0.0,32.42,40,0,school
12.89,10.91,9.19,17.67,0,0.0,27.41,35,0,traffic_light
1.74,6.48,15.86,8.03,0,63.91,1.07,20,0,unknown
4.12,16.95,3.47,7.48,0,0.0,11.37,40,0,traffic_light
4.14,2.06,9.72,15.23,0,0.0,26.14,50,0,unknown
0.05,11.83,1.85,14.97,0,0.0,14.66,45,0,traffic_light
1.04,8.23,1.68,22.56,0,0.0,17.06,20,0,school
1.81,6.14,9.31,10.37,0,242.65,0.83,30,0,depot
6.0,6.38,9.17,17.8,0,0.0,44.91,45,0,traffic_light
10.95,1.64,9.89,15.65,0,32.55,0.58,45,0,traffic_light
8.05,5.84,2.31,27.32,0,0.0,47.87,50,0,depot
1.12,2.73,17.71,26.68,0,40.0,0.01,20,0,traffic_light
9.03,0.83,4.09,28.38,0,14.68,0.96,35,0,traffic_light
0.58,3.49,11.5,23.06,0,0.0,12.46,40,0,bus_stop
3.11,16.36,2.34,0.92,0,542.95,1.12,45,0,depot
78.77,70.56,33.79,12.25,0,67.01,0.63,45,0,traffic_light
1.78,14.97,14.65,3.81,0,0.0,42.83,50,0,unknown
4.33,4.15,6.72,18.83,0,25.47,0.84,20,0,unknown
0.12,13.26,0.33,21.49,0,45.2,0.47,40,0,unknown
8.42,8.02,1.4,20.43,0,0.0,36.68,40,0,school
2.46,1.5,4.09,19.77,0,0.0,20.75,45,0,school
16.53,0.48,4.11,21.67,0,0.0,17.02,35,0,bus_stop
3.04,4.14,15.97,9.77,0,0.0,24.43,35,0,bus_stop
14.92,7.99,14.39,19.65,0,0.0,31.22,40,0,bus_stop
8.05,13.19,17.07,12.34,0,19.04,0.05,30,0,traffic_light
8.9,10.4,2.19,19.62,0,19.1,0.36,50,0,unknown
19.23,15.42,8.45,2.96,0,0.0,12.33,20,0,traffic_light
2.56,17.2,4.13,10.07,0,11.6,0.36,50,0,traffic_light
7.76,4.96,1.96,19.06,0,0.0,17.21,30,0,school
3.73,3.01,17.33,0.14,0,0.0,38.8,45,0,unknown
11.62,16.57,5.63,28.36,0,0.0,41.89,50,0,traffic_light
1.73,11.28,3.35,4.9,0,0.0,22.8,20,2.58,school
34.14,32.93,25.44,155.18,0,0.0,16.97,50,0,unknown
8.1,0.98,15.71,21.3,0,267.43,0.04,35,0,school
12.94,0.5,2.3,27.84,0,0.0,11.93,45,0,school
7.19,2.23,15.88,24.05,0,121.25,0.36,35,0,bus_stop
18.75,1.06,16.28,14.71,0,0.0,13.13,30,0,depot
1.79,0.9,4.13,25.73,0,0.0,21.69,45,0,traffic_light
0.67,15.06,3.9,23.74,0,52.47,0.62,50,0,traffic_light
6.56,5.05,15.84,1.73,0,163.91,0.81,40,0,bus_stop
4.37,11.01,1.46,28.39,0,31.73,0.4,45,0,unknown
4.61,15.97,6.18,0.49,0,0.0,42.95,40,0.89,unknown
3.43,9.27,7.13,12.09,0,0.0,13.84,35,0,bus_stop
2.85,12.92,11.33,0.26,0,65.69,1.05,45,0,traffic_light
1.22,11.69,7.37,16.03,0,0.0,20.18,40,0,traffic_light
4.4,1.42,0.69,13.94,0,0.0,13.63,40,0,unknown
0.02,17.07,17.33,22.84,0,0.0,15.85,20,0,traffic_light
0.83,3.28,11.13,5.67,0,0.0,19.18,30,0,bus_stop
17.93,8.24,14.83,26.89,0,0.0,20.33,40,0,traffic_light
4.65,9.54,5.58,0.38,0,0.0,22.71,50,0,unknown
27.93,4.71,17.62,5.93,0,19.75,0.75,45,0,traffic_light
0.09,17.9,2.26,22.07,0,0.0,17.72,35,0,traffic_light
18.17,16.85,4.61,26.52,0,0.0,7.7,20,0,school
9.46,2.67,17.82,5.8,0,0.0,14.24,30,0,traffic_light
4.71,13.68,16.79,18.75,0,10.07,1.06,20,0,unknown
19.88,10.44,2.9,23.36,0,19.99,0.1,40,0,unknown
0.61,9.65,5.14,16.06,0,0.0,12.46,40,0,unknown
28.33,44.03,43.15,7.12,1,60.59,0.58,30,0,bus_stop
12.62,12.98,14.12,20.82,0,21.58,0.37,40,0,traffic_light
0.49,6.83,14.1,27.26,0,0.0,21.04,40,0,traffic_light
2.2,3.87,17.72,3.9,0,0.0,30.8,40,0,unknown
5.81,14.95,6.84,21.14,0,0.0,8.6,20,0,traffic_light
14.94,14.79,4.18,5.19,0,0.0,19.23,40,0,bus_stop
13.71,5.92,4.7,15.03,0,294.06,0.97,40,0,bus_stop
12.99,0.02,15.82,20.9,0,0.0,21.25,20,0.36,bus_stop
4.5,8.93,3.0,27.05,0,0.0,40.77,50,0,traffic_light
3.14,17.34,9.34,10.56,0,0.0,28.43,50,0,bus_stop
0.65,8.41,11.06,4.67,0,0.0,26.41,40,0,bus_stop
8.53,7.69,11.7,22.58,0,0.0,9.29,35,0,unknown
4.76,6.39,2.97,7.36,0,0.0,35.44,45,0,bus_stop
55.59,39.57,37.52,147.97,0,0.0,13.46,20,0,traffic_light
3.67,0.18,9.85,17.78,0,0.0,31.66,45,0,school
1.84,8.85,16.31,10.88,0,0.0,18.61,45,0,traffic_light
18.62,6.67,6.51,23.26,0,384.65,0.53,30,0,depot
14.15,3.47,9.31,26.14,0,0.0,15.22,20,0,bus_stop
1.82,17.91,8.5,15.7,0,23.73,0.83,30,0,traffic_light
11.91,0.63,4.17,2.39,0,0.0,19.75,50,0,depot
11.05,3.74,11.46,24.29,0,0.0,21.68,50,0,bus_stop
37.53,67.67,59.59,618.8,0,0.0,32.92,35,0,traffic_light
1.82,17.0,7.15,17.47,0,0.0,44.09,50,0,school
0.02,10.18,8.36,3.46,0,0.0,24.81,30,0,bus_stop
2.61,11.35,15.89,4.24,0,71.04,0.3,50,0,unknown
7.0,0.3,10.98,12.9,0,0.0,13.95,20,0,unknown
8.78,10.6,17.68,26.03,0,0.0,19.24,40,0,traffic_light
2.95,2.39,17.47,8.02,0,0.0,39.69,50,0,depot
7.17,13.48,11.58,20.97,0,28.38,0.85,30,0,traffic_light
35.31,81.48,15.05,241.15,0,0.0,10.65,45,0,traffic_light
7.82,16.69,11.17,9.3,0,0.0,27.58,35,0,bus_stop
5.74,16.62,7.88,25.28,0,0.0,10.98,20,0,traffic_light
5.88,0.24,1.65,18.38,0,0.0,23.74,30,0,traffic_light
14.28,15.12,5.52,25.85,0,23.64,0.83,35,0,traffic_light
4.21,11.17,7.58,24.03,0,51.87,0.53,20,0,traffic_light
0.07,3.04,2.93,28.16,0,15.71,0.85,20,0,unknown
0.48,11.11,4.64,18.49,0,0.0,27.33,40,0,traffic_light
3.33,15.42,1.33,17.3,0,0.0,32.29,45,0,traffic_light
4.0,0.27,1.21,1.14,0,0.0,45.03,45,2.65,traffic_light
0.46,5.03,1.22,18.21,0,0.0,12.34,20,0,bus_stop
3.33,15.38,9.77,27.5,0,411.35,0.46,40,0,school
15.21,5.99,13.27,0.79,0,0.0,8.82,45,0,depot
4.55,16.04,16.31,11.93,0,679.65,0.32,20,0,school
0.12,11.93,17.84,16.12,0,0.0,12.59,30,0,unknown
0.74,10.69,1.37,2.25,0,507.57,0.19,45,0,depot
18.61,4.93,17.12,14.82,0,45.34,0.19,35,0,traffic_light
6.8,0.78,9.83,20.42,0,124.04,0.75,50,0,bus_stop
9.29,17.16,8.24,29.07,0,0.0,21.75,30,0,traffic_light
0.52,15.54,15.91,13.43,0,329.23,0.3,45,0,depot
20.98,0.92,7.01,13.63,0,0.0,17.38,30,0,bus_stop
0.42,5.69,0.98,19.16,0,0.0,9.32,45,0,bus_stop
4.4,5.28,4.32,7.07,0,0.0,19.31,30,0,unknown
15.05,11.59,9.12,1.59,0,24.68,1.18,45,0,traffic_light
3.75,16.27,1.58,24.77,0,0.0,29.28,40,0,traffic_light
0.41,3.49,12.24,24.63,0,10.32,0.57,35,0,traffic_light
9.69,6.65,16.61,2.83,0,0.0,12.17,45,0,traffic_light
17.52,15.29,0.52,13.94,0,254.99,0.32,20,0,depot
8.52,17.6,8.55,9.69,0,0.0,14.85,20,0,unknown
3.26,17.66,4.29,28.14,0,0.0,38.43,50,0,school
3.34,1.6,12.87,17.84,0,0.0,19.29,20,0,traffic_light
15.76,5.01,17.71,16.92,0,57.09,0.98,50,0,unknown
7.2,16.72,11.35,6.34,0,0.0,22.55,40,0,traffic_light
11.76,14.21,1.61,20.96,0,282.52,0.2,30,0,bus_stop
1.19,12.1,15.55,25.19,0,143.9,0.84,50,0,bus_stop
0.97,11.4,8.2,7.03,0,0.0,9.67,50,0,traffic_light
0.98,1.96,0.98,18.5,0,0.0,32.69,45,0,school
0.35,15.08,11.86,1.16,0,67.58,1.02,50,0,unknown
7.93,0.93,5.66,22.67,0,0.0,24.42,50,0,school
2.36,2.11,10.85,24.04,0,0.0,24.9,45,0,bus_stop
1.66,4.21,6.65,3.92,0,0.0,23.38,30,0,traffic_light
0.73,1.68,12.01,19.57,0,0.0,8.13,30,0,school
6.26,13.97,10.59,28.45,0,42.13,0.95,40,0,traffic_light
17.03,2.49,12.93,24.81,0,0.0,18.6,45,0,school
27.05,10.31,17.26,29.11,0,0.0,36.33,50,0,traffic_light
1.45,2.96,10.14,20.88,0,0.0,13.14,35,0,bus_stop
4.82,13.25,3.79,9.57,0,54.85,0.22,45,0,unknown
0.36,8.83,13.34,28.78,0,0.0,12.82,30,0,bus_stop
0.68,17.34,3.62,10.03,0,24.4,1.02,50,0,unknown
3.26,2.83,2.52,8.64,0,0.0,49.03,50,0,bus_stop
14.04,2.29,4.66,23.04,0,0.0,37.14,40,0,traffic_light
0.33,2.52,16.6,23.49,0,0.0,23.04,30,0,bus_stop
6.63,12.29,8.04,14.82,0,0.0,31.03,40,0,unknown
1.74,5.4,0.53,2.8,0,0.0,21.55,35,0,unknown
15.52,8.05,6.48,1.07,0,140.34,0.29,50,0,bus_stop
15.23,8.9,9.84,25.67,0,0.0,13.37,20,0,traffic_light
0.13,9.62,14.23,8.21,0,28.23,0.41,50,0,traffic_light
6.47,2.8,6.26,24.68,0,0.0,26.17,35,0,bus_stop
24.66,10.08,2.62,10.12,0,0.0,17.2,20,0,unknown
20.59,14.85,2.47,15.56,0,0.0,17.49,40,0,bus_stop
15.25,11.66,6.06,22.15,0,0.0,29.89,35,0,bus_stop
3.09,14.39,16.56,2.41,0,0.0,41.99,50,0,school
5.54,4.13,12.54,16.36,0,13.61,1.07,45,0,traffic_light
3.61,10.11,4.97,28.11,0,0.0,33.89,35,0,unknown
4.14,8.21,15.06,23.35,0,503.64,0.89,20,0,depot
0.57,0.64,0.76,22.28,0,0.0,20.86,20,3.77,bus_stop
5.88,6.23,12.66,6.82,0,83.57,1.13,40,0,bus_stop
2.79,6.42,0.72,4.03,0,0.0,7.39,45,0,traffic_light
1.17,11.73,17.37,15.89,0,132.56,0.73,50,0,depot
2.99,13.72,7.01,14.19,0,17.73,0.06,50,0,unknown
8.17,10.07,17.7,11.98,0,35.57,0.63,20,0,unknown
30.89,10.8,12.1,8.89,0,19.8,0.01,30,0,traffic_light
66.0,93.88,28.29,606.73,0,0.0,23.27,30,0,bus_stop
9.87,11.79,13.16,22.25,0,236.81,0.83,20,0,depot
25.26,15.47,11.18,0.58,0,47.06,0.97,45,0,unknown
4.12,9.44,8.74,8.61,0,0.0,25.76,50,0,traffic_light
4.36,14.23,1.12,23.26,0,18.33,0.86,20,0,traffic_light
2.09,10.86,2.89,10.65,0,0.0,17.59,35,0,unknown
1.16,6.93,11.76,26.49,0,0.0,8.98,35,0,unknown
0.74,11.92,3.14,2.77,0,28.84,0.35,50,0,traffic_light
0.52,3.16,12.71,6.41,0,0.0,31.32,30,1.82,bus_stop
10.35,0.03,12.53,27.15,0,0.0,19.53,45,0,traffic_light
1.25,13.47,8.08,11.14,0,27.43,0.16,45,0,traffic_light
17.3,7.93,0.46,21.25,0,0.0,21.93,20,3.37,traffic_light
16.86,5.87,6.8,23.99,0,0.0,28.77,50,0,bus_stop
1.29,3.42,2.85,22.08,0,185.83,0.78,50,0,bus_stop
41.99,73.35,65.77,323.72,0,0.0,15.89,40,0,bus_stop
10.22,7.73,5.41,10.64,0,0.0,38.4,40,0,traffic_light
8.57,14.0,2.86,5.56,0,67.81,0.55,30,0,traffic_light
6.39,13.58,14.61,24.68,0,0.0,35.66,45,0,traffic_light
2.25,15.37,7.4,27.48,0,471.53,0.65,45,0,school
7.92,13.7,12.33,22.27,0,0.0,15.79,45,0,school
3.06,15.47,6.51,7.61,0,49.9,0.96,30,0,traffic_light
3.13,5.8,0.96,11.72,0,0.0,10.64,30,0,bus_stop
27.79,2.21,1.21,22.82,0,47.47,1.07,40,0,traffic_light
36.74,69.64,27.71,3.26,1,9.29,0.17,40,0,unknown
2.4,13.53,15.46,15.29,0,407.58,0.45,50,0,depot
8.0,14.08,11.72,23.79,0,19.32,0.76,50,0,unknown
3.32,17.87,1.24,4.95,0,0.0,30.26,45,0,bus_stop
0.96,10.12,16.35,29.65,0,0.0,25.74,35,0,traffic_light
1.63,6.47,4.28,11.42,0,0.0,33.4,45,0,school
9.22,2.88,1.1,26.92,0,503.12,0.17,20,0,depot
7.16,1.44,9.05,26.03,0,0.0,21.57,20,2.85,depot
13.14,8.02,11.36,15.99,0,0.0,31.12,45,0,unknown
6.62,13.59,13.47,19.86,0,19.63,0.59,30,0,unknown
5.87,15.76,10.88,14.31,0,0.0,20.14,45,0,traffic_light
3.67,15.36,3.52,23.4,0,0.0,19.15,50,0,bus_stop
3.32,8.17,7.32,28.22,0,0.0,34.93,35,0,school
4.57,4.58,6.8,11.75,0,16.46,1.12,30,0,unknown
3.96,8.24,15.27,15.3,0,57.94,0.66,50,0,traffic_light
3.06,7.98,10.41,24.63,0,24.88,0.66,50,0,traffic_light
3.79,13.1,10.38,14.13,0,0.0,21.63,35,0,unknown
1.21,5.76,3.22,21.29,0,38.79,1.08,50,0,unknown
9.6,2.19,8.15,7.52,0,0.0,35.7,45,0,traffic_light
92.23,20.24,40.82,124.89,1,0.0,22.21,45,0,bus_stop
10.2,3.71,1.57,22.63,0,0.0,12.41,50,0,traffic_light
2.41,11.13,14.56,6.83,0,0.0,13.7,40,0,bus_stop
9.97,9.29,8.41,19.6,0,106.0,0.92,30,0,depot
1.03,13.6,5.68,9.51,0,0.0,21.75,20,3.16,unknown
1.45,0.24,9.24,17.09,0,0.0,8.33,40,0,unknown
2.44,13.97,5.97,28.16,0,121.96,0.24,40,0,bus_stop
6.88,16.05,16.59,2.37,0,55.45,0.63,20,0,traffic_light
15.94,12.24,16.82,5.75,0,29.41,1.15,50,0,traffic_light
25.85,5.64,12.82,0.97,0,15.85,0.32,50,0,traffic_light
6.35,3.12,2.7,23.69,0,0.0,19.44,45,0,bus_stop
11.8,5.34,13.41,24.92,0,109.53,0.92,45,0,bus_stop
6.1,12.49,4.87,19.76,0,0.0,22.86,35,0,traffic_light
13.26,4.08,6.84,24.29,0,0.0,14.43,20,0,school
0.33,16.72,3.34,26.02,0,321.7,0.74,50,0,school
3.16,11.86,17.83,3.82,0,0.0,9.65,20,0,traffic_light
0.27,15.05,3.52,13.23,0,35.16,0.36,40,0,traffic_light
12.71,6.01,2.29,25.47,0,0.0,11.36,20,0,unknown
5.3,12.01,8.78,23.63,0,0.0,10.56,35,0,traffic_light
9.81,14.2,11.47,26.31,0,0.0,12.41,20,0,traffic_light
12.1,8.69,16.83,27.24,0,171.36,0.33,50,0,depot
38.03,75.97,31.53,22.45,1,30.94,1.06,30,0,unknown
15.82,12.07,8.58,9.22,0,0.0,17.28,20,0,traffic_light
12.56,5.12,1.65,2.32,0,0.0,24.5,35,0,bus_stop
8.68,5.78,11.66,21.53,0,0.0,25.36,40,0,depot
4.17,1.27,13.41,17.59,0,0.0,14.77,45,0,depot
6.1,11.57,5.96,26.22,0,0.0,12.31,40,0,depot
3.78,11.14,3.89,25.29,0,0.0,14.51,50,0,unknown
0.48,6.68,2.33,18.78,0,0.0,41.09,50,0,traffic_light
82.79,85.58,68.79,889.18,1,0.0,37.4,40,0,unknown
1.36,17.58,2.14,20.16,0,0.0,48.91,50,0,bus_stop
9.05,2.96,12.06,9.05,0,0.0,30.12,35,0,unknown
10.44,14.62,9.9,8.76,0,454.99,1.02,35,0,depot
90.28,96.37,37.42,205.23,1,0.0,7.67,20,0,traffic_light
16.63,4.64,7.88,1.34,0,0.0,9.56,45,0,school
16.67,13.46,3.02,18.22,0,191.74,0.93,20,0,bus_stop
1.0,12.71,5.77,1.05,0,0.0,19.87,40,0,unknown
6.07,2.54,17.5,7.52,0,24.95,1.12,35,0,unknown
10.29,10.04,7.56,21.98,0,0.0,16.78,20,0,unknown
4.39,3.45,3.96,29.67,0,51.13,0.28,40,0,unknown
3.37,5.2,3.88,5.28,0,0.0,9.11,45,0,unknown
14.51,10.5,2.75,19.01,0,0.0,19.91,50,0,school
0.45,11.68,8.53,14.81,0,0.0,15.98,30,0,traffic_light
14.34,15.08,2.12,24.88,0,584.27,0.05,40,0,depot
15.15,7.47,5.54,1.8,0,22.24,1.15,20,0,unknown
2.65,14.28,13.49,2.15,0,0.0,7.38,30,0,depot
1.67,3.13,9.73,1.3,0,0.0,41.51,45,0,unknown
1.29,2.88,2.58,6.66,0,0.0,36.06,45,0,bus_stop
15.26,7.48,15.62,12.26,0,0.0,22.66,40,0,unknown
19.1,7.95,12.35,5.93,0,0.0,31.27,35,0,depot
7.56,7.75,3.4,8.94,0,71.27,1.15,45,0,traffic_light
0.09,0.52,11.49,23.92,0,0.0,41.38,50,0,bus_stop
2.69,0.09,6.57,23.36,0,63.09,1.06,35,0,traffic_light
10.15,11.5,12.38,13.18,0,0.0,24.5,40,0,unknown
1.41,14.38,3.97,22.32,0,160.63,0.91,50,0,bus_stop
27.68,17.53,3.28,29.72,0,151.9,0.72,45,0,bus_stop
9.61,9.03,6.29,6.06,0,67.59,0.99,40,0,traffic_light
2.95,1.62,12.35,1.09,0,30.84,0.56,45,0,traffic_light
3.16,9.9,4.74,22.85,0,0.0,21.15,30,0,traffic_light
11.49,6.43,9.68,15.84,0,0.0,32.33,40,0,depot
11.52,6.62,2.15,17.7,0,0.0,20.94,30,0,school
0.02,3.29,15.72,11.72,0,0.0,18.39,20,0,unknown
3.08,2.27,5.96,3.98,0,0.0,19.82,50,0,unknown
3.72,14.69,13.18,25.27,0,0.0,34.75,40,0,school
23.74,3.66,9.29,1.63,0,0.0,32.36,30,3.1,traffic_light
6.11,6.42,4.28,1.14,0,344.03,0.08,50,0,school
1.97,11.11,15.53,16.27,0,570.54,0.88,30,0,depot
13.36,4.24,8.81,10.14,0,0.0,22.42,30,0,traffic_light
4.3,10.43,14.78,3.08,0,0.0,38.83,50,0,traffic_light
10.78,10.48,14.38,26.56,0,203.81,0.7,45,0,depot
3.71,3.99,16.9,28.71,0,0.0,19.01,35,0,unknown
9.49,6.49,16.73,7.9,0,0.0,13.75,40,0,depot
19.72,2.4,9.94,19.17,0,0.0,10.67,35,0,traffic_light
6.23,11.95,9.91,23.47,0,0.0,43.56,50,0,unknown
3.36,1.91,12.02,6.99,0,0.0,16.11,35,0,traffic_light
3.67,0.69,3.16,25.47,0,0.0,37.76,40,0,traffic_light
11.35,8.59,13.5,25.05,0,0.0,21.21,35,0,traffic_light
1.72,11.65,12.81,14.45,0,0.0,32.24,35,0,bus_stop
10.84,7.96,14.19,24.95,0,0.0,16.92,40,0,unknown
0.98,16.99,1.04,8.51,0,32.97,0.53,30,0,unknown
2.2,5.27,6.79,9.97,0,0.0,47.38,50,0,traffic_light
0.78,11.81,5.03,25.11,0,234.85,0.9,45,0,bus_stop
3.71,11.13,12.15,16.6,0,27.56,0.88,40,0,traffic_light
14.85,4.75,0.74,17.59,0,0.0,32.13,50,0,school
2.12,6.62,7.93,28.75,0,0.0,21.86,20,1.52,unknown
0.82,0.22,15.35,20.35,0,14.79,0.51,35,0,unknown
1.77,0.36,7.5,17.28,0,0.0,16.81,30,0,traffic_light
1.23,12.19,17.08,0.19,0,0.0,25.96,30,0,traffic_light
2.45,3.4,2.05,9.63,0,0.0,17.31,30,0,traffic_light
38.6,35.93,44.74,94.42,1,0.0,9.46,45,0,school
3.74,11.53,14.51,6.58,0,0.0,24.37,30,0,unknown
1.81,15.16,8.02,19.97,0,0.0,37.05,50,0,unknown
13.26,13.22,8.47,18.17,0,120.18,0.89,20,0,bus_stop
1.97,3.26,15.82,4.61,0,0.0,11.46,20,0,depot
10.71,6.48,7.77,18.63,0,357.4,1.08,30,0,school
72.51,65.97,26.45,614.29,1,0.0,33.52,50,0,traffic_light
4.56,1.66,17.67,16.38,0,0.0,16.65,40,0,unknown
8.29,10.82,12.51,19.5,0,0.0,29.2,45,0,school
60.39,61.3,53.81,357.15,0,0.0,20.98,50,0,unknown
1.0,6.08,2.01,0.34,0,500.23,0.35,40,0,depot
41.61,73.19,44.59,18.06,1,61.5,0.89,45,0,unknown
12.78,14.15,14.45,29.85,0,0.0,8.86,35,0,bus_stop
2.54,10.58,13.22,19.01,0,0.0,38.07,40,0,depot
6.36,17.44,15.51,9.36,0,75.96,0.57,30,0,bus_stop
0.75,7.15,6.23,28.09,0,0.0,38.17,40,0,depot
2.63,17.11,3.41,16.9,0,0.0,8.56,30,0,school
2.27,3.43,10.05,26.39,0,0.0,18.34,35,0,depot
74.02,52.28,46.62,9.71,1,20.55,0.67,20,0,unknown
0.81,9.39,9.28,29.78,0,0.0,51.53,50,2.65,traffic_light
0.66,13.1,16.03,1.48,0,154.35,0.16,30,0,depot
11.0,7.62,13.51,1.46,0,270.9,0.7,45,0,bus_stop
1.49,9.7,3.71,26.95,0,129.77,0.86,30,0,school
0.13,14.29,1.33,25.1,0,0.0,24.84,50,0,unknown
6.04,9.86,15.95,27.24,0,0.0,13.56,35,0,bus_stop
16.24,14.96,8.91,8.91,0,0.0,25.44,35,0,unknown
0.71,12.22,13.49,6.13,0,0.0,23.42,40,0,unknown
0.93,5.63,6.9,10.75,0,0.0,34.56,50,0,traffic_light
6.87,3.05,16.29,26.36,0,0.0,7.98,30,0,bus_stop
23.86,4.39,17.97,10.2,0,0.0,20.93,30,0,traffic_light
6.48,12.93,16.43,1.0,0,0.0,19.01,45,0,unknown
52.36,15.42,54.76,5.14,1,18.33,1.2,50,0,traffic_light
1.68,1.84,9.37,6.36,0,0.0,26.24,30,0,traffic_light
35,13.74,6.05,22.19,0,0.0,28.27,50,0,traffic_light
2.92,3.39,8.16,8.02,0,0.0,17.56,40,0,traffic_light
5.7,12.42,10.78,1.81,0,0.0,28.91,50,0,traffic_light
9.43,4.88,1.81,28.52,0,0.0,38.77,40,0,unknown
74.55,51.02,63.04,407.31,0,0.0,28.74,30,0,school
6.27,8.02,5.65,19.85,0,0.0,32.62,45,0,traffic_light
4.09,1.89,3.84,23.19,0,0.0,21.41,20,1.3,traffic_light
2.15,14.62,6.85,28.75,0,428.7,0.93,50,0,school
9.1,16.54,12.45,5.01,0,63.57,0.47,20,0,bus_stop
63.85,20.03,64.97,119.32,1,0.0,21.44,50,0,depot
3.36,6.54,9.09,22.07,0,42.46,0.69,20,0,bus_stop
5.48,16.27,3.49,12.98,0,0.0,34.44,35,0,traffic_light
5.53,10.78,13.12,1.4,0,0.0,10.06,45,0,school
0.14,15.43,7.59,23.59,0,571.98,1.15,30,0,depot
4.26,15.16,9.74,13.23,0,0.0,22.2,45,0,traffic_light
12.31,9.67,16.93,26.27,0,0.0,26.55,35,0,unknown
12.47,15.45,6.4,0.62,0,0.0,10.19,45,0,traffic_light
6.75,11.77,17.1,6.48,0,33.7,0.13,50,0,traffic_light
2.54,0.61,7.0,7.13,0,0.0,12.68,20,0,traffic_light
2.24,0.52,8.7,20.82,0,0.0,41.73,50,0,unknown
7.7,17.22,1.34,27.85,0,0.0,30.84,30,2.68,school
0.45,0.39,2.22,20.26,0,0.0,19.79,30,0,bus_stop
16.04,13.1,5.64,2.79,0,0.0,8.09,20,0,school
0.79,13.34,6.04,28.6,0,0.0,23.2,30,0,unknown
0.59,4.21,3.71,25.28,0,48.89,1.18,30,0,unknown
8.92,5.73,8.35,13.91,0,0.0,10.3,20,0,traffic_light
4.07,13.82,6.75,29.04,0,0.0,39.86,45,0,bus_stop
4.97,3.5,14.28,5.93,0,0.0,12.62,45,0,bus_stop
2.01,4.45,6.4,12.91,0,0.0,47.35,45,2.04,unknown
9.08,17.26,15.14,1.14,0,0.0,16.06,20,0,bus_stop
1.49,16.82,6.61,1.72,0,15.12,1.13,45,0,traffic_light
5.86,3.18,16.35,26.46,0,190.6,1.15,40,0,bus_stop
15.07,12.36,4.97,5.25,0,683.11,0.55,35,0,depot
3.02,7.55,7.42,16.03,0,0.0,19.48,30,0,school
5.54,8.62,14.76,8.6,0,0.0,7.12,30,0,unknown
15.66,8.93,13.34,8.15,0,0.0,17.84,30,0,school
3.74,16.17,7.53,29.75,0,0.0,22.76,45,0,school
7.16,12.92,16.31,8.77,0,0.0,33.68,45,0,traffic_light
1.21,5.27,16.94,8.31,0,0.0,32.28,35,0,school
1.82,2.03,14.04,9.74,0,0.0,32.32,30,3.19,unknown
4.87,3.04,14.92,4.65,0,0.0,25.01,30,0,traffic_light
1.96,8.76,11.24,18.26,0,166.38,1.05,50,0,bus_stop
6.66,17.77,16.84,23.02,0,624.38,0.35,20,0,school
2.28,9.47,13.19,7.21,0,339.19,0.31,45,0,school
7.03,8.31,0.33,27.72,0,263.57,0.92,40,0,school
1.85,11.16,4.51,28.51,0,72.47,0.98,45,0,unknown
3.97,5.15,13.6,14.82,0,0.0,24.43,35,0,traffic_light
34.23,19.11,55.86,63.46,1,0.0,11.95,40,0,bus_stop
1.25,2.4,14.04,15.63,0,0.0,9.57,30,0,traffic_light
3.05,13.87,14.07,21.3,0,724.6,1.04,35,0,depot
4.46,3.46,0.58,23.14,0,0.0,52.89,50,3.36,traffic_light
10.19,16.42,3.17,21.67,0,8.18,0.29,30,0,traffic_light
1.66,1.78,8.02,24.11,0,0.0,17.29,35,0,unknown
60.36,40.73,49.69,105.71,0,0.0,9.34,35,0,bus_stop
8.34,15.51,3.94,16.79,0,0.0,17.24,35,0,bus_stop
6.22,5.9,17.35,15.22,0,0.0,15.13,30,0,bus_stop
8.14,6.29,8.46,21.07,0,0.0,17.25,35,0,school
10.74,2.1,14.24,29.95,0,0.0,18.21,45,0,depot
22.85,16.1,10.99,11.99,0,24.25,0.19,40,0,traffic_light
1.18,10.7,10.08,12.57,0,178.11,1.05,40,0,depot
11.13,9.77,4.21,22.82,0,0.0,21.16,40,0,bus_stop
11.26,1.4,1.0,3.93,0,0.0,10.66,35,0,unknown
0.39,7.64,14.91,14.07,0,0.0,11.46,35,0,school
9.89,2.64,12.0,10.16,0,0.0,28.7,30,0,school
9.35,7.43,17.46,19.8,0,0.0,21.59,20,0.77,unknown
3.11,9.58,17.11,29.71,0,0.0,8.63,50,0,depot
3.63,17.68,16.03,7.14,0,667.63,0.89,45,0,school
3.03,17.76,14.44,17.49,0,0.0,29.99,35,0,bus_stop
7.36,13.37,2.3,29.24,0,201.51,0.06,35,0,school
1.74,15.51,5.14,20.37,0,37.25,1.03,50,0,unknown
13.45,2.12,0.82,16.21,0,0.0,19.35,40,0,school
8.26,1.87,3.52,2.0,0,0.0,35.95,45,0,school
12.02,11.32,8.87,19.61,0,0.0,21.73,35,0,bus_stop
1.5,12.11,4.76,10.73,0,0.0,32.33,30,3.06,unknown
2.41,1.43,4.44,25.29,0,0.0,10.03,20,0,traffic_light
1.92,15.74,10.1,14.31,0,0.0,35.45,50,0,unknown
5.16,4.8,17.94,6.02,0,0.0,8.54,30,0,unknown
15.61,12.36,9.55,27.03,0,62.84,0.23,30,0,unknown
5.27,6.61,0.23,4.7,0,47.04,0.7,35,0,traffic_light
1.64,9.86,0.92,17.29,0,32.89,1.09,40,0,traffic_light
1.98,13.82,13.11,26.84,0,50.08,0.97,35,0,traffic_light
6.31,10.63,15.7,23.36,0,107.12,0.06,45,0,bus_stop
6.94,3.92,0.17,0.16,0,11.97,0.85,45,0,traffic_light
4.88,4.35,14.56,12.5,0,0.0,9.23,35,0,school
3.76,16.8,16.02,2.93,0,0.0,42.96,40,0.97,bus_stop
17.17,14.92,4.65,21.39,0,0.0,7.71,20,0,traffic_light
25.33,4.08,8.29,21.89,0,0.0,14.84,35,0,bus_stop
5.45,2.4,16.03,25.76,0,65.69,0.41,35,0,unknown
11.57,16.62,10.76,6.61,0,0.0,20.94,35,0,school
1.24,5.38,4.96,16.88,0,55.34,0.5,35,0,unknown
8.18,4.77,0.83,11.54,0,36.65,0.98,40,0,unknown
42.07,20.48,28.04,260.16,0,0.0,45.73,45,1.17,traffic_light
8.64,1.44,4.48,29.27,0,0.0,8.9,35,0,unknown
0.2,17.05,8.52,19.4,0,42.97,1.16,30,0,bus_stop
18.88,1.8,4.09,18.49,0,0.0,25.03,40,0,bus_stop
6.66,3.79,3.81,18.32,0,0.0,11.27,30,0,traffic_light
1.79,3.61,17.14,16.45,0,0.0,43.93,45,0,traffic_light
15.3,15.82,11.62,15.96,0,183.97,0.2,20,0,bus_stop
9.55,14.95,1.52,27.27,0,0.0,11.6,20,0,traffic_light
9.7,2.76,4.79,19.82,0,0.0,20.52,20,3.51,bus_stop
3.48,12.89,16.46,0.02,0,0.0,22.15,35,0,traffic_light
10.28,14.63,16.66,5.02,0,30.73,0.12,40,0,traffic_light
9.06,4.75,7.09,27.91,0,0.0,31.84,35,0,unknown
2.91,1.18,1.72,0.83,0,46.43,0.86,35,0,unknown
3.63,0.61,17.55,29.37,0,0.0,11.0,40,0,depot
5.89,17.9,7.7,12.21,0,0.0,14.11,50,0,unknown
7.04,7.64,11.14,15.93,0,21.74,0.73,20,0,traffic_light
13.45,16.57,4.52,28.34,0,0.0,39.69,40,0,traffic_light
21.28,10.51,9.76,19.26,0,0.0,10.1,20,0,traffic_light
9.28,15.08,16.98,28.75,0,0.0,21.72,20,3.26,bus_stop
1.41,11.13,9.27,11.24,0,742.17,0.45,50,0,school
4.6,13.4,14.37,29.94,0,45.17,0.81,20,0,traffic_light
1.29,12.1,15.97,5.86,0,0.0,9.03,45,0,traffic_light
1.0,14.84,4.86,9.7,0,157.15,0.44,35,0,bus_stop
2.63,3.93,14.45,4.86,0,0.0,17.51,20,0,traffic_light
10.85,10.83,1.34,10.01,0,0.0,28.89,50,0,bus_stop
4.25,10.72,11.65,1.6,0,0.0,33.46,35,0,bus_stop
9.83,11.42,10.8,0.07,0,0.0,18.74,35,0,traffic_light
5.83,0.85,3.64,22.46,0,79.04,1.1,50,0,bus_stop
39.76,42.06,53.09,129.08,1,0.0,11.05,40,0,unknown
7.66,3.91,2.45,24.04,0,399.1,1.11,40,0,school
3.27,7.33,17.04,15.29,0,0.0,17.61,20,0,depot
33.37,69.6,38.19,971.31,1,0.0,50.24,50,0.89,traffic_light
77.96,30.23,73.05,102.49,1,0.0,12.21,30,0,traffic_light
14.04,9.77,1.28,6.89,0,176.34,0.3,50,0,school
11.37,2.98,5.29,7.05,0,18.87,0.77,45,0,unknown
31.05,11.3,73.03,75.31,0,0.0,24.0,35,0,traffic_light
3.96,7.62,2.49,0.22,0,29.82,0.36,45,0,unknown
5.91,14.64,12.69,17.24,0,64.09,0.11,40,0,traffic_light
4.8,16.67,4.4,2.58,0,0.0,23.19,35,0,traffic_light
11.73,13.82,12.88,20.08,0,423.8,0.86,50,0,depot
5.57,7.52,9.08,7.26,0,70.63,0.65,40,0,traffic_light
1.09,10.89,0.93,9.06,0,70.63,1.15,50,0,unknown
10.12,2.56,17.42,11.1,0,31.05,0.37,20,0,traffic_light
31.88,7.37,8.88,22.32,0,21.27,0.6,40,0,traffic_light
2.13,0.36,17.69,2.69,0,0.0,19.56,20,0,traffic_light
1.38,10.14,13.41,11.7,0,0.0,8.77,40,0,bus_stop
0.4,17.0,2.99,11.13,0,0.0,17.83,50,0,traffic_light
8.85,15.61,8.7,6.62,0,0.0,47.88,50,0,bus_stop
1.06,8.35,14.57,12.89,0,225.64,0.92,40,0,bus_stop
8.7,15.18,17.56,22.63,0,33.94,0.09,45,0,unknown
2.73,1.71,8.37,2.82,0,0.0,39.29,45,0,bus_stop
2.27,16.05,4.38,29.07,0,0.0,33.83,35,0,school
4.16,6.81,15.2,19.07,0,5.51,0.62,45,0,unknown
14.74,9.28,1.47,22.41,0,0.0,19.92,20,0,bus_stop
0.26,0.21,15.0,11.76,0,0.0,38.95,50,0,bus_stop
7.48,10.0,7.86,27.31,0,224.31,0.85,50,0,bus_stop
8.18,0.57,7.9,21.23,0,0.0,36.4,40,0,bus_stop
7.72,6.41,9.12,13.8,0,0.0,13.2,45,0,traffic_light
7.24,6.48,8.29,16.04,0,88.04,0.66,20,0,bus_stop
4.43,2.24,16.23,2.39,0,0.0,26.3,50,0,school
14.23,3.87,6.88,25.33,0,0.0,45.07,45,3.73,bus_stop
4.37,6.27,13.48,28.89,0,0.0,10.76,45,0,traffic_light
16.5,8.87,8.06,9.74,0,0.0,17.48,20,0,traffic_light
63.68,23.95,69.08,106.75,1,0.0,16.05,30,0,school
77.91,44.77,65.97,126.6,1,0.0,10.18,40,0,bus_stop
1.02,12.21,12.8,29.98,0,59.17,0.72,30,0,traffic_light
8.69,7.82,3.07,14.25,0,0.0,46.31,50,0,traffic_light
78.02,15.89,35.65,70.87,0,0.0,16.06,35,0,bus_stop
7.97,8.52,8.14,22.21,0,0.0,20.33,30,0,unknown
0.44,11.55,17.28,12.62,0,52.53,1.2,45,0,traffic_light
8.49,9.54,2.04,5.2,0,65.96,0.26,40,0,depot
8.25,13.25,1.28,17.6,0,0.0,23.36,30,0,depot
0.82,17.88,9.87,18.02,0,0.0,51.8,50,2.75,depot
9.39,0.35,5.1,13.54,0,187.54,0.72,35,0,depot
10.04,2.8,6.61,28.62,0,30.43,1.06,30,0,unknown
12.05,0.33,2.94,12.14,0,0.0,31.05,50,0,unknown
6.28,17.39,8.39,10.41,0,0.0,22.97,30,0,unknown
12.89,14.15,0.95,24.67,0,0.0,22.23,50,0,unknown
89.26,46.22,39.94,379.59,1,0.0,29.57,50,0,depot
27.97,12.77,14.43,27.26,0,12.31,0.37,50,0,unknown
11.4,3.92,4.79,0.68,0,0.0,32.75,45,0,traffic_light
26.21,3.19,7.34,20.49,0,0.0,7.66,45,0,unknown
1.42,1.14,9.77,13.77,0,0.0,12.44,20,0,traffic_light
79.27,65.65,49.59,719.39,0,0.0,39.45,40,0,unknown
3.19,4.39,5.15,27.39,0,0.0,21.67,50,0,traffic_light
6.79,4.14,11.54,4.97,0,100.4,0.25,20,0,school
10.86,3.8,12.37,15.13,0,0.0,19.63,35,0,traffic_light
0.71,4.74,1.15,2.05,0,0.0,50.99,50,2.86,depot
14.4,7.34,3.15,27.46,0,0.0,25.47,50,0,unknown
2.06,10.31,3.68,15.71,0,78.46,0.62,35,0,bus_stop
35,12.8,0.02,7.38,0,64.93,0.23,35,0,unknown
11.47,15.16,0.18,4.38,0,0.0,22.34,35,0,traffic_light
10.53,6.94,13.22,18.35,0,30.89,0.74,35,0,traffic_light
5.84,14.18,15.94,29.67,0,133.87,0.23,40,0,bus_stop
3.97,10.72,13.25,8.15,0,0.0,10.19,35,0,traffic_light
3.46,1.21,1.71,23.6,0,75.64,1.09,30,0,unknown
3.4,2.96,12.41,26.78,0,468.22,0.13,35,0,depot
4.88,0.17,7.92,13.29,0,0.0,16.37,35,0,school
0.64,11.7,6.06,26.46,0,122.2,0.86,35,0,bus_stop
13.17,4.39,15.37,0.79,0,336.04,1.08,30,0,school
1.9,11.09,16.37,7.58,0,0.0,8.83,35,0,traffic_light
0.56,9.14,0.37,26.32,0,0.0,35.5,45,0,traffic_light
3.46,10.45,10.08,24.28,0,0.0,15.72,45,0,unknown
27.54,12.43,8.07,17.06,0,49.83,0.2,45,0,unknown
5.35,8.65,15.61,18.93,0,18.37,1.04,35,0,unknown
14.51,0.13,12.77,4.84,0,57.39,0.43,50,0,traffic_light
2.0,3.72,12.54,19.25,0,6.02,0.27,45,0,unknown
11.48,15.43,4.69,16.59,0,0.0,31.63,30,2.45,bus_stop
4.69,10.85,8.92,12.1,0,0.0,22.41,35,0,traffic_light
69.24,26.81,67.5,4.06,1,177.06,0.54,40,0,school
6.66,0.1,9.04,19.9,0,0.0,16.96,20,0,school
3.25,5.61,13.05,8.24,0,41.53,1.02,45,0,traffic_light
6.53,8.67,0.84,24.8,0,0.0,13.73,35,0,school
3.39,0.14,15.85,2.19,0,108.72,1.1,20,0,bus_stop
5.29,16.05,7.61,2.29,0,0.0,7.27,20,0,bus_stop
81.35,23.03,70.82,4.71,0,11.26,0.74,30,0,traffic_light
9.02,13.12,2.5,2.8,0,0.0,17.26,45,0,school
7.23,5.49,2.43,0.93,0,50.48,0.73,50,0,unknown
18.46,8.92,7.71,5.9,0,0.0,39.95,50,0,bus_stop
1.2,7.04,1.5,21.51,0,0.0,27.46,30,0,unknown
1.69,1.74,2.4,19.75,0,0.0,22.78,20,2.25,traffic_light
4.78,15.12,0.26,24.24,0,670.98,0.48,20,0,school
0.98,9.89,4.84,3.26,0,0.0,17.77,45,0,traffic_light
2.09,13.68,10.34,16.29,0,0.0,8.6,50,0,school
3.05,12.19,2.2,12.54,0,0.0,32.47,30,3.42,unknown
2.73,2.67,3.02,4.66,0,0.0,37.77,35,1.34,traffic_light
33.88,90.8,28.74,959.13,1,0.0,38.03,40,0,unknown
8.44,9.35,9.25,5.72,0,0.0,12.43,30,0,traffic_light
8.0,6.68,16.49,7.93,0,0.0,12.91,30,0,bus_stop
16.14,14.76,13.07,0.27,0,697.64,1.11,30,0,depot
7.16,5.13,10.83,5.82,0,0.0,11.81,50,0,bus_stop
5.48,9.46,9.46,3.17,0,0.0,11.54,30,0,school
42.94,66.36,44.5,19.66,1,17.27,1.07,35,0,traffic_light
1.11,17.05,1.34,4.25,0,0.0,22.13,35,0,depot
30.22,13.07,5.27,27.86,0,0.0,46.72,45,3.22,unknown
8.49,5.32,13.78,6.23,0,202.6,0.61,30,0,bus_stop
3.55,2.13,5.63,2.7,0,0.0,18.22,20,0,bus_stop
31.03,96.36,41.18,2.23,1,32.77,0.08,20,0,traffic_light
0.7,16.8,9.23,8.65,0,0.0,32.21,45,0,traffic_light
1.5,0.07,12.54,1.32,0,218.86,1.19,45,0,bus_stop
2.29,8.59,5.85,9.11,0,0.0,34.42,40,0,unknown
11.62,2.41,16.62,23.14,0,0.0,18.69,30,0,traffic_light
1.46,3.1,12.66,11.53,0,0.0,42.7,40,1.86,school
19.79,14.24,0.05,18.77,0,160.61,0.85,35,0,depot
0.85,13.4,17.7,3.6,0,547.71,1.07,20,0,school
3.29,10.82,12.16,3.2,0,723.09,0.92,30,0,school
16.85,6.26,9.92,24.11,0,0.0,12.37,35,0,unknown
4.22,17.4,0.95,10.89,0,0.0,22.61,20,0.06,school
2.21,13.92,17.94,13.59,0,0.0,42.03,45,0,depot
5.71,14.92,11.94,28.43,0,104.78,0.12,45,0,depot
5.05,8.4,17.53,17.97,0,0.0,40.73,45,0,unknown
1.61,12.81,7.38,13.49,0,134.22,0.53,45,0,depot
10.06,1.39,3.83,12.13,0,21.35,0.5,30,0,traffic_light
1.91,13.63,9.67,1.9,0,0.0,27.87,30,0,traffic_light
5.77,6.2,13.56,1.45,0,0.0,11.82,45,0,traffic_light
2.46,16.92,13.42,5.77,0,0.0,14.29,35,0,traffic_light
35,14.13,12.94,8.87,0,12.25,0.86,40,0,traffic_light
5.21,14.61,5.95,27.94,0,0.0,24.03,35,0,school
3.98,6.49,11.34,22.57,0,0.0,16.03,30,0,bus_stop
2.5,13.54,9.0,16.57,0,0.0,24.17,30,0,bus_stop
0.37,15.32,16.13,4.66,0,11.73,0.09,40,0,unknown
22.31,17.66,5.18,19.97,0,58.04,0.21,40,0,traffic_light
8.09,11.39,14.24,26.35,0,0.0,30.0,50,0,depot
7.97,0.27,0.71,10.89,0,181.12,1.17,35,0,bus_stop
9.99,16.69,11.25,8.98,0,21.29,0.07,45,0,traffic_light
16.2,2.54,14.04,24.48,0,0.0,24.66,50,0,school
22.19,5.46,13.5,3.69,0,0.0,15.9,30,0,bus_stop
10.98,1.04,8.44,13.89,0,0.0,23.8,30,0,school
1.39,0.89,14.18,11.18,0,0.0,32.6,30,1.87,bus_stop
2.11,2.53,10.85,4.39,0,158.75,0.16,35,0,bus_stop
1.95,11.76,11.21,22.0,0,0.0,30.05,40,0,school
12.35,17.34,13.92,3.49,0,0.0,28.95,35,0,unknown
10.86,12.27,15.05,10.8,0,0.0,19.69,20,0,traffic_light
0.53,1.83,15.53,13.49,0,32.73,0.09,20,0,traffic_light
3.21,0.29,2.67,6.49,0,0.0,18.8,30,0,school
4.6,13.36,3.04,15.75,0,0.0,40.62,40,0.83,traffic_light
12.63,11.25,7.29,29.32,0,0.0,13.1,30,0,unknown
2.96,7.37,17.77,18.39,0,0.0,23.24,30,0,traffic_light
4.39,10.9,7.83,0.35,0,325.64,0.19,50,0,school
8.06,2.74,2.77,28.83,0,0.0,22.9,50,0,unknown
0.86,0.01,17.69,8.71,0,0.0,28.77,35,0,depot
8.7,6.09,1.68,23.03,0,0.0,51.57,50,2.5,unknown
8.27,7.68,7.25,7.44,0,31.26,1.03,35,0,traffic_light
0.61,1.88,6.05,26.9,0,0.0,12.54,30,0,traffic_light
0.82,11.51,0.4,25.16,0,0.0,20.93,40,0,traffic_light
7.93,13.67,3.99,0.43,0,0.0,18.47,50,0,bus_stop
17.07,11.68,14.2,7.23,0,0.0,13.61,20,0,bus_stop
0.16,5.89,15.27,3.33,0,0.0,9.9,35,0,traffic_light
1.52,4.06,2.61,18.92,0,0.0,19.46,50,0,school
2.28,6.4,12.36,29.82,0,0.0,36.58,35,0.13,bus_stop
16.27,16.56,6.03,23.33,0,50.05,0.89,30,0,unknown
2.49,15.12,6.92,8.68,0,36.61,0.02,20,0,traffic_light
9.4,1.59,2.66,7.79,0,0.0,17.31,35,0,unknown
7.24,10.91,9.63,25.14,0,0.0,20.65,30,0,depot
4.92,6.78,0.76,9.07,0,12.83,0.69,20,0,unknown
13.85,9.97,17.29,13.97,0,0.0,15.14,35,0,traffic_light
1.53,17.97,12.59,19.22,0,0.0,34.3,40,0,unknown
3.86,3.29,15.51,1.88,0,0.0,47.66,50,0,traffic_light
1.66,12.18,1.61,12.64,0,0.0,13.59,45,0,unknown
1.53,2.34,8.01,29.95,0,0.0,27.63,30,0,traffic_light
3.05,17.97,7.36,7.99,0,25.05,0.54,30,0,traffic_light
4.54,14.43,12.02,29.5,0,235.46,0.19,20,0,bus_stop
3.85,11.59,1.42,6.26,0,0.0,17.44,20,0,traffic_light
7.05,9.07,6.32,28.33,0,0.0,24.73,45,0,depot
32.74,25.17,58.43,2.06,0,24.89,0.29,35,0,traffic_light
13.94,8.24,4.07,8.19,0,0.0,33.55,35,0,school
3.11,14.44,12.88,14.72,0,18.28,0.17,35,0,traffic_light
27.26,1.39,8.07,11.98,0,0.0,39.42,50,0,unknown
16.26,7.22,10.05,13.71,0,0.0,32.32,45,0,depot
1.08,12.48,2.71,11.97,0,0.0,25.88,35,0,traffic_light
61.61,44.44,38.61,6.04,1,102.2,0.49,40,0,bus_stop
10.63,9.28,3.81,5.81,0,0.0,7.64,30,0,bus_stop
11.77,9.25,13.84,8.73,0,0.0,37.07,40,0,bus_stop
2.93,17.58,13.47,4.63,0,22.6,0.54,40,0,traffic_light
3.38,0.61,17.41,10.3,0,0.0,7.75,20,0,bus_stop
2.16,6.49,1.38,26.49,0,0.0,24.92,40,0,traffic_light
9.64,5.02,15.52,4.23,0,0.0,26.92,35,0,school
2.68,5.11,7.85,15.05,0,0.0,19.31,35,0,bus_stop
9.01,13.51,8.07,21.65,0,0.0,21.56,45,0,bus_stop
65.92,22.76,47.15,269.17,1,0.0,42.58,45,0,bus_stop
0.99,4.72,12.8,17.41,0,0.0,16.97,20,0,bus_stop
7.35,3.89,3.17,22.94,0,0.0,16.72,20,0,school
5.22,17.18,8.14,23.13,0,0.0,27.52,40,0,traffic_light
0.4,15.15,3.64,8.71,0,0.0,21.55,20,1.28,depot
6.65,12.71,14.61,27.69,0,0.0,32.54,50,0,unknown
8.87,10.92,7.93,29.48,0,0.0,13.68,40,0,bus_stop
5.0,0.8,16.54,23.55,0,0.0,30.91,30,3.37,traffic_light
19.47,13.28,11.03,16.18,0,0.0,39.12,45,0,school
2.11,16.76,0.26,10.2,0,140.31,0.38,30,0,bus_stop
9.69,6.16,5.46,21.72,0,180.62,0.14,20,0,depot
5.42,12.4,11.42,17.24,0,28.13,0.63,20,0,traffic_light
8.54,12.55,8.33,14.4,0,50.31,0.2,50,0,traffic_light
0.66,3.02,12.83,13.07,0,0.0,8.56,40,0,bus_stop
1.79,7.72,16.13,20.41,0,0.0,30.8,50,0,bus_stop
24.98,11.79,13.81,4.97,0,0.0,21.12,50,0,bus_stop
4.17,4.65,6.82,17.96,0,737.84,0.37,45,0,school
22.93,10.71,6.59,28.74,0,0.0,38.88,40,0,unknown
9.28,9.12,0.79,3.51,0,0.0,41.94,45,0,school
7.11,16.97,8.73,2.33,0,0.0,22.82,30,0,school
3.59,0.52,15.69,3.53,0,0.0,19.43,35,0,depot
44.75,63.05,36.8,254.01,1,0.0,14.5,35,0,depot
1.71,7.17,15.11,18.22,0,16.16,0.3,20,0,traffic_light
0.66,14.62,15.23,15.25,0,0.0,11.76,35,0,bus_stop
74.41,11.23,61.77,43.17,1,0.0,13.83,40,0,depot
3.25,3.49,0.93,29.52,0,68.79,0.47,45,0,traffic_light
3.08,12.19,4.51,11.3,0,52.05,0.61,30,0,traffic_light
0.66,8.94,17.74,25.18,0,58.0,0.57,40,0,traffic_light
0.66,5.28,0.87,8.53,0,0.0,14.71,20,0,unknown
4.73,11.1,4.84,24.07,0,0.0,41.62,50,0,traffic_light
88.25,92.26,38.46,28.5,1,50.83,1.11,45,0,unknown
9.86,16.13,6.09,19.77,0,0.0,15.61,45,0,school
4.87,12.05,7.79,26.91,0,0.0,13.94,20,0,bus_stop
2.63,12.62,9.08,29.01,0,275.54,0.2,50,0,school
7.04,1.73,16.22,9.81,0,0.0,33.19,50,0,unknown
2.34,6.06,5.8,22.83,0,0.0,17.88,20,0,bus_stop
5.45,2.15,1.45,26.59,0,153.86,0.88,30,0,school
2.61,8.99,11.32,5.54,0,0.0,8.23,30,0,unknown
15.58,8.31,2.27,8.64,0,70.65,1.08,30,0,unknown
8.96,9.02,2.62,15.81,0,0.0,17.34,30,0,school
12.88,0.49,17.27,25.03,0,0.0,7.09,50,0,traffic_light
1.59,6.39,7.47,28.88,0,37.91,0.34,30,0,unknown
1.48,11.32,11.76,7.22,0,0.0,12.61,20,0,school
3.04,13.1,11.85,12.54,0,0.0,17.34,35,0,depot
8.03,10.29,16.41,12.2,0,94.96,0.4,30,0,depot
5.64,3.89,13.98,19.88,0,12.99,0.33,30,0,traffic_light
16.54,11.66,17.72,18.33,0,0.0,34.04,45,0,school
2.56,11.74,10.88,28.02,0,53.65,1.05,40,0,unknown
0.57,10.54,8.13,15.54,0,0.0,10.03,35,0,traffic_light
0.75,15.12,4.24,2.94,0,16.28,0.31,35,0,unknown
4.57,9.81,4.08,20.79,0,0.0,21.33,35,0,unknown
1.64,8.76,11.95,10.6,0,0.0,51.5,50,1.48,unknown
6.45,9.68,4.6,20.5,0,0.0,20.42,35,0,traffic_light
21.45,13.78,10.82,1.93,0,0.0,11.14,20,0,traffic_light
0.22,1.73,15.64,21.55,0,0.0,9.04,30,0,unknown
5.27,10.66,14.79,23.74,0,31.36,0.79,30,0,traffic_light
5.3,6.0,8.38,27.17,0,0.0,14.34,35,0,unknown
4.22,3.21,0.76,22.19,0,5.55,1.05,20,0,traffic_light
10.87,0.92,10.62,26.15,0,61.19,0.12,20,0,bus_stop
0.68,5.26,7.14,26.34,0,467.73,0.82,40,0,depot
2.24,17.36,16.48,27.12,0,0.0,38.34,45,0,bus_stop
2.15,0.25,2.84,21.15,0,0.0,21.25,20,1.4,bus_stop
9.87,15.92,12.51,22.15,0,0.0,26.9,30,0,school
7.9,16.02,0.1,26.49,0,30.13,0.57,50,0,traffic_light
7.81,11.98,5.4,7.91,0,43.58,0.13,40,0,bus_stop
5.11,17.72,7.14,18.25,0,8.83,0.35,40,0,unknown
10.26,15.78,9.24,19.33,0,0.0,11.36,20,0,school
4.42,15.62,17.42,0.1,0,722.17,1.04,20,0,depot
16.32,3.25,16.27,20.37,0,38.73,0.14,35,0,traffic_light
4.87,3.46,15.61,8.71,0,293.73,0.33,35,0,school
0.19,10.72,7.15,29.96,0,0.0,11.69,20,0,school
7.15,9.65,17.36,28.29,0,0.0,28.42,30,0,unknown
9.16,0.46,6.14,29.1,0,0.0,22.36,40,0,unknown
2.13,2.13,2.77,9.11,0,0.0,15.93,40,0,school
21.47,10.78,8.67,10.72,0,0.0,28.2,35,0,unknown
52.92,61.86,24.31,235.6,1,0.0,13.71,40,0,traffic_light
8.14,17.7,15.94,27.96,0,0.0,17.97,45,0,school
2.93,4.28,4.16,10.08,0,0.0,19.4,30,0,traffic_light
7.61,0.0,16.98,28.82,0,549.37,0.49,20,0,depot
65.24,26.24,71.16,309.37,1,0.0,42.45,50,0,depot
10.03,15.69,7.63,6.87,0,42.33,0.91,40,0,traffic_light
3.3,9.35,15.6,10.7,0,0.0,12.44,30,0,unknown
0.57,0.4,9.57,11.53,0,0.0,23.34,30,0,bus_stop
0.07,12.56,7.36,17.91,0,21.19,0.84,35,0,unknown
0.88,16.49,7.7,2.64,0,0.0,22.97,50,0,school
1.97,4.99,5.03,4.22,0,0.0,9.53,35,0,traffic_light
1.28,4.0,3.06,21.15,0,0.0,7.69,20,0,traffic_light
2.88,11.86,5.84,4.3,0,33.67,0.48,45,0,unknown
8.4,15.89,5.86,7.87,0,0.0,8.54,45,0,depot
2.28,12.39,1.14,28.08,0,0.0,47.87,45,0.07,school
5.32,11.85,4.66,23.64,0,0.0,31.66,35,0,traffic_light
0.23,1.96,13.29,6.76,0,0.0,11.81,20,0,bus_stop
35,13.35,13.03,18.54,0,6.09,0.34,50,0,unknown
7.44,17.48,17.47,24.27,0,10.48,1.1,30,0,unknown
36.63,62.48,38.2,18.85,0,46.09,1.09,20,0,traffic_light
4.38,8.59,6.35,19.99,0,21.18,0.72,45,0,unknown
15.56,14.53,13.51,25.39,0,106.3,0.01,35,0,bus_stop
0.46,7.24,1.24,13.7,0,0.0,27.74,30,0,traffic_light
1.64,10.86,6.75,2.1,0,0.0,19.91,40,0,traffic_light
35,1.7,13.13,22.36,0,0.0,30.11,50,0,school
20.29,14.89,10.92,4.65,0,0.0,20.01,20,3.74,bus_stop
11.8,3.93,9.44,18.65,0,0.0,10.31,20,0,unknown
3.19,0.41,4.95,25.64,0,48.87,1.01,35,0,unknown
51.95,77.87,19.1,0.07,0,42.28,0.0,35,0,traffic_light
2.51,3.64,7.71,0.17,0,0.0,17.29,50,0,school
3.29,2.55,1.76,8.16,0,0.0,33.9,35,0,bus_stop
16.84,15.72,15.95,22.86,0,0.0,20.67,20,3.72,bus_stop
5.88,8.29,6.84,3.9,0,0.0,27.46,30,0,traffic_light
57.57,60.8,73.92,11.82,0,25.76,0.7,50,0,unknown
1.04,12.06,2.67,17.11,0,0.0,21.79,50,0,traffic_light
79.86,32.57,16.01,184.26,1,0.0,20.37,20,0.08,school
2.31,2.81,3.29,3.81,0,0.0,39.91,45,0,depot
5.0,11.93,10.53,18.74,0,61.25,0.84,45,0,traffic_light
8.49,7.44,13.98,4.34,0,0.0,10.85,45,0,school
2.93,7.67,11.31,17.38,0,24.24,1.12,50,0,traffic_light
12.38,12.89,2.09,19.36,0,0.0,15.94,45,0,depot
12.89,11.26,13.18,26.22,0,0.0,36.21,40,0,traffic_light
5.85,16.79,5.92,10.1,0,0.0,18.34,20,0,school
5.02,6.28,8.74,22.98,0,0.0,10.26,50,0,traffic_light
7.74,2.63,9.39,4.86,0,103.17,0.31,40,0,bus_stop
0.4,0.54,0.45,23.84,0,0.0,37.35,45,0,bus_stop
59.06,40.77,21.48,6.86,1,80.88,0.61,40,0,bus_stop
1.05,16.06,12.14,24.26,0,533.23,0.87,20,0,depot
3.51,10.01,6.7,19.6,0,0.0,20.27,20,3.43,traffic_light
1.68,11.46,16.51,19.33,0,0.0,20.14,45,0,bus_stop
18.35,1.74,4.06,4.5,0,0.0,7.32,30,0,depot
11.57,4.85,6.63,18.44,0,805.59,0.52,50,0,school
1.18,2.9,3.39,4.48,0,0.0,27.64,35,0,unknown
3.88,12.5,14.16,5.72,0,0.0,21.86,50,0,unknown
26.76,16.33,3.36,0.78,0,23.7,0.62,50,0,traffic_light
44.68,93.85,56.52,697.95,0,0.0,26.77,45,0,unknown
13.88,9.03,12.82,20.91,0,21.24,0.63,50,0,traffic_light
5.91,16.69,16.54,16.78,0,0.0,8.63,50,0,unknown
5.19,6.68,6.06,19.11,0,0.0,13.2,50,0,unknown
1.61,15.42,3.77,16.77,0,478.09,0.35,40,0,depot
9.17,14.1,1.63,16.4,0,64.22,0.45,30,0,traffic_light
1.75,17.66,8.31,19.95,0,574.5,0.38,35,0,school
2.99,6.97,7.38,9.86,0,0.0,37.32,35,1.15,traffic_light
7.39,3.56,15.99,1.56,0,0.0,35.4,50,0,unknown
2.64,1.59,4.83,18.39,0,0.0,39.2,40,0,school
2.06,10.75,10.25,11.78,0,74.39,0.34,40,0,bus_stop
3.46,14.61,9.14,16.07,0,105.53,1.0,35,0,bus_stop
5.77,10.3,16.78,6.5,0,106.53,1.18,30,0,bus_stop
9.86,10.25,12.73,16.53,0,30.8,0.63,40,0,traffic_light
0.42,12.5,7.51,2.72,0,0.0,8.97,45,0,bus_stop
2.7,2.02,14.16,23.7,0,0.0,8.81,20,0,traffic_light
4.59,7.4,14.25,16.1,0,0.0,8.28,20,0,traffic_light
12.53,11.64,6.57,23.47,0,0.0,19.77,40,0,bus_stop
8.19,17.94,8.61,9.56,0,35.49,0.3,50,0,traffic_light
24.4,11.69,14.43,21.79,0,0.0,11.05,30,0,unknown
5.08,6.74,0.08,9.68,0,0.0,20.76,30,0,traffic_light
3.92,17.34,1.38,1.29,0,0.0,18.43,45,0,unknown
0.33,14.42,11.94,3.76,0,52.01,0.31,40,0,unknown
55.77,96.44,60.68,590.69,1,0.0,22.05,30,0,bus_stop
0.85,17.61,17.88,24.43,0,0.0,23.24,35,0,traffic_light
3.7,14.4,7.0,15.4,0,0.0,8.05,50,0,bus_stop
1.52,13.49,2.44,9.22,0,0.0,13.35,20,0,school
15.08,10.92,13.04,10.84,0,0.0,24.64,40,0,unknown
21.31,11.71,17.0,22.16,0,0.0,31.27,40,0,unknown
12.65,5.21,5.9,19.71,0,0.0,35.85,50,0,traffic_light
0.85,14.39,5.35,28.57,0,0.0,8.01,30,0,unknown
7.15,6.18,6.88,1.15,0,0.0,17.12,20,0,traffic_light
6.91,7.75,5.12,6.42,0,0.0,10.61,45,0,unknown
3.2,2.59,0.15,10.69,0,0.0,20.7,45,0,depot
0.61,17.56,1.67,29.63,0,0.0,40.46,45,0,unknown
0.0,14.04,4.97,23.16,0,18.72,0.72,45,0,unknown
4.3,10.22,8.49,27.54,0,4.39,0.01,20,0,unknown
3.99,9.51,7.43,14.61,0,0.0,39.88,50,0,unknown
6.06,13.61,17.64,22.96,0,0.0,10.92,20,0,traffic_light
54.55,13.17,25.82,86.76,0,0.0,23.71,35,0,depot
2.92,6.41,15.36,2.2,0,0.0,19.57,30,0,traffic_light
22.73,17.94,14.8,6.7,0,46.71,1.07,20,0,traffic_light
8.53,2.47,16.48,23.41,0,52.15,0.27,45,0,traffic_light
3.4,17.08,17.43,26.97,0,0.0,13.52,20,0,depot
15.99,1.41,10.54,29.85,0,0.0,53.0,50,3.18,bus_stop
6.84,1.95,4.5,17.1,0,0.0,16.0,35,0,unknown
1.9,0.32,7.54,15.76,0,0.0,25.15,30,0,unknown
14.58,11.1,14.89,11.6,0,0.0,23.51,30,0,traffic_light
0.5,9.83,17.26,1.2,0,0.0,22.77,20,1.86,traffic_light
1.8,1.54,16.95,27.13,0,44.49,0.13,30,0,bus_stop
2.64,5.4,3.92,25.81,0,29.98,0.32,30,0,traffic_light
1.65,4.51,7.9,11.69,0,0.0,35.74,35,1.46,unknown
1.31,10.99,2.99,7.39,0,48.55,0.9,35,0,bus_stop
19.96,10.52,3.77,0.81,0,0.0,49.71,50,0,school
3.78,8.46,13.41,20.23,0,0.0,19.45,35,0,unknown
5.37,11.89,9.52,12.19,0,72.52,1.06,40,0,traffic_light
0.28,6.88,12.69,16.93,0,0.0,19.43,20,0,bus_stop
4.78,2.13,12.11,0.81,0,79.31,0.64,35,0,unknown
0.02,11.13,14.17,1.21,0,0.0,13.82,30,0,traffic_light
6.52,16.36,10.41,12.76,0,9.97,1.06,40,0,unknown
3.33,16.0,11.09,21.99,0,0.0,20.24,35,0,depot
8.21,16.8,13.13,24.14,0,0.0,13.23,30,0,traffic_light
2.12,9.5,9.03,17.52,0,36.68,0.61,50,0,traffic_light
9.38,17.76,3.56,20.94,0,0.0,14.58,20,0,unknown
4.45,2.71,17.7,18.99,0,74.44,0.43,20,0,unknown
23.73,5.33,4.18,24.46,0,22.89,0.24,20,0,unknown
10.83,8.92,1.74,29.99,0,29.78,0.7,30,0,traffic_light
45.79,53.07,32.64,282.92,1,0.0,19.19,20,0,traffic_light
8.8,5.07,7.04,28.73,0,0.0,31.25,40,0,school
19.21,15.76,7.91,4.48,0,0.0,9.22,35,0,school
12.94,8.74,7.5,15.65,0,0.0,34.13,50,0,traffic_light
22.55,4.57,7.64,24.25,0,0.0,28.08,40,0,traffic_light
4.01,0.47,13.89,7.95,0,0.0,30.95,35,0,school
29.44,29.73,15.72,71.98,1,0.0,8.71,20,0,unknown
0.58,16.59,13.62,25.82,0,16.96,0.38,35,0,unknown
6.19,2.85,9.34,22.87,0,19.64,0.08,40,0,unknown
3.69,15.62,4.93,2.03,0,0.0,42.74,50,0,traffic_light
14.33,3.16,12.6,1.87,0,0.0,25.99,40,0,unknown
11.05,17.97,9.97,10.5,0,0.0,33.3,35,0,school
4.69,17.76,1.86,3.66,0,0.0,21.41,40,0,traffic_light
6.44,13.07,11.71,14.62,0,0.0,27.24,50,0,unknown
81.06,35.72,25.68,459.32,1,0.0,46.29,50,0,bus_stop
38.06,95.99,52.53,843.88,0,0.0,31.65,50,0,unknown
90.68,49.66,37.12,138.83,1,0.0,10.06,20,0,unknown
4.77,17.57,7.46,24.67,0,0.0,18.93,35,0,depot
1.61,11.62,12.86,14.86,0,0.0,9.88,50,0,school
91.63,19.47,21.33,191.22,1,0.0,35.36,50,0,unknown
12.5,6.15,5.47,19.19,0,0.0,30.02,45,0,traffic_light
16.41,2.78,0.82,12.27,0,0.0,28.05,40,0,traffic_light
93.7,64.7,60.23,183.61,1,0.0,10.22,20,0,school
0.67,10.93,1.63,12.1,0,69.68,1.11,20,0,unknown
15.61,1.58,1.98,0.35,0,0.0,18.62,35,0,traffic_light
77.46,64.92,27.43,19.74,0,68.91,1.09,50,0,unknown
7.32,1.06,6.6,2.84,0,0.0,44.92,45,0,school
1.94,13.95,2.65,5.42,0,0.0,22.69,40,0,unknown
3.03,8.85,3.35,15.46,0,60.8,0.02,20,0,unknown
2.89,11.0,13.09,22.94,0,0.0,22.91,40,0,school
2.93,12.33,6.04,23.04,0,37.26,0.52,35,0,traffic_light
3.63,14.32,4.91,28.83,0,0.0,15.64,20,0,traffic_light
1.75,1.19,1.71,0.29,0,0.0,10.19,40,0,unknown
7.0,8.16,3.35,21.28,0,0.0,16.73,45,0,bus_stop
1.07,12.79,16.13,7.3,0,0.0,41.8,40,1.05,traffic_light
4.31,9.18,4.8,12.9,0,0.0,15.81,30,0,school
9.49,11.41,9.04,13.04,0,119.98,0.16,45,0,bus_stop
0.72,13.73,9.23,28.22,0,0.0,12.4,35,0,school
1.74,2.51,9.23,5.14,0,33.0,0.36,40,0,unknown
3.08,15.79,0.14,10.43,0,0.0,20.99,20,1.98,bus_stop
22.83,9.12,17.84,1.49,0,0.0,17.03,40,0,depot
0.48,4.62,2.63,17.46,0,0.0,20.39,50,0,traffic_light
6.55,17.51,6.42,26.77,0,0.0,12.95,20,0,bus_stop
7.48,12.15,17.27,23.7,0,0.0,9.17,35,0,bus_stop
0.65,14.32,5.26,9.51,0,197.36,0.49,35,0,bus_stop
9.82,16.09,10.48,10.04,0,0.0,14.5,20,0,traffic_light
30.96,9.89,7.62,22.48,0,0.0,21.57,20,1.22,unknown
2.75,6.58,8.17,23.44,0,408.46,0.12,20,0,depot
0.89,5.7,9.36,26.99,0,0.0,19.73,20,0,traffic_light
22.22,9.19,2.18,10.81,0,0.0,31.58,30,1.3,school
4.86,13.98,4.49,17.96,0,0.0,32.92,40,0,traffic_light
1.85,9.28,1.69,5.54,0,0.0,31.65,50,0,traffic_light
2.69,4.08,7.57,4.97,0,0.0,36.0,35,2.29,traffic_light
6.98,17.04,8.14,5.81,0,0.0,26.94,30,0,unknown
1.98,8.75,10.2,22.56,0,0.0,14.08,30,0,unknown
2.76,7.34,16.01,27.75,0,8.9,0.39,30,0,traffic_light
8.97,10.21,4.22,17.14,0,0.0,11.36,50,0,depot
4.0,7.77,12.63,3.31,0,0.0,10.81,30,0,traffic_light
8.43,12.63,17.29,15.64,0,78.83,0.35,20,0,unknown
26.86,16.32,6.69,17.15,0,0.0,36.27,35,1.23,bus_stop
21.08,10.5,1.69,12.43,0,58.82,0.89,50,0,traffic_light
6.23,13.03,7.19,23.1,0,0.0,19.13,35,0,bus_stop
5.45,1.77,2.1,4.39,0,0.0,10.85,20,0,traffic_light
1.06,10.41,4.15,20.78,0,0.0,11.05,40,0,unknown
6.24,8.52,15.65,3.43,0,216.93,0.03,45,0,bus_stop
11.88,3.65,16.37,20.57,0,0.0,29.15,50,0,bus_stop
57.6,59.12,19.55,406.22,1,0.0,24.74,50,0,school
30.42,7.58,13.43,5.03,0,0.0,24.37,50,0,depot
10.35,17.99,9.42,14.57,0,0.0,17.16,35,0,depot
19.53,15.15,17.2,22.22,0,0.0,32.99,50,0,school
8.16,8.82,13.24,19.1,0,644.44,0.41,50,0,school
0.2,5.68,9.06,11.87,0,420.36,0.42,45,0,school
5.4,17.92,7.8,22.5,0,0.0,43.13,50,0,unknown
8.78,3.35,3.94,11.87,0,0.0,43.41,50,0,unknown
6.71,14.01,16.06,29.99,0,0.0,35.42,40,0,traffic_light
3.54,9.56,12.84,20.43,0,0.0,19.41,20,0,unknown
8.54,6.43,2.39,8.05,0,0.0,24.71,50,0,bus_stop
2.47,4.45,13.17,24.32,0,711.74,0.21,35,0,school
42.5,97.28,29.93,713.28,0,0.0,26.39,45,0,bus_stop
65.04,78.98,19.15,635.5,1,0.0,28.97,40,0,school
16.29,12.08,16.6,1.99,0,0.0,15.5,30,0,school
16.21,3.46,5.38,25.4,0,0.0,14.77,30,0,school
2.55,16.42,9.96,8.76,0,0.0,27.18,45,0,traffic_light
18.19,12.11,12.31,2.44,0,0.0,21.33,20,0.12,traffic_light
5.17,11.56,7.31,7.35,0,414.23,0.47,30,0,school
1.45,2.14,16.3,27.29,0,22.08,1.11,20,0,unknown
0.03,9.79,17.56,8.01,0,0.0,10.7,45,0,bus_stop
2.96,7.65,12.32,29.78,0,0.0,13.05,35,0,traffic_light
3.66,5.88,3.55,3.15,0,0.0,20.16,35,0,unknown
1.97,2.76,1.58,1.59,0,14.92,1.14,35,0,traffic_light
14.29,0.09,13.84,6.72,0,0.0,15.52,30,0,bus_stop
0.5,9.78,15.3,21.43,0,0.0,9.42,35,0,school
2.65,5.2,2.86,11.83,0,303.85,0.78,45,0,depot
3.39,5.75,1.79,24.66,0,0.0,10.55,50,0,depot
5.29,13.29,5.92,3.74,0,19.18,0.25,40,0,unknown
10.22,9.75,12.2,25.77,0,0.0,22.12,50,0,unknown
2.48,9.68,8.87,15.51,0,0.0,41.06,50,0,depot
2.93,0.97,5.2,5.32,0,16.42,0.22,45,0,unknown
1.89,0.86,5.49,13.84,0,178.32,0.98,35,0,depot
1.03,14.31,5.85,22.15,0,0.0,33.43,50,0,unknown
0.89,13.08,8.71,5.41,0,70.29,0.29,35,0,bus_stop
9.45,15.23,14.91,11.69,0,0.0,34.7,50,0,traffic_light
0.63,13.08,15.58,10.96,0,0.0,11.91,20,0,school
11.96,2.24,2.26,29.55,0,0.0,35.14,45,0,unknown
6.67,5.37,15.97,28.17,0,0.0,12.27,40,0,unknown
11.33,15.03,7.18,26.89,0,35.44,0.57,35,0,traffic_light
0.32,6.93,2.66,1.31,0,0.0,15.16,30,0,depot
0.09,7.12,1.48,27.08,0,16.12,0.74,20,0,unknown
2.53,5.55,16.9,21.66,0,6.88,1.05,50,0,unknown
0.55,11.53,5.29,28.71,0,0.0,12.68,35,0,bus_stop
75.1,56.17,53.2,542.13,1,0.0,34.75,50,0,bus_stop
17.44,1.27,15.21,22.65,0,0.0,32.24,30,3.97,traffic_light
14.06,6.72,11.87,10.21,0,0.0,42.95,45,0,traffic_light
16.84,11.25,11.89,0.37,0,0.0,46.69,50,0,traffic_light
0.75,0.27,11.03,5.21,0,0.0,35.76,45,0,depot
3.37,3.91,14.55,19.3,0,481.32,0.86,40,0,depot
6.9,15.24,7.61,8.7,0,36.82,0.7,50,0,traffic_light
4.1,7.32,14.42,10.29,0,35.82,0.09,20,0,traffic_light
11.57,15.74,8.91,7.62,0,0.0,47.92,45,2.87,bus_stop
2.37,15.94,0.3,27.39,0,0.0,14.49,45,0,depot
3.99,11.09,11.28,29.22,0,123.12,0.94,35,0,school
10.33,7.13,13.76,18.87,0,0.0,24.51,35,0,traffic_light
19.21,12.81,14.81,15.17,0,0.0,14.11,20,0,school
17.62,16.36,7.18,1.03,0,373.81,0.37,20,0,depot
7.8,10.02,8.62,13.87,0,0.0,28.86,30,0,school
16.44,2.01,10.87,24.33,0,0.0,34.58,50,0,bus_stop
5.84,8.13,14.86,8.3,0,17.65,0.1,35,0,unknown
2.69,10.08,10.53,2.48,0,41.05,0.26,30,0,unknown
1.54,10.56,3.45,15.24,0,0.0,22.12,30,0,school
9.3,4.52,12.71,18.9,0,0.0,28.08,45,0,traffic_light
24.01,9.07,2.23,17.64,0,0.0,36.12,35,0.38,bus_stop
18.58,7.69,13.9,17.42,0,0.0,10.82,35,0,traffic_light
21.63,7.8,0.68,9.44,0,101.12,1.18,30,0,bus_stop
12.27,12.79,16.14,8.83,0,0.0,22.38,20,0.94,bus_stop
1.02,5.32,7.52,4.81,0,49.31,0.22,20,0,traffic_light
5.82,8.22,12.61,6.01,0,0.0,11.0,35,0,bus_stop
0.35,5.9,9.98,11.5,0,0.0,24.97,40,0,unknown
1.31,16.19,7.74,6.79,0,0.0,40.83,40,3.24,school
1.08,12.17,15.43,8.56,0,0.0,22.49,50,0,traffic_light
0.34,2.02,10.89,4.19,0,0.0,30.98,30,2.6,bus_stop
3.23,17.23,6.76,9.01,0,0.0,47.37,45,3.57,traffic_light
10.91,16.8,9.14,21.03,0,0.0,19.44,20,0,traffic_light
4.07,8.2,0.14,17.63,0,0.0,12.84,40,0,unknown
7.48,15.32,7.42,10.95,0,0.0,20.29,20,1.41,traffic_light
86.19,16.95,32.65,91.86,1,0.0,19.51,20,0,bus_stop
3.31,7.37,7.2,12.55,0,129.57,0.46,30,0,bus_stop
1.8,5.61,9.77,7.02,0,0.0,7.52,40,0,school
7.17,5.76,12.41,27.32,0,32.62,0.03,50,0,unknown
15.24,12.39,9.58,16.7,0,0.0,25.58,50,0,unknown
6.58,4.47,2.12,9.87,0,109.33,0.22,30,0,bus_stop
23.91,7.17,9.79,21.39,0,14.77,0.72,40,0,traffic_light
0.43,1.26,4.1,16.88,0,0.0,18.32,20,0,depot
3.11,6.27,13.99,10.11,0,0.0,37.26,40,0,school
41.33,87.14,49.34,581.81,1,0.0,24.04,45,0,bus_stop
6.2,5.67,7.23,26.98,0,42.91,1.06,40,0,traffic_light
2.47,9.29,14.64,28.94,0,0.0,27.89,45,0,unknown
0.02,4.3,14.98,10.55,0,0.0,9.2,30,0,school
5.17,13.45,4.57,14.2,0,49.67,0.71,45,0,traffic_light
58.76,83.47,54.09,791.23,1,0.0,34.13,50,0,bus_stop
19.18,12.23,3.79,8.41,0,0.0,16.72,40,0,bus_stop
0.69,6.34,17.26,20.77,0,441.65,0.58,40,0,school
59.35,19.62,74.56,163.43,0,0.0,29.98,35,0,traffic_light
2.2,11.13,15.95,6.76,0,0.0,22.21,30,0,depot
1.84,1.64,4.14,2.64,0,0.0,13.74,20,0,bus_stop
74.24,74.78,72.22,233.96,0,0.0,11.26,35,0,depot
0.34,12.91,9.71,19.79,0,0.0,10.92,30,0,school
2.46,3.53,11.97,7.22,0,0.0,15.53,40,0,school
0.56,10.26,9.19,16.2,0,361.11,0.04,50,0,school
5.26,3.39,12.29,11.92,0,0.0,32.92,50,0,traffic_light
8.54,4.25,0.88,15.76,0,0.0,26.26,30,0,school
3.51,1.59,5.56,18.33,0,6.78,0.93,40,0,traffic_light
0.47,6.43,8.79,4.48,0,117.23,0.88,20,0,school
2.51,16.84,13.33,5.02,0,0.0,33.29,50,0,bus_stop
79.0,52.0,33.06,139.78,1,0.0,9.68,50,0,unknown
19.28,12.68,12.77,5.61,0,34.45,1.16,45,0,traffic_light
28.15,99.78,61.05,16.58,1,126.61,0.6,40,0,bus_stop
7.85,14.04,13.24,1.4,0,0.0,9.31,45,0,depot
34.27,17.89,1.22,4.69,0,0.0,20.07,30,0,bus_stop
8.56,14.7,16.08,27.64,0,0.0,27.38,40,0,unknown
4.48,15.11,15.32,15.6,0,29.33,0.2,30,0,traffic_light
1.18,5.68,4.26,2.6,0,0.0,19.95,40,0,bus_stop
25.21,6.85,5.72,24.68,0,55.73,0.12,45,0,school
21.33,9.42,16.06,16.51,0,0.0,14.77,45,0,traffic_light
5.34,17.86,3.79,20.19,0,0.0,12.81,30,0,traffic_light
16.61,17.87,0.46,28.78,0,0.0,11.33,35,0,traffic_light
2.96,10.31,9.68,24.78,0,0.0,30.36,30,2.59,bus_stop
3.83,7.43,6.84,21.6,0,0.0,36.81,35,2.46,school
6.94,13.92,5.4,11.1,0,58.17,0.95,35,0,traffic_light
32.99,75.76,39.67,542.16,1,0.0,25.76,35,0,unknown
1.15,7.17,16.38,20.33,0,0.0,40.16,40,1.5,unknown
0.65,17.06,15.77,8.18,0,589.32,1.03,30,0,school
1.47,3.34,12.17,29.54,0,534.45,0.1,30,0,depot
0.97,10.37,5.62,5.13,0,0.0,14.73,45,0,depot
8.77,1.82,12.71,4.17,0,0.0,41.44,50,0,unknown
6.37,17.87,2.34,27.05,0,0.0,30.28,30,3.88,school
19.69,4.6,15.14,2.33,0,21.61,1.0,45,0,traffic_light
1.71,7.38,12.85,6.97,0,0.0,47.07,45,1.22,traffic_light
9.51,8.43,10.08,20.79,0,20.74,1.06,50,0,traffic_light
0.37,5.39,17.31,23.33,0,0.0,40.31,40,1.05,depot
7.86,11.88,14.97,10.36,0,0.0,25.94,30,0,depot
2.49,17.51,9.64,2.15,0,0.0,18.24,30,0,bus_stop
3.15,8.66,10.6,13.46,0,0.0,17.72,20,0,bus_stop
5.1,13.99,12.9,4.95,0,0.0,9.94,45,0,depot
14.16,11.54,11.59,5.84,0,0.0,39.08,40,0,unknown
7.76,1.17,1.85,22.33,0,0.0,33.38,45,0,unknown
12.06,16.3,14.29,25.18,0,0.0,18.68,20,0,bus_stop
0.15,12.7,11.13,18.42,0,0.0,42.87,40,0.14,unknown
9.98,1.17,10.21,0.42,0,0.0,39.17,45,0,school
3.4,1.26,7.51,7.0,0,0.0,38.22,40,0,school
8.54,1.56,17.7,27.92,0,0.0,14.52,40,0,bus_stop
0.86,0.31,8.48,0.03,0,0.0,10.87,20,0,school
20.11,6.14,12.68,7.03,0,0.0,37.69,35,3.16,unknown
58.25,64.51,62.8,520.88,1,0.0,29.07,40,0,traffic_light
4.3,16.0,8.72,2.99,0,0.0,34.69,35,0,school
9.83,7.96,4.98,25.3,0,0.0,27.0,50,0,bus_stop
20.72,1.75,14.79,9.2,0,0.0,32.6,30,3.58,unknown
0.75,12.49,13.39,9.08,0,0.0,20.12,45,0,bus_stop
5.2,10.41,2.92,22.11,0,0.0,43.39,45,0,traffic_light
3.92,13.34,15.77,10.37,0,0.0,22.07,30,0,traffic_light
2.21,6.01,2.18,14.26,0,0.0,22.49,30,0,traffic_light
0.01,4.41,15.0,20.79,0,33.59,0.14,50,0,traffic_light
65.61,57.33,54.26,323.08,1,0.0,20.29,50,0,unknown
6.46,12.49,12.5,23.43,0,122.3,1.09,45,0,school
4.43,17.13,9.05,20.98,0,0.0,35.15,35,1.47,traffic_light
9.71,11.62,11.23,21.09,0,0.0,30.57,45,0,unknown
1.21,9.69,10.47,21.41,0,0.0,47.04,50,0,traffic_light
10.22,15.76,5.28,21.65,0,0.0,33.52,40,0,traffic_light
23.86,6.58,3.87,28.54,0,0.0,36.94,35,2.18,bus_stop
0.67,8.54,10.57,7.92,0,0.0,35.27,35,1.76,unknown
9.52,10.62,17.69,6.15,0,0.0,21.82,35,0,unknown
2.91,10.09,6.67,0.43,0,0.0,33.63,50,0,unknown
11.43,12.28,13.85,1.51,0,0.0,13.61,45,0,traffic_light
3.8,3.05,7.26,9.51,0,0.0,13.45,30,0,bus_stop
3.85,13.54,10.69,0.02,0,86.93,0.6,45,0,bus_stop
14.43,0.15,11.84,17.48,0,0.0,22.17,50,0,depot
24.68,11.84,10.91,23.56,0,237.63,0.4,50,0,depot
45.63,61.55,68.93,14.42,1,216.48,0.84,50,0,depot
1.72,4.85,13.28,22.56,0,0.0,14.23,30,0,depot
17.13,9.88,14.4,19.65,0,0.0,35.89,45,0,depot
18.11,13.8,13.03,1.5,0,446.61,0.66,50,0,school
2.25,4.49,7.08,18.53,0,0.0,11.14,20,0,unknown
3.21,12.23,14.61,10.82,0,676.7,0.57,30,0,depot
4.67,16.35,2.07,28.2,0,0.0,9.25,20,0,traffic_light
1.78,10.02,10.47,24.26,0,0.0,8.15,35,0,traffic_light
12.42,11.12,17.08,1.24,0,59.31,0.23,40,0,traffic_light
0.07,5.14,8.28,12.83,0,0.0,44.22,45,0,bus_stop
81.66,39.73,59.45,244.68,0,0.0,22.17,20,0.65,traffic_light
12.91,12.4,0.21,0.96,0,20.06,0.55,40,0,traffic_light
7.11,15.24,0.18,15.96,0,0.0,13.94,40,0,traffic_light
1.9,3.9,0.17,15.97,0,0.0,36.76,40,0,traffic_light
12.42,17.78,7.48,22.36,0,0.0,16.3,45,0,school
11.6,8.52,3.58,20.87,0,0.0,8.91,35,0,school
0.86,7.22,13.9,9.22,0,53.2,0.43,40,0,traffic_light
3.73,17.95,3.26,6.23,0,0.0,37.86,40,0,traffic_light
7.56,1.9,11.7,6.11,0,0.0,24.57,30,0,unknown
4.15,0.78,1.87,23.33,0,51.05,0.73,35,0,traffic_light
13.65,15.73,0.81,23.39,0,324.72,0.62,45,0,school
2.27,7.41,7.58,4.52,0,500.37,0.73,30,0,depot
6.17,9.1,14.31,17.1,0,23.59,1.08,35,0,traffic_light
1.84,7.35,15.98,24.71,0,14.95,0.74,50,0,unknown
81.42,12.84,50.57,0.88,1,13.66,0.25,30,0,traffic_light
2.08,0.06,6.01,12.44,0,0.0,12.7,45,0,traffic_light
27.23,73.99,70.43,217.93,1,0.0,10.6,20,0,depot
2.53,1.84,0.52,12.54,0,0.0,21.32,50,0,school
1.16,7.13,17.44,28.36,0,63.71,0.79,30,0,unknown
5.91,10.66,2.19,28.59,0,54.1,1.19,35,0,traffic_light
7.66,11.6,13.53,15.0,0,0.0,23.44,35,0,bus_stop
2.62,16.4,5.6,22.59,0,45.6,0.67,30,0,unknown
0.45,7.27,6.28,16.87,0,0.0,14.96,20,0,school
3.77,3.9,6.66,14.78,0,0.0,12.27,45,0,traffic_light
11.71,6.82,11.21,26.81,0,28.48,1.16,40,0,traffic_light
1.75,17.42,14.45,9.89,0,57.86,0.53,20,0,traffic_light
11.99,13.23,16.3,10.81,0,690.31,0.82,40,0,depot
45.31,17.14,42.37,160.41,1,0.0,33.68,35,0,unknown
57.89,68.44,51.2,6.72,0,39.13,0.35,45,0,unknown
76.39,94.67,73.5,8.27,1,55.24,0.31,20,0,bus_stop
5.04,15.74,17.45,4.07,0,0.0,15.32,20,0,school
15.39,10.36,5.2,24.37,0,0.0,22.96,50,0,traffic_light
21.11,6.29,13.68,9.73,0,163.9,0.94,35,0,school
1.34,4.9,17.33,1.28,0,23.9,1.2,30,0,unknown
5.56,9.26,0.47,15.31,0,46.96,0.6,30,0,traffic_light
4.05,11.6,8.42,25.2,0,0.0,19.57,20,0,bus_stop
1.72,8.78,5.76,21.98,0,276.37,0.91,50,0,school
6.9,5.93,6.33,24.93,0,187.66,0.07,50,0,bus_stop
5.24,3.45,4.87,6.01,0,22.38,0.38,20,0,traffic_light
1.44,2.68,7.07,11.14,0,0.0,11.16,30,0,traffic_light
48.94,20.29,17.16,212.25,1,0.0,37.66,45,0,bus_stop
3.62,6.33,6.78,2.18,0,0.0,7.46,35,0,traffic_light
9.27,7.01,9.14,7.03,0,0.0,15.06,50,0,bus_stop
1.8,6.83,1.12,8.94,0,0.0,18.8,30,0,unknown
4.12,9.98,10.61,15.01,0,0.0,22.82,35,0,bus_stop
4.89,7.38,8.5,24.65,0,22.13,0.33,35,0,unknown
3.61,14.46,11.76,17.39,0,0.0,19.24,35,0,traffic_light
82.6,10.62,74.6,71.03,0,0.0,24.07,35,0,unknown
47.03,51.17,20.34,12.9,1,7.43,0.91,50,0,unknown
15.79,13.44,9.89,29.06,0,37.22,0.42,40,0,unknown
11.82,1.18,15.48,15.93,0,0.0,18.95,20,0,bus_stop
3.75,3.69,14.59,28.58,0,164.08,0.1,30,0,school
18.13,4.68,5.29,7.91,0,624.51,1.09,50,0,depot
2.24,15.71,8.96,0.74,0,0.0,36.36,45,0,unknown
10.3,0.21,15.24,15.0,0,0.0,8.85,50,0,traffic_light
17.96,6.92,16.21,27.92,0,182.51,1.04,40,0,school
17.48,6.25,2.9,12.59,0,0.0,13.54,45,0,traffic_light
91.36,24.53,57.0,5.5,1,29.71,0.81,50,0,traffic_light
1.52,11.49,11.1,0.46,0,0.0,13.72,30,0,bus_stop
13.49,2.02,5.46,2.36,0,0.0,20.11,20,2.39,traffic_light
28.44,3.01,7.54,8.83,0,25.06,0.94,45,0,unknown
10.38,0.54,14.95,29.02,0,0.0,16.01,45,0,traffic_light
5.73,4.16,9.41,18.95,0,384.61,1.14,35,0,depot
4.37,17.25,10.19,9.63,0,0.0,24.75,35,0,traffic_light
3.91,15.5,16.6,14.74,0,188.72,0.52,40,0,depot
6.1,11.0,14.26,0.99,0,0.0,21.55,35,0,unknown
10.67,3.03,8.09,5.77,0,0.0,45.83,50,0,school
1.63,14.69,7.73,16.98,0,0.0,13.85,30,0,traffic_light
79.18,77.89,37.23,19.1,1,676.69,0.88,50,0,depot
7.99,9.85,13.75,18.41,0,0.0,11.26,45,0,unknown
7.91,6.26,9.51,7.24,0,55.3,0.85,50,0,bus_stop
2.15,16.71,9.0,4.59,0,0.0,9.4,35,0,school
16.12,6.41,17.35,1.22,0,10.18,0.12,30,0,unknown
54.08,95.74,66.31,282.23,1,0.0,10.61,30,0,depot
2.23,17.01,2.06,24.72,0,0.0,22.28,45,0,traffic_light
12.09,10.86,3.81,26.89,0,17.73,0.84,30,0,traffic_light
4.85,7.49,16.87,13.54,0,0.0,39.93,40,0,depot
8.58,11.59,9.58,16.56,0,0.0,24.55,45,0,unknown
23.38,15.98,7.16,13.01,0,0.0,46.86,50,0,school
6.1,0.32,15.06,7.4,0,0.0,40.07,50,0,bus_stop
6.74,13.72,0.91,23.61,0,0.0,25.46,30,0,school
4.25,10.76,2.16,24.39,0,59.21,0.29,50,0,traffic_light
0.03,0.31,9.3,11.6,0,150.02,0.61,35,0,depot
2.82,10.75,15.53,24.56,0,0.0,10.05,20,0,depot
29.28,3.36,14.86,8.31,0,0.0,13.78,20,0,traffic_light
2.19,2.93,7.37,0.98,0,0.0,16.05,35,0,traffic_light
13.37,8.89,9.46,4.75,0,0.0,35.59,45,0,bus_stop
2.72,3.56,8.17,21.3,0,0.0,14.97,20,0,bus_stop
13.87,15.3,6.79,22.4,0,501.41,0.93,35,0,school
67.3,30.27,44.69,75.12,1,0.0,8.93,35,0,school
3.36,8.01,13.84,29.63,0,0.0,31.07,35,0,bus_stop
3.13,4.83,5.94,12.93,0,421.13,0.12,30,0,depot
5.45,8.84,5.29,18.33,0,0.0,16.35,50,0,unknown
7.71,0.53,9.9,25.39,0,21.64,1.07,20,0,unknown
7.35,3.14,11.06,5.22,0,0.0,19.66,50,0,depot
10.7,16.35,12.86,8.44,0,0.0,42.43,45,0,depot
18.81,1.26,4.47,26.46,0,49.05,0.98,20,0,traffic_light
0.43,11.81,1.91,28.85,0,225.43,0.33,20,0,depot
24.56,12.92,11.91,29.0,0,437.08,0.2,35,0,school
70.24,83.63,29.12,750.63,1,0.0,32.31,30,3.54,traffic_light
0.73,11.69,17.94,16.44,0,0.0,14.66,20,0,traffic_light
0.98,7.13,15.56,21.25,0,0.0,7.08,30,0,unknown
1.48,1.51,1.57,11.14,0,0.0,28.62,40,0,school
0.72,11.91,1.82,26.7,0,68.05,1.1,50,0,unknown
1.57,8.41,4.23,22.55,0,0.0,39.34,40,0,unknown
0.85,8.73,3.38,14.18,0,0.0,16.19,20,0,school
5.49,4.84,7.51,14.29,0,0.0,18.36,40,0,traffic_light
16.91,0.71,8.12,14.24,0,0.0,28.68,40,0,depot
9.25,17.71,2.84,24.6,0,0.0,35.4,35,2.83,bus_stop
0.53,4.38,17.95,18.66,0,0.0,18.04,45,0,bus_stop
2.98,7.31,9.11,25.09,0,96.08,1.19,50,0,school
1.57,10.36,13.97,21.08,0,0.0,47.45,45,3.74,bus_stop
4.91,7.75,6.22,2.86,0,215.72,0.2,35,0,bus_stop
1.39,6.06,16.34,18.46,0,0.0,13.46,30,0,traffic_light
11.9,3.97,16.36,8.0,0,0.0,9.27,45,0,traffic_light
4.32,12.51,6.9,4.41,0,0.0,9.36,30,0,unknown
0.11,3.81,15.93,17.09,0,22.58,0.37,45,0,unknown
1.19,13.28,5.49,17.01,0,0.0,31.11,35,0,unknown
2.01,15.0,16.43,16.45,0,0.0,24.16,30,0,traffic_light
6.05,13.11,1.58,1.3,0,0.0,8.46,20,0,traffic_light
4.43,9.57,15.25,10.5,0,0.0,37.02,40,0,school
20.92,3.58,8.27,22.25,0,0.0,13.59,50,0,traffic_light
3.79,13.14,8.05,20.74,0,0.0,10.31,20,0,traffic_light
6.42,2.43,4.33,26.29,0,105.25,0.96,50,0,bus_stop
10.58,16.35,16.37,16.85,0,0.0,20.64,50,0,unknown
2.18,5.44,11.14,15.08,0,0.0,18.04,20,0,school
0.09,5.6,0.21,0.59,0,0.0,9.77,35,0,traffic_light
2.02,14.96,2.69,14.51,0,0.0,34.99,50,0,unknown
3.84,16.51,8.6,16.25,0,0.0,9.51,30,0,school
1.4,3.86,14.66,16.47,0,0.0,22.27,45,0,bus_stop
5.83,13.73,12.68,24.95,0,0.0,10.92,45,0,bus_stop
2.69,5.03,8.46,2.88,0,0.0,23.66,40,0,school
6.91,9.35,9.0,19.96,0,417.51,0.63,30,0,depot
10.64,5.09,5.56,22.41,0,0.0,45.1,45,1.67,bus_stop
72.03,70.91,56.95,362.5,0,0.0,18.4,35,0,bus_stop
0.33,7.56,4.87,27.78,0,277.42,0.33,40,0,bus_stop
5.68,11.9,1.96,14.4,0,41.12,0.42,20,0,unknown
5.41,7.81,10.01,2.41,0,0.0,29.18,35,0,traffic_light
9.86,14.89,4.78,13.24,0,0.0,14.21,40,0,traffic_light
2.43,13.47,1.37,16.23,0,0.0,47.88,45,2.59,bus_stop
3.57,11.71,12.81,2.19,0,0.0,15.48,40,0,depot
4.2,5.31,4.06,12.15,0,25.06,0.23,35,0,traffic_light
3.49,5.99,10.45,4.49,0,15.3,1.08,30,0,traffic_light
4.4,2.53,17.84,16.07,0,0.0,10.16,45,0,bus_stop
2.17,8.98,13.28,6.03,0,0.0,32.74,35,0,traffic_light
4.12,2.01,4.44,6.57,0,0.0,31.65,45,0,depot
1.6,15.34,9.02,14.36,0,27.75,0.5,30,0,traffic_light
1.18,0.25,14.97,8.85,0,29.13,0.35,30,0,traffic_light
15.48,17.84,16.76,26.12,0,0.0,33.98,50,0,bus_stop
11.83,11.13,2.33,18.73,0,32.88,0.06,45,0,traffic_light
13.05,4.98,9.38,4.43,0,35.11,0.34,30,0,traffic_light
4.63,10.29,16.86,2.47,0,0.0,46.1,50,0,traffic_light
10.08,5.46,1.57,2.42,0,0.0,19.22,20,0,unknown
24.91,0.16,5.53,20.67,0,8.86,0.4,40,0,unknown
5.02,14.98,12.26,7.0,0,0.0,10.07,20,0,school
5.08,6.43,14.78,11.77,0,0.0,41.6,40,3.4,bus_stop
5.55,10.41,13.69,21.34,0,55.71,0.05,35,0,unknown
1.37,17.89,16.01,29.94,0,63.31,0.32,35,0,traffic_light
1.13,12.9,3.28,21.64,0,0.0,27.66,35,0,unknown
7.87,17.5,4.45,10.74,0,0.0,11.33,20,0,traffic_light
0.59,0.54,11.04,19.84,0,0.0,21.99,35,0,bus_stop
4.55,12.86,10.45,19.49,0,0.0,51.32,50,1.8,bus_stop
2.37,13.39,13.96,2.61,0,0.0,32.33,30,0.46,bus_stop
5.82,12.86,11.84,14.18,0,0.0,32.97,50,0,school
0.65,2.71,16.66,7.12,0,0.0,12.0,50,0,bus_stop
7.71,1.9,8.78,11.08,0,59.57,1.06,50,0,bus_stop
0.03,14.54,13.14,21.6,0,49.7,0.73,20,0,traffic_light
16.07,6.85,11.3,11.46,0,0.0,7.0,45,0,unknown
2.18,3.01,9.25,29.1,0,34.36,0.44,30,0,traffic_light
5.43,11.68,11.95,26.89,0,0.0,19.91,35,0,depot
21.44,14.73,13.48,5.75,0,0.0,34.65,50,0,bus_stop
3.53,16.25,11.17,25.16,0,14.75,0.59,50,0,traffic_light
1.93,3.92,3.08,7.94,0,0.0,32.42,45,0,school
6.1,16.08,7.89,10.22,0,390.29,0.81,35,0,depot
7.64,11.1,8.84,27.33,0,37.02,0.78,50,0,unknown
77.66,90.63,34.28,742.14,1,0.0,29.48,50,0,unknown
1.61,6.64,12.04,17.79,0,86.5,0.43,30,0,bus_stop
0.32,15.87,0.37,4.91,0,447.89,0.72,35,0,school
0.63,7.18,12.14,0.38,0,0.0,16.51,50,0,bus_stop
5.29,5.1,2.34,26.94,0,0.0,20.97,20,0.47,bus_stop
21.04,7.69,10.04,16.04,0,0.0,15.51,40,0,school
0.74,12.62,9.25,16.26,0,0.0,22.71,35,0,depot
0.04,10.46,16.14,11.4,0,0.0,35.48,45,0,traffic_light
0.49,3.25,6.85,2.21,0,0.0,14.88,35,0,depot
2.98,17.59,7.3,9.59,0,0.0,10.23,35,0,school
4.37,1.83,1.92,20.03,0,0.0,7.16,20,0,traffic_light
45.53,20.38,65.48,144.85,1,0.0,25.59,35,0,unknown
9.56,9.38,5.87,19.62,0,684.96,1.05,30,0,depot
13.37,2.09,1.46,26.73,0,0.0,32.15,30,0.9,bus_stop
4.1,4.59,4.53,8.61,0,0.0,9.99,20,0,bus_stop
4.47,15.12,14.48,17.26,0,0.0,31.29,40,0,unknown
17.62,16.48,15.12,23.59,0,0.0,14.83,20,0,school
6.13,0.87,1.3,22.88,0,0.0,29.77,40,0,unknown
28.79,10.15,6.09,15.0,0,0.0,23.08,45,0,unknown
2.2,6.99,1.26,5.34,0,45.3,0.38,40,0,unknown
16.16,4.89,6.36,19.6,0,638.37,0.9,40,0,depot
7.64,0.67,4.53,19.7,0,0.0,15.31,30,0,traffic_light
35,15.33,12.07,28.19,0,0.0,19.25,20,0,bus_stop
38.03,94.18,67.6,734.51,0,0.0,28.08,40,0,traffic_light
2.03,1.75,11.53,20.88,0,0.0,12.42,30,0,unknown
6.65,6.15,17.52,18.28,0,0.0,9.12,30,0,unknown
2.33,6.05,17.81,0.5,0,0.0,23.91,40,0,traffic_light
6.64,12.31,10.22,20.8,0,371.0,0.57,30,0,school
55.26,70.14,16.05,18.8,1,296.17,0.96,20,0,depot
1.72,13.56,17.99,0.28,0,0.0,9.24,40,0,traffic_light
15.0,10.25,14.96,22.05,0,22.41,1.05,45,0,traffic_light
0.04,1.14,11.22,3.5,0,0.0,31.56,50,0,school
2.04,7.94,9.07,13.35,0,0.0,15.01,40,0,school
21.08,8.2,0.59,2.36,0,0.0,37.34,35,1.65,traffic_light
5.03,13.43,15.83,1.29,0,0.0,19.7,20,0,unknown
1.35,15.39,11.14,8.38,0,0.0,16.83,50,0,depot
10.41,17.77,15.9,2.54,0,47.14,0.35,35,0,unknown
6.55,10.94,8.78,25.05,0,58.71,0.65,30,0,traffic_light
0.72,2.77,0.43,15.0,0,0.0,39.45,40,0,bus_stop
4.91,3.81,7.8,17.64,0,0.0,13.49,20,0,traffic_light
2.57,13.35,14.57,27.78,0,12.22,1.04,35,0,traffic_light
50.13,35.13,30.82,150.9,0,0.0,15.46,30,0,depot
4.78,4.03,12.75,1.98,0,0.0,37.3,35,2.18,unknown
0.32,12.87,3.74,25.23,0,116.19,1.12,35,0,bus_stop
1.66,13.52,9.72,27.42,0,0.0,24.98,30,0,bus_stop
4.15,17.39,11.71,5.5,0,0.0,21.14,20,2.23,school
4.98,10.54,8.49,2.11,0,0.0,23.74,40,0,depot
7.8,12.89,14.9,24.39,0,0.0,33.93,50,0,bus_stop
23.15,8.74,1.39,15.15,0,0.0,11.81,50,0,school
0.87,13.99,11.81,27.11,0,0.0,41.27,50,0,traffic_light
91.89,28.42,71.5,115.38,1,0.0,14.62,35,0,traffic_light
2.53,0.33,17.11,1.76,0,254.55,0.85,50,0,school
8.44,11.83,1.25,23.65,0,476.11,0.51,20,0,depot
8.88,11.33,8.67,23.73,0,0.0,34.96,40,0,bus_stop
4.35,13.6,7.95,3.61,0,0.0,7.11,40,0,bus_stop
2.7,7.74,8.54,26.6,0,0.0,15.49,40,0,school
5.64,2.59,11.99,25.87,0,0.0,22.32,30,0,traffic_light
2.21,8.13,14.77,14.71,0,0.0,18.64,40,0,bus_stop
0.3,3.39,10.8,19.95,0,10.14,0.42,50,0,unknown
0.44,1.06,5.03,24.58,0,39.62,1.16,35,0,traffic_light
7.17,8.67,9.66,0.68,0,0.0,27.07,35,0,unknown
0.15,9.0,11.88,3.3,0,0.0,17.66,45,0,depot
1.16,1.96,11.12,24.31,0,15.78,0.02,20,0,traffic_light
3.72,4.22,7.26,19.17,0,0.0,9.7,20,0,traffic_light
0.52,8.03,16.41,1.69,0,0.0,26.45,45,0,bus_stop
2.88,3.01,2.75,19.05,0,0.0,23.99,30,0,bus_stop
7.43,0.01,9.44,12.0,0,43.61,1.0,45,0,traffic_light
68.47,90.77,51.9,560.04,1,0.0,22.21,30,0,bus_stop
8.67,3.24,14.27,27.0,0,0.0,21.49,40,0,traffic_light
8.11,12.38,9.53,22.9,0,32.95,0.8,35,0,unknown
6.53,8.69,8.37,20.06,0,40.79,0.04,35,0,traffic_light
3.57,17.94,12.4,8.59,0,0.0,26.69,40,0,unknown
7.28,17.3,10.36,12.43,0,0.0,32.76,40,0,traffic_light
17.65,10.57,1.05,26.54,0,293.75,1.01,40,0,school
0.12,14.27,9.24,14.14,0,0.0,9.49,30,0,unknown
62.93,41.15,55.54,197.69,0,0.0,17.3,35,0,school
10.76,6.42,13.0,12.2,0,0.0,10.77,45,0,bus_stop
5.66,11.46,6.16,26.01,0,0.0,10.82,40,0,traffic_light
3.66,16.52,10.08,20.34,0,0.0,13.16,45,0,school
1.74,7.76,2.83,5.0,0,52.93,0.88,30,0,unknown
1.47,14.56,10.95,13.96,0,63.11,1.09,35,0,unknown
9.25,12.76,15.78,20.62,0,47.3,0.38,35,0,traffic_light
1.54,10.28,4.61,15.83,0,0.0,29.35,45,0,unknown
5.79,14.02,6.98,20.52,0,14.66,0.8,45,0,traffic_light
2.8,1.16,8.98,17.29,0,0.0,14.96,20,0,traffic_light
35,3.87,16.6,29.09,0,0.0,17.13,40,0,unknown
2.95,11.21,5.95,12.13,0,28.37,1.15,40,0,traffic_light
23.39,4.45,10.03,22.04,0,0.0,10.24,20,0,unknown
7.71,14.12,9.01,14.15,0,16.38,0.46,20,0,traffic_light
12.53,7.36,3.92,15.89,0,0.0,49.86,50,0,unknown
1.52,12.88,15.72,18.03,0,45.13,0.59,50,0,unknown
0.11,8.21,15.03,11.82,0,55.53,0.25,30,0,traffic_light
14.24,3.85,14.42,19.95,0,0.0,31.47,30,1.83,depot
1.97,10.08,3.56,13.69,0,0.0,20.8,45,0,school
24.26,6.15,10.96,25.03,0,22.57,0.81,45,0,unknown
9.54,8.16,11.03,21.0,0,0.0,21.91,20,0.79,traffic_light
77.75,97.13,49.68,273.25,1,0.0,10.13,45,0,bus_stop
7.18,1.2,10.76,23.22,0,28.19,0.77,30,0,traffic_light
9.09,3.15,2.81,26.49,0,0.0,24.63,35,0,school
3.55,4.25,0.11,23.37,0,0.0,8.69,40,0,bus_stop
1.02,1.47,5.59,11.01,0,41.82,1.07,30,0,traffic_light
12.89,5.93,2.05,14.92,0,16.16,0.7,35,0,unknown
7.81,7.78,10.51,23.49,0,0.0,15.62,40,0,unknown
2.35,16.74,5.7,29.18,0,6.09,0.8,30,0,traffic_light
3.11,2.0,16.4,28.22,0,49.25,0.89,40,0,traffic_light
7.97,5.18,2.09,21.8,0,0.0,30.77,50,0,bus_stop
3.38,13.25,12.97,25.72,0,0.0,22.13,20,2.37,traffic_light
3.33,5.0,15.72,9.21,0,75.28,0.51,50,0,unknown
5.29,5.92,13.43,25.21,0,0.0,23.3,30,0,school
12.66,12.66,6.45,23.93,0,323.8,0.71,35,0,depot
5.18,12.79,0.35,5.17,0,0.0,30.21,40,0,traffic_light
2.36,13.79,17.98,13.88,0,6.41,0.85,30,0,traffic_light
6.26,0.27,11.21,7.36,0,0.0,7.38,20,0,unknown
6.02,8.43,14.37,5.87,0,55.35,0.44,45,0,bus_stop
0.44,9.92,6.47,7.8,0,0.0,16.16,20,0,traffic_light
4.66,1.12,7.74,26.14,0,44.56,0.15,50,0,traffic_light
11.26,13.4,11.2,22.22,0,0.0,23.55,40,0,bus_stop
2.17,14.66,5.66,16.28,0,0.0,29.42,30,0,bus_stop
3.85,0.64,17.17,19.31,0,0.0,20.56,20,1.02,school
1.32,17.0,13.2,7.27,0,0.0,18.39,40,0,traffic_light
1.66,5.8,5.39,2.28,0,0.0,20.21,45,0,depot
7.24,0.97,16.07,22.16,0,0.0,14.76,20,0,school
3.64,15.4,15.07,26.42,0,95.43,0.82,20,0,bus_stop
1.68,4.8,13.09,14.54,0,85.12,0.31,35,0,bus_stop
10.82,14.57,7.18,15.58,0,0.0,10.58,20,0,traffic_light
15.79,14.14,0.77,12.68,0,0.0,35.58,35,1.47,unknown
8.44,5.6,0.51,6.9,0,0.0,24.25,35,0,traffic_light
5.87,4.41,12.53,4.83,0,0.0,19.36,20,0,unknown
11.05,3.82,8.35,21.45,0,0.0,25.15,40,0,depot
63.91,74.07,61.04,193.89,0,0.0,9.42,45,0,traffic_light
2.97,15.8,13.51,26.42,0,16.37,0.12,20,0,traffic_light
66.74,70.7,73.1,400.59,1,0.0,20.4,50,0,traffic_light
14.54,1.46,10.59,18.6,0,29.36,0.73,40,0,unknown
7.38,12.56,16.8,24.91,0,15.05,0.27,35,0,unknown
5.69,12.77,12.76,9.61,0,0.0,7.27,20,0,traffic_light
0.62,12.76,14.12,8.9,0,0.0,25.13,35,0,unknown
5.23,17.13,8.21,1.23,0,18.38,0.36,50,0,traffic_light
21.07,14.37,15.77,14.89,0,0.0,37.97,35,2.69,depot
3.91,12.36,4.24,22.0,0,25.46,0.29,35,0,traffic_light
4.53,6.61,6.28,5.15,0,170.13,0.36,45,0,bus_stop
0.41,10.62,15.21,29.47,0,0.0,21.52,35,0,traffic_light
71.36,80.59,31.04,14.01,1,98.3,0.63,35,0,school
4.78,0.02,6.66,21.54,0,0.0,10.75,40,0,depot
18.49,6.2,10.56,8.94,0,0.0,19.0,35,0,traffic_light
5.07,17.62,10.86,26.6,0,0.0,19.82,20,0,school
29.62,16.92,8.22,6.03,0,0.0,15.04,20,0,school
9.56,12.1,13.55,17.23,0,0.0,21.22,20,0.12,traffic_light
8.89,8.27,7.84,22.0,0,40.83,0.21,40,0,traffic_light
81.5,89.33,68.07,0.16,1,33.79,0.01,35,0,unknown
6.83,4.28,12.09,7.83,0,21.67,0.55,40,0,traffic_light
5.32,11.39,3.03,22.25,0,0.0,39.33,40,0,unknown
1.54,10.95,8.4,16.43,0,0.0,27.11,30,0,unknown
15.4,14.14,10.51,9.04,0,158.87,1.19,30,0,school
3.8,5.28,10.3,25.39,0,52.33,1.03,45,0,unknown
1.88,17.04,3.4,4.82,0,0.0,24.61,30,0,bus_stop
8.41,9.37,10.85,10.63,0,65.87,0.88,45,0,traffic_light
27.04,48.47,19.2,223.73,1,0.0,16.62,35,0,school
3.32,16.77,9.18,24.78,0,262.07,1.14,45,0,school
11.04,13.69,7.3,27.46,0,0.0,51.72,50,1.57,school
17.78,11.56,2.23,6.31,0,0.0,31.85,40,0,bus_stop
7.63,9.42,7.66,13.07,0,0.0,23.92,30,0,traffic_light
1.07,17.37,8.52,14.72,0,375.04,0.62,30,0,school
3.47,14.52,2.33,22.49,0,0.0,27.08,30,0,traffic_light
9.36,11.56,11.42,18.68,0,70.36,0.5,20,0,bus_stop
4.59,13.29,10.07,9.33,0,0.0,46.85,45,2.31,school
1.18,13.85,14.65,24.79,0,374.26,0.73,20,0,school
6.28,4.08,15.72,19.6,0,240.36,0.17,20,0,school
9.86,0.39,16.25,29.88,0,43.41,0.42,30,0,bus_stop
1.6,1.56,17.51,21.76,0,0.0,41.77,45,0,bus_stop
7.07,8.42,3.83,19.64,0,18.49,0.44,45,0,traffic_light
0.32,15.44,4.12,10.91,0,28.74,1.19,45,0,traffic_light
2.36,15.54,13.09,26.4,0,25.05,0.09,20,0,traffic_light
6.33,15.17,9.98,15.87,0,26.75,1.19,50,0,unknown
1.58,6.45,5.55,1.4,0,0.0,15.09,40,0,school
2.7,6.85,9.05,8.31,0,0.0,29.52,50,0,bus_stop
13.57,1.8,1.49,23.79,0,252.81,0.07,20,0,depot
9.14,10.93,2.42,19.5,0,0.0,16.79,40,0,bus_stop
3.39,2.62,2.21,29.07,0,0.0,23.67,30,0,traffic_light
7.23,15.87,16.06,26.04,0,0.0,25.57,45,0,unknown
2.56,15.2,8.35,27.48,0,0.0,25.49,40,0,unknown
13.26,7.44,0.8,3.35,0,247.17,1.16,50,0,bus_stop
2.86,6.07,14.56,0.76,0,181.35,0.46,50,0,bus_stop
3.39,10.15,1.99,1.64,0,0.0,18.76,20,0,school
1.86,9.1,8.03,29.97,0,36.47,1.12,50,0,unknown
0.32,5.33,7.59,28.95,0,0.0,31.09,40,0,school
5.14,12.65,4.67,25.41,0,23.49,0.85,45,0,traffic_light
3.38,7.4,9.29,17.37,0,0.0,11.48,45,0,bus_stop
79.43,82.72,35.57,362.71,0,0.0,15.79,20,0,traffic_light
15.48,4.08,17.86,8.6,0,0.0,11.41,30,0,unknown
0.41,0.77,0.41,15.67,0,0.0,28.05,40,0,school
6.76,15.84,9.59,22.09,0,0.0,7.02,20,0,traffic_light
5.56,3.95,14.92,22.56,0,20.3,1.01,20,0,unknown
2.46,17.2,0.12,3.49,0,5.54,1.15,20,0,unknown
2.81,0.74,8.36,7.05,0,15.03,0.37,50,0,traffic_light
6.77,13.99,1.72,12.31,0,0.0,15.4,30,0,unknown
1.28,11.9,4.3,10.25,0,53.97,1.14,35,0,unknown
0.63,1.51,15.01,25.53,0,0.0,22.64,20,3.79,school
0.08,11.72,12.91,28.67,0,0.0,36.01,35,1.43,unknown
1.15,3.8,11.1,16.34,0,0.0,20.74,30,0,bus_stop
3.6,1.53,12.72,28.31,0,0.0,22.19,35,0,bus_stop
8.23,7.48,7.09,0.92,0,39.3,0.49,20,0,unknown
11.71,6.06,8.72,10.79,0,0.0,37.54,40,0,traffic_light
26.19,16.38,23.14,51.76,0,0.0,11.38,35,0,depot
35,1.58,12.19,6.06,0,29.69,0.68,20,0,unknown
10.19,14.08,2.55,15.92,0,0.0,18.4,40,0,school
2.54,10.28,8.91,14.52,0,0.0,10.14,30,0,unknown
3.31,8.58,15.35,19.06,0,0.0,45.34,50,0,school
7.04,1.57,11.5,5.72,0,181.73,0.11,30,0,school
11.13,6.1,0.47,12.34,0,91.37,0.42,20,0,bus_stop
10.14,8.69,15.38,8.06,0,22.69,0.33,50,0,traffic_light
5.67,7.21,14.57,25.06,0,0.0,38.67,45,0,bus_stop
9.24,8.65,16.15,9.05,0,0.0,43.83,45,0,unknown
6.73,1.44,17.86,1.3,0,0.0,13.84,30,0,unknown
15.95,1.16,3.19,26.66,0,216.31,1.16,35,0,school
14.67,0.9,11.41,28.57,0,0.0,20.26,35,0,traffic_light
5.8,6.27,8.7,12.75,0,284.37,0.47,45,0,depot
18.96,2.84,3.45,25.1,0,0.0,15.48,40,0,bus_stop
3.14,4.44,7.11,17.59,0,22.88,0.74,20,0,unknown
9.46,9.08,0.35,11.92,0,0.0,17.41,35,0,unknown
7.33,2.27,9.41,13.87,0,0.0,19.53,20,0,school
0.67,7.99,16.72,25.95,0,0.0,7.23,35,0,traffic_light
8.12,7.19,1.68,2.17,0,0.0,20.75,35,0,unknown
6.56,0.37,9.38,2.58,0,232.76,0.81,35,0,depot
6.21,7.3,5.45,24.87,0,0.0,26.9,50,0,traffic_light
11.18,3.37,16.04,7.57,0,0.0,35.03,40,0,traffic_light
0.54,2.5,6.87,17.22,0,0.0,37.53,50,0,school
0.33,7.05,8.93,1.39,0,0.0,33.81,45,0,bus_stop
78.29,58.57,32.03,517.26,1,0.0,31.79,30,2.36,unknown
0.12,13.64,14.67,2.6,0,0.0,28.1,30,0,traffic_light
0.07,6.28,14.56,5.74,0,0.0,9.61,20,0,school
1.73,13.3,17.57,11.57,0,0.0,9.7,35,0,traffic_light
8.24,5.58,14.2,6.27,0,0.0,11.66,20,0,school
20.94,0.11,11.44,5.64,0,0.0,9.98,20,0,bus_stop
3.98,13.66,7.9,14.29,0,0.0,8.31,35,0,traffic_light
2.8,16.08,17.46,25.54,0,0.0,18.72,40,0,traffic_light
8.17,12.74,5.07,11.72,0,0.0,32.1,45,0,unknown
1.66,9.39,16.51,12.31,0,0.0,14.84,40,0,unknown
0.79,11.08,3.95,23.45,0,0.0,39.7,45,0,unknown
6.28,8.69,10.0,9.52,0,0.0,27.14,30,0,depot
1.88,13.5,13.73,18.38,0,0.0,12.09,20,0,traffic_light
7.03,9.3,17.85,5.12,0,0.0,13.11,20,0,school
32.33,18.4,70.01,51.8,0,0.0,10.13,45,0,traffic_light
8.5,1.2,11.63,14.78,0,0.0,22.83,20,0.97,unknown
0.79,13.91,6.56,21.81,0,0.0,26.3,35,0,bus_stop
2.8,2.93,9.42,2.48,0,0.0,17.07,20,0,depot
8.47,5.39,6.94,0.75,0,0.0,14.56,30,0,unknown
20.85,4.36,10.99,8.07,0,0.0,18.43,35,0,school
0.58,14.83,11.17,4.74,0,0.0,16.06,35,0,unknown
78.87,59.66,67.25,371.7,1,0.0,22.43,45,0,traffic_light
18.31,16.98,14.84,27.59,0,0.0,14.14,20,0,traffic_light
0.81,12.63,17.57,29.13,0,0.0,37.78,50,0,school
0.48,15.35,5.31,23.88,0,45.49,0.85,45,0,unknown
13.64,6.59,3.65,21.27,0,0.0,10.99,20,0,school
4.89,16.25,5.19,22.94,0,0.0,17.65,45,0,unknown
29.44,31.4,30.03,6.86,1,18.18,0.79,50,0,traffic_light
7.98,12.5,7.21,25.5,0,158.84,0.63,45,0,school
44.03,21.29,33.83,3.52,0,71.42,0.6,35,0,bus_stop
1.65,14.7,2.57,8.09,0,0.0,38.1,40,0,school
15.16,2.19,3.5,13.27,0,0.0,21.77,35,0,school
0.9,11.15,0.42,25.13,0,0.0,10.23,20,0,bus_stop
3.8,1.66,11.55,21.58,0,39.71,1.17,40,0,traffic_light
10.83,12.47,11.11,0.42,0,51.12,0.89,40,0,unknown
5.48,9.93,11.17,6.61,0,117.77,0.82,20,0,bus_stop
1.85,4.61,9.52,11.53,0,0.0,9.56,30,0,traffic_light
11.25,5.65,0.66,10.23,0,0.0,25.55,30,0,traffic_light
6.74,8.93,4.99,13.76,0,0.0,15.39,20,0,traffic_light
5.48,0.13,0.77,18.87,0,0.0,11.85,50,0,bus_stop
9.64,4.67,10.12,23.78,0,0.0,28.1,50,0,traffic_light
39.96,15.65,62.72,1.04,0,96.83,0.24,50,0,bus_stop
8.45,12.7,6.59,2.71,0,28.31,1.17,30,0,unknown
7.85,11.01,2.42,6.61,0,0.0,52.7,50,1.8,traffic_light
1.6,14.81,16.76,10.64,0,0.0,18.8,20,0,unknown
7.82,9.59,2.26,0.62,0,0.0,12.23,20,0,traffic_light
14.78,4.17,4.38,25.08,0,0.0,12.03,35,0,unknown
6.76,7.68,16.39,0.83,0,112.34,0.05,40,0,depot
1.49,17.46,10.55,5.52,0,0.0,25.02,40,0,traffic_light
3.35,16.2,10.37,17.14,0,0.0,13.84,20,0,traffic_light
9.66,8.73,6.01,7.4,0,688.63,0.47,35,0,depot
1.49,3.73,12.18,9.59,0,264.75,0.22,30,0,school
4.44,11.97,2.55,5.68,0,0.0,18.04,45,0,school
1.77,15.54,15.19,23.96,0,58.21,1.2,40,0,unknown
34.7,47.48,57.66,9.23,1,31.61,0.7,45,0,unknown
3.33,12.45,17.33,19.39,0,0.0,7.03,40,0,unknown
2.75,9.74,11.62,9.16,0,0.0,33.22,45,0,traffic_light
4.88,0.35,17.33,15.13,0,143.72,1.0,30,0,depot
14.36,0.18,11.68,25.17,0,0.0,29.95,35,0,unknown
4.69,2.38,13.96,25.42,0,0.0,25.45,40,0,unknown
13.11,15.3,13.0,7.36,0,0.0,30.12,30,3.38,school
1.36,7.37,7.81,0.67,0,18.46,0.39,40,0,unknown
6.12,12.35,6.25,2.9,0,730.02,0.76,45,0,school
34.38,8.91,9.05,1.03,0,0.0,21.61,30,0,unknown
2.36,0.15,5.63,19.56,0,0.0,40.05,50,0,school
2.3,1.84,9.82,12.83,0,134.5,1.04,40,0,bus_stop
0.94,7.03,13.92,16.38,0,63.53,0.27,30,0,traffic_light
23.74,14.66,0.57,28.04,0,0.0,12.82,40,0,bus_stop
0.02,6.37,2.91,27.32,0,0.0,33.9,35,0,bus_stop
7.73,8.82,15.06,5.58,0,41.5,0.29,40,0,traffic_light
5.09,12.44,6.5,19.73,0,0.0,24.77,35,0,traffic_light
57.31,19.03,38.5,0.36,1,524.15,0.07,30,0,school
1.99,11.86,4.0,8.32,0,0.0,18.55,30,0,traffic_light
7.73,14.8,16.26,10.58,0,0.0,11.33,20,0,unknown
0.75,10.41,0.8,26.22,0,51.65,0.33,45,0,unknown
81.05,35.01,22.4,408.18,1,0.0,41.97,40,2.42,traffic_light
24.17,16.67,8.35,5.69,0,180.11,0.96,30,0,depot
12.1,15.39,17.37,4.96,0,0.0,13.7,50,0,bus_stop
11.01,7.21,9.93,15.38,0,32.06,1.18,35,0,traffic_light
11.56,0.59,10.8,18.76,0,0.0,10.37,50,0,bus_stop
9.09,15.01,15.83,4.76,0,27.99,1.15,40,0,unknown
34.49,2.52,7.38,0.84,0,0.0,40.5,50,0,unknown
20.63,10.84,17.79,9.59,0,0.0,37.95,50,0,unknown
6.15,10.89,17.48,7.03,0,529.55,0.99,30,0,school
0.22,8.11,3.27,24.04,0,495.55,0.64,45,0,depot
3.41,8.03,15.18,13.6,0,0.0,33.96,45,0,unknown
7.54,13.14,5.26,27.23,0,660.99,0.62,50,0,school
1.08,16.65,16.68,7.87,0,120.02,1.11,50,0,bus_stop
2.02,5.98,3.65,6.26,0,0.0,32.47,50,0,bus_stop
25.82,81.91,66.08,301.02,1,0.0,13.23,35,0,unknown
9.21,15.22,3.2,22.84,0,0.0,40.78,45,0,bus_stop
52.75,59.54,39.93,168.23,1,0.0,10.17,45,0,traffic_light
4.33,14.34,13.18,24.8,0,0.0,34.69,35,0,unknown
10.15,5.37,5.64,14.38,0,0.0,34.78,50,0,school
32.16,1.09,0.76,26.39,0,0.0,12.56,30,0,depot
6.28,12.57,2.29,18.34,0,0.0,30.03,40,0,traffic_light
10.09,15.17,8.59,2.15,0,105.76,0.26,45,0,depot
4.18,2.67,6.71,29.32,0,0.0,14.42,45,0,depot
18.96,15.34,13.57,29.62,0,283.62,0.62,50,0,depot
0.14,17.57,10.59,18.07,0,0.0,15.03,40,0,unknown
2.61,13.69,15.98,11.55,0,20.03,0.37,20,0,traffic_light
2.62,0.81,17.36,22.39,0,295.05,0.73,20,0,depot
7.49,10.42,17.31,24.24,0,0.0,35.59,35,0.46,school
2.18,14.19,17.03,5.68,0,103.09,0.29,20,0,bus_stop
9.16,10.98,12.88,19.76,0,20.26,1.05,40,0,traffic_light
1.45,10.54,17.39,16.42,0,0.0,34.29,45,0,traffic_light
26.04,86.89,42.21,14.89,1,56.9,0.62,50,0,unknown
8.15,7.94,14.01,22.07,0,40.43,0.56,40,0,unknown
15.02,6.24,10.92,9.21,0,43.24,0.73,30,0,unknown
0.61,9.65,16.92,20.36,0,0.0,19.07,45,0,unknown
1.71,8.68,17.1,11.69,0,0.0,18.52,35,0,traffic_light
3.35,0.8,6.02,12.83,0,0.0,22.65,45,0,bus_stop
7.5,0.43,9.96,12.02,0,0.0,20.94,35,0,school
0.42,0.59,0.63,15.79,0,0.0,12.54,50,0,school
12.84,6.45,9.34,0.4,0,31.65,0.87,40,0,school
7.5,1.88,5.73,21.38,0,0.0,22.31,45,0,traffic_light
0.62,16.97,16.36,13.54,0,0.0,7.99,45,0,bus_stop
0.68,12.69,13.79,10.62,0,0.0,19.43,35,0,bus_stop
4.89,10.23,2.76,28.98,0,0.0,25.14,45,0,unknown
13.43,14.56,8.65,1.29,0,0.0,50.79,50,3.05,traffic_light
6.35,7.2,2.58,19.89,0,0.0,11.76,20,0,traffic_light
0.76,15.23,3.15,1.77,0,0.0,22.49,30,0,unknown
0.72,6.53,0.4,25.6,0,0.0,47.1,45,3.23,school
2.32,16.94,3.28,0.47,0,0.0,37.81,40,0,bus_stop
2.35,16.73,6.99,0.2,0,0.0,39.7,45,0,school
17.28,4.3,16.18,29.96,0,19.39,0.79,40,0,traffic_light
0.16,10.34,17.67,22.83,0,0.0,18.35,40,0,depot
4.4,16.53,15.97,20.54,0,0.0,28.75,50,0,traffic_light
9.53,11.02,8.09,3.03,0,0.0,20.99,50,0,traffic_light
20.0,2.38,15.16,2.75,0,0.0,44.79,45,0,traffic_light
81.07,81.68,50.07,820.21,1,0.0,36.15,35,1.36,depot
5.68,17.31,16.26,25.24,0,0.0,16.16,20,0,bus_stop
12.69,9.33,3.94,10.51,0,0.0,25.16,30,0,traffic_light
1.29,2.1,3.62,1.26,0,0.0,7.98,20,0,unknown
2.13,8.52,10.83,2.32,0,0.0,18.52,35,0,depot
2.6,12.65,3.78,18.53,0,0.0,46.06,45,1.37,unknown
16.31,15.85,16.05,4.38,0,0.0,39.88,45,0,depot
0.03,3.93,1.91,1.6,0,0.0,19.44,40,0,traffic_light
5.5,4.76,2.28,12.63,0,0.0,34.97,40,0,school
2.49,3.07,0.74,22.66,0,0.0,9.59,30,0,depot
1.05,2.3,17.26,29.25,0,0.0,22.66,20,3.04,bus_stop
1.02,10.51,1.91,14.84,0,0.0,12.77,20,0,bus_stop
1.82,5.53,7.63,6.32,0,0.0,17.55,20,0,unknown
7.34,13.57,9.96,25.99,0,21.71,0.19,45,0,traffic_light
3.74,8.99,1.99,13.27,0,0.0,19.88,30,0,bus_stop
8.99,3.5,4.71,16.18,0,126.42,0.87,35,0,bus_stop
11.75,10.58,11.17,6.16,0,0.0,27.04,45,0,bus_stop
82.09,55.82,49.12,2.48,0,27.43,0.16,35,0,traffic_light
3.27,3.2,7.69,14.61,0,0.0,16.56,20,0,depot
9.61,2.12,9.7,21.37,0,0.0,25.51,50,0,bus_stop
2.43,17.96,12.51,11.7,0,0.0,16.47,50,0,school
0.61,7.59,5.62,13.94,0,30.52,0.85,40,0,traffic_light
47.92,19.92,63.49,105.23,1,0.0,19.02,40,0,traffic_light
4.05,7.31,0.32,14.27,0,271.93,0.07,30,0,bus_stop
10.08,1.35,1.89,14.85,0,26.91,0.74,30,0,traffic_light
3.66,11.27,6.28,4.11,0,0.0,7.99,30,0,school
5.14,3.6,16.77,0.72,0,0.0,16.43,30,0,bus_stop
11.7,17.35,12.9,12.21,0,57.23,1.09,35,0,unknown
3.44,6.22,13.76,15.15,0,53.46,0.35,50,0,bus_stop
9.09,6.79,10.62,1.52,0,35.21,0.52,30,0,unknown
2.26,13.77,10.41,10.64,0,0.0,38.85,45,0,traffic_light
1.6,6.01,4.87,0.89,0,51.5,0.15,35,0,traffic_light
7.55,5.11,15.1,6.0,0,0.0,13.85,20,0,unknown
9.64,5.53,15.24,12.62,0,0.0,17.01,30,0,unknown
5.26,0.07,10.22,6.01,0,0.0,35.35,35,2.93,school
8.47,16.68,3.1,19.32,0,0.0,17.42,20,0,bus_stop
7.46,3.45,7.93,2.83,0,0.0,27.23,40,0,bus_stop
2.02,4.4,10.22,6.46,0,31.21,0.33,40,0,unknown
3.8,16.84,13.39,15.48,0,457.91,0.41,20,0,school
5.1,10.48,2.42,0.82,0,127.52,0.64,40,0,bus_stop
1.82,13.28,2.88,18.55,0,0.0,52.64,50,1.52,unknown
1.03,0.29,8.21,2.95,0,21.49,0.6,20,0,traffic_light
13.47,11.94,5.78,25.89,0,0.0,20.8,45,0,traffic_light
1.06,15.15,5.93,13.34,0,40.45,1.02,40,0,traffic_light
0.51,8.06,8.31,19.01,0,0.0,13.0,50,0,bus_stop
8.44,13.21,0.66,11.77,0,536.61,0.58,50,0,school
3.93,17.73,5.73,12.68,0,19.36,0.6,45,0,traffic_light
3.63,16.84,13.09,19.55,0,0.0,26.66,40,0,bus_stop
0.13,17.18,3.84,26.84,0,68.57,0.45,45,0,unknown
27.64,66.41,40.62,132.1,1,0.0,7.16,20,0,bus_stop
8.49,16.57,6.91,26.75,0,110.18,0.63,20,0,bus_stop
1.41,1.23,17.7,4.92,0,0.0,37.99,50,0,traffic_light
4.75,0.52,6.99,5.2,0,0.0,42.84,50,0,school
4.72,5.45,2.24,4.33,0,0.0,20.96,50,0,unknown
9.8,16.95,1.67,9.9,0,74.23,0.71,20,0,traffic_light
0.47,12.81,11.75,27.83,0,30.88,1.16,35,0,traffic_light
0.74,14.63,4.89,19.44,0,129.33,0.45,50,0,school
0.42,12.93,10.37,4.96,0,305.91,0.76,30,0,school
0.59,16.25,10.99,1.7,0,273.87,0.13,50,0,depot
7.57,5.58,2.4,17.75,0,730.07,0.63,30,0,depot
9.35,0.39,0.19,10.83,0,0.0,45.29,45,1.4,traffic_light
7.24,5.83,17.34,6.1,0,0.0,7.02,50,0,bus_stop
11.47,11.07,13.41,2.65,0,0.0,27.94,35,0,traffic_light
12.38,3.29,14.57,15.33,0,35.25,1.01,40,0,unknown
9.55,12.55,8.9,7.62,0,69.84,0.84,45,0,bus_stop
4.89,12.43,11.18,6.58,0,0.0,15.5,30,0,bus_stop
12.68,6.37,1.34,10.46,0,0.0,16.26,20,0,unknown
35.58,93.65,35.22,324.92,1,0.0,12.49,40,0,school
5.97,17.22,15.03,5.22,0,423.45,1.02,50,0,depot
0.03,3.26,17.4,14.03,0,215.37,0.19,35,0,bus_stop
0.33,12.65,4.81,4.69,0,0.0,20.72,30,0,traffic_light
0.57,15.94,10.86,6.41,0,0.0,7.15,20,0,unknown
10.04,18.0,9.21,9.79,0,16.17,0.75,40,0,unknown
8.6,17.54,7.43,0.87,0,0.0,19.65,30,0,depot
2.13,5.53,11.49,1.85,0,0.0,39.54,40,0,depot
7.42,7.77,15.56,13.2,0,37.02,0.43,40,0,unknown
4.87,8.32,2.91,20.48,0,0.0,25.06,35,0,unknown
17.12,14.26,17.74,14.57,0,130.74,0.64,30,0,school
5.4,14.75,1.7,4.97,0,0.0,12.87,35,0,traffic_light
3.71,14.61,2.25,24.34,0,60.21,0.36,35,0,traffic_light
16.15,13.59,5.86,12.23,0,0.0,34.03,45,0,depot
1.86,15.33,12.52,16.49,0,105.27,0.76,35,0,bus_stop
8.25,2.62,16.52,4.83,0,0.0,9.39,50,0,traffic_light
3.82,17.66,3.99,10.83,0,0.0,12.3,20,0,traffic_light
4.12,3.93,3.08,12.41,0,430.04,0.23,40,0,school
6.26,5.35,0.83,29.87,0,0.0,33.2,35,0,bus_stop
0.61,3.6,10.0,20.84,0,35.24,0.12,30,0,unknown
2.1,13.91,16.83,28.03,0,0.0,8.85,20,0,traffic_light
1.28,0.66,10.32,11.94,0,43.3,0.26,35,0,traffic_light
6.67,0.27,10.67,27.0,0,0.0,25.17,30,0,depot
9.22,6.33,7.92,2.91,0,0.0,31.77,45,0,traffic_light
0.38,14.64,6.78,19.98,0,24.34,0.58,50,0,traffic_light
7.93,5.59,5.57,21.84,0,556.72,0.01,40,0,school
0.88,2.85,6.36,9.88,0,307.32,0.98,50,0,school
29.78,10.77,12.52,2.25,0,0.0,38.62,40,0,bus_stop
28.19,6.47,14.02,18.62,0,65.31,0.72,20,0,traffic_light
35,1.59,9.89,5.95,0,0.0,28.08,30,0,bus_stop
4.09,16.35,15.82,17.48,0,0.0,17.34,20,0,traffic_light
3.23,13.12,1.11,23.21,0,0.0,38.17,45,0,unknown
0.11,0.47,1.99,15.55,0,0.0,38.25,40,0,school
16.68,16.1,0.19,12.28,0,0.0,22.23,40,0,unknown
11.9,2.85,5.24,13.02,0,0.0,14.03,20,0,school
10.3,6.63,11.46,10.24,0,0.0,27.73,45,0,traffic_light
8.76,9.74,17.4,14.44,0,0.0,18.21,20,0,traffic_light
32.13,8.84,15.38,21.58,0,14.49,0.98,40,0,traffic_light
28.68,70.43,38.89,5.02,0,207.63,0.26,50,0,bus_stop
14.09,5.94,4.95,19.58,0,0.0,20.4,50,0,traffic_light
6.5,4.2,13.56,20.73,0,0.0,17.97,20,0,depot
1.58,8.85,11.08,11.16,0,0.0,9.56,20,0,bus_stop
10.59,0.5,0.25,3.82,0,0.0,12.43,45,0,bus_stop
4.69,7.39,10.87,13.66,0,145.74,1.15,40,0,bus_stop
92.22,71.84,43.06,233.07,1,0.0,11.68,40,0,unknown
4.58,5.59,4.61,4.67,0,18.0,0.6,20,0,traffic_light
18.03,0.2,1.49,15.52,0,138.05,0.19,20,0,bus_stop
20.27,8.69,15.36,20.72,0,260.19,0.55,40,0,depot
1.67,5.93,13.52,5.92,0,452.84,0.11,40,0,school
11.63,6.58,9.97,27.46,0,0.0,39.34,40,0,school
0.96,16.54,15.51,19.84,0,198.85,0.73,35,0,bus_stop
1.23,6.43,1.59,23.22,0,19.28,1.07,45,0,traffic_light
8.22,13.95,17.64,13.44,0,44.11,0.92,20,0,traffic_light
0.23,0.02,3.46,10.62,0,455.27,0.23,35,0,school
0.74,14.63,15.16,27.99,0,17.72,0.77,20,0,traffic_light
8.77,2.77,0.05,19.47,0,0.0,45.96,45,1.37,traffic_light
3.84,11.69,1.06,0.75,0,0.0,32.21,45,0,unknown
15.83,16.78,0.62,1.99,0,0.0,32.86,50,0,traffic_light
7.89,5.47,9.67,26.71,0,0.0,39.89,40,0,school
2.25,13.76,11.75,27.0,0,139.77,1.18,20,0,depot
3.4,14.47,8.37,3.4,0,197.1,0.68,50,0,depot
2.33,4.52,11.09,8.23,0,0.0,24.11,40,0,traffic_light
33.96,58.75,30.43,171.55,1,0.0,10.51,30,0,bus_stop
14.24,2.09,12.14,17.17,0,0.0,18.47,30,0,bus_stop
3.37,13.29,0.23,26.61,0,25.91,0.69,35,0,unknown
0.61,1.75,12.6,9.5,0,0.0,21.48,30,0,school
12.85,10.76,17.07,24.62,0,0.0,25.61,50,0,school
2.51,1.6,10.6,19.39,0,0.0,24.78,40,0,traffic_light
0.05,0.47,17.9,7.52,0,0.0,44.29,50,0,depot
5.4,12.81,11.76,2.12,0,0.0,24.53,30,0,traffic_light
10.57,10.07,6.22,24.97,0,0.0,23.85,45,0,bus_stop
6.86,1.32,14.58,4.05,0,22.66,0.92,20,0,traffic_light
30.89,9.59,17.91,29.39,0,250.22,0.42,45,0,depot
17.08,7.76,15.83,4.6,0,596.74,0.01,50,0,depot
10.61,16.11,6.83,9.34,0,0.0,11.83,45,0,traffic_light
6.19,13.55,4.3,16.69,0,21.94,0.59,20,0,unknown
4.58,4.92,7.65,21.83,0,777.57,0.13,45,0,school
1.95,8.52,3.34,19.52,0,0.0,16.78,20,0,school
31.01,17.65,9.33,29.26,0,0.0,14.08,40,0,school
5.74,14.16,4.52,16.46,0,28.73,0.91,45,0,traffic_light
2.38,13.78,16.67,4.74,0,0.0,12.17,40,0,traffic_light
24.98,13.7,10.81,0.02,0,0.0,29.34,30,0,unknown
6.0,5.76,15.84,6.49,0,0.0,26.81,40,0,unknown
3.15,1.67,1.87,12.49,0,0.0,12.15,30,0,unknown
7.77,7.88,10.64,26.54,0,277.58,1.09,50,0,depot
0.17,6.56,9.93,18.1,0,8.51,0.06,40,0,traffic_light
2.47,13.47,8.67,26.77,0,0.0,29.42,30,0,traffic_light
11.8,10.97,13.77,17.14,0,0.0,10.7,30,0,depot
9.36,8.34,17.17,17.68,0,0.0,15.79,20,0,bus_stop
4.15,17.89,3.26,0.35,0,0.0,25.64,30,0,traffic_light
6.11,13.54,1.22,23.11,0,698.73,0.67,35,0,school
16.13,5.25,17.61,11.84,0,0.0,15.64,45,0,unknown
3.43,7.37,14.28,29.85,0,51.41,0.58,35,0,traffic_light
9.92,15.98,9.58,27.63,0,0.0,34.54,45,0,traffic_light
1.96,5.64,17.49,16.68,0,0.0,35.96,35,2.97,unknown
0.42,7.92,5.84,24.02,0,66.22,1.12,40,0,unknown
8.13,1.14,7.75,7.32,0,0.0,22.56,20,3.15,traffic_light
1.1,3.94,7.91,0.01,0,24.12,0.8,45,0,traffic_light
9.38,0.86,14.74,24.18,0,0.0,15.11,40,0,school
3.29,0.39,16.24,12.78,0,0.0,11.99,40,0,depot
6.39,11.83,8.13,10.62,0,0.0,39.17,40,0,unknown
0.96,17.07,3.4,14.7,0,0.0,23.28,30,0,bus_stop
12.3,2.17,4.25,5.36,0,0.0,16.95,35,0,bus_stop
13.55,2.99,3.44,20.56,0,67.28,0.52,35,0,unknown
7.21,4.06,7.71,29.96,0,0.0,10.48,50,0,depot
5.96,3.86,9.58,5.91,0,19.25,0.93,30,0,traffic_light
8.26,12.31,15.08,12.68,0,0.0,12.72,20,0,unknown
20.05,17.39,17.11,22.88,0,300.56,0.84,35,0,depot
2.72,6.0,4.91,29.17,0,184.27,0.08,40,0,school
35,1.51,13.38,22.06,0,128.32,0.77,20,0,bus_stop
0.15,1.5,0.25,1.69,0,0.0,10.2,50,0,unknown
2.77,12.72,6.45,27.01,0,252.08,0.69,45,0,school
20.49,17.16,5.9,14.13,0,19.62,0.32,30,0,unknown
12.45,4.28,3.21,25.1,0,90.57,0.35,35,0,bus_stop
4.4,10.45,7.71,20.26,0,0.0,8.66,20,0,traffic_light
5.41,5.2,12.66,10.22,0,0.0,14.15,50,0,bus_stop
15.43,16.77,8.68,24.68,0,11.86,0.87,20,0,traffic_light
2.85,17.11,2.75,20.39,0,593.01,0.86,40,0,depot
4.61,2.12,12.05,25.32,0,0.0,16.28,35,0,bus_stop
16.6,13.99,3.57,20.13,0,0.0,12.55,40,0,traffic_light
8.35,16.14,14.45,4.16,0,0.0,14.58,20,0,traffic_light
3.68,8.25,16.33,24.18,0,292.5,1.04,30,0,school
2.83,16.97,16.5,10.02,0,0.0,23.16,35,0,unknown
7.68,5.25,7.14,28.65,0,0.0,34.95,35,0,bus_stop
0.18,8.7,5.34,12.94,0,0.0,37.51,35,3.67,traffic_light
10.42,15.35,11.67,2.29,0,0.0,35.45,50,0,unknown
37.6,59.95,56.82,353.84,1,0.0,21.25,30,0,school
10.87,2.25,11.32,21.65,0,0.0,9.32,35,0,bus_stop
0.52,16.12,8.53,21.71,0,0.0,20.95,20,1.03,unknown
10.27,3.6,16.74,21.94,0,0.0,47.23,50,0,unknown
15.03,15.05,17.22,12.61,0,0.0,18.08,30,0,unknown
9.13,9.57,1.66,16.59,0,0.0,37.05,40,0,unknown
0.07,8.21,7.17,12.62,0,0.0,43.73,50,0,traffic_light
35,13.56,3.39,26.56,0,340.93,1.12,45,0,school
3.11,13.35,10.91,28.74,0,0.0,19.95,20,0,traffic_light
1.7,2.13,12.23,6.74,0,193.99,0.41,20,0,bus_stop
1.94,0.59,17.68,17.09,0,0.0,32.56,30,2.96,traffic_light
3.29,4.97,2.46,13.22,0,236.22,0.69,35,0,depot
5.38,5.35,16.01,7.74,0,0.0,21.46,50,0,unknown
2.34,12.65,2.65,7.4,0,42.74,0.03,50,0,unknown
14.92,3.54,12.38,13.14,0,339.54,1.02,50,0,depot
23.37,11.87,0.56,13.16,0,0.0,9.59,30,0,unknown
10.96,17.84,2.76,27.55,0,0.0,10.13,30,0,traffic_light
6.33,9.78,16.06,19.2,0,0.0,24.47,50,0,depot
35,11.48,15.26,8.44,0,96.12,0.62,50,0,bus_stop
8.33,9.09,4.77,16.94,0,0.0,28.18,40,0,unknown
5.25,0.13,10.13,17.45,0,0.0,20.92,40,0,school
82.61,16.12,69.59,171.42,1,0.0,38.29,40,0,traffic_light
20.18,1.86,0.45,16.92,0,0.0,32.28,30,3.88,bus_stop
1.83,16.96,3.19,10.14,0,75.07,0.72,45,0,bus_stop
65.29,31.51,58.96,234.4,0,0.0,26.78,50,0,depot
2.9,10.57,4.9,25.76,0,0.0,27.62,30,0,traffic_light
4.76,12.13,16.97,11.93,0,0.0,9.48,20,0,traffic_light
35,3.14,11.35,1.98,0,9.98,0.38,40,0,traffic_light
19.41,3.34,11.17,4.72,0,0.0,35.48,35,0.53,bus_stop
4.09,6.47,7.03,12.89,0,0.0,8.6,20,0,bus_stop
2.43,16.57,10.4,2.19,0,0.0,13.72,30,0,traffic_light
13.1,15.4,4.97,28.82,0,0.0,30.61,30,0.46,school
1.22,14.28,11.44,21.96,0,69.07,0.35,20,0,bus_stop
5.89,7.43,5.7,14.7,0,0.0,20.75,40,0,depot
5.85,0.27,16.72,6.32,0,16.26,0.14,40,0,traffic_light
5.07,9.3,6.43,13.42,0,6.64,0.36,35,0,unknown
9.58,10.87,11.81,28.79,0,557.53,0.92,30,0,school
14.28,4.95,17.13,14.05,0,0.0,12.38,30,0,unknown
1.31,11.96,0.87,0.89,0,0.0,26.08,35,0,school
10.37,14.2,10.53,5.2,0,0.0,51.19,50,3.27,traffic_light
8.83,11.8,6.21,20.61,0,0.0,23.18,45,0,bus_stop
3.03,7.97,13.86,24.98,0,27.42,0.72,20,0,unknown
21.95,2.47,9.74,22.94,0,0.0,46.55,50,0,school
59.44,22.72,27.43,0.37,1,36.1,0.06,40,0,unknown
7.58,3.6,16.46,2.78,0,13.86,0.74,40,0,traffic_light
6.5,2.77,15.76,15.79,0,0.0,20.78,30,0,depot
0.69,8.3,12.38,7.37,0,144.43,0.04,20,0,bus_stop
8.4,10.92,12.57,22.22,0,0.0,10.12,20,0,bus_stop
5.25,3.65,12.08,4.61,0,0.0,16.99,30,0,depot
1.68,3.27,9.47,1.69,0,0.0,42.52,50,0,school
6.67,5.08,10.61,21.95,0,221.11,0.14,20,0,bus_stop
9.8,3.88,12.79,29.66,0,0.0,18.27,20,0,traffic_light
10.41,2.25,5.77,1.12,0,0.0,29.49,35,0,school
17.77,7.97,6.06,19.31,0,0.0,16.06,35,0,bus_stop
1.43,1.98,5.05,21.01,0,11.12,0.21,20,0,unknown
1.27,7.22,15.03,8.1,0,38.23,0.61,45,0,unknown
11.75,8.12,9.99,13.08,0,0.0,18.63,20,0,bus_stop
11.81,17.89,9.69,17.18,0,0.0,37.4,45,0,traffic_light
0.71,15.5,0.94,7.79,0,40.03,1.03,20,0,traffic_light
2.7,8.94,4.93,28.1,0,0.0,31.83,40,0,traffic_light
6.63,13.65,9.45,29.95,0,0.0,27.75,30,0,school
16.49,14.38,1.74,11.7,0,0.0,29.65,50,0,school
0.57,0.18,11.48,26.26,0,706.41,1.06,20,0,depot
3.17,13.89,13.55,22.33,0,364.01,0.23,20,0,school
4.94,12.75,0.68,16.63,0,0.0,14.59,50,0,traffic_light
6.07,1.2,0.65,15.01,0,19.57,0.37,20,0,traffic_light
12.71,5.43,9.07,0.2,0,0.0,24.1,30,0,bus_stop
13.33,16.84,11.57,12.63,0,42.06,0.58,50,0,traffic_light
6.32,1.17,16.08,14.66,0,332.5,0.69,40,0,depot
2.1,11.14,2.04,0.2,0,13.87,0.37,30,0,unknown
1.14,13.06,1.4,10.66,0,0.0,30.0,30,0,bus_stop
18.77,16.57,1.59,10.79,0,0.0,33.13,35,0,traffic_light
11.12,8.37,16.82,29.96,0,0.0,13.54,20,0,school
9.05,7.91,9.89,10.54,0,128.01,0.35,30,0,bus_stop
3.8,15.27,9.17,27.3,0,243.02,0.71,45,0,school
0.77,15.43,0.05,4.38,0,0.0,29.81,35,0,unknown
1.73,0.39,6.26,23.41,0,200.76,0.42,30,0,bus_stop
0.81,14.19,16.56,8.73,0,108.17,0.95,35,0,bus_stop
5.59,17.67,13.79,13.5,0,0.0,33.63,45,0,unknown
1.82,4.93,17.88,23.67,0,0.0,26.3,50,0,traffic_light
0.8,0.23,17.4,10.82,0,14.9,0.7,30,0,traffic_light
20.55,13.93,13.73,13.07,0,0.0,7.83,20,0,traffic_light
0.84,16.28,8.6,14.15,0,0.0,30.76,50,0,school
29.05,34.14,52.82,88.41,1,0.0,9.32,30,0,bus_stop
6.22,15.78,15.56,14.92,0,287.48,0.06,30,0,school
11.02,9.06,14.55,18.27,0,0.0,37.19,45,0,unknown
1.64,17.43,2.64,16.93,0,0.0,9.89,30,0,depot
77.08,50.79,37.82,14.29,1,20.23,1.01,30,0,traffic_light
3.38,5.8,2.94,0.99,0,0.0,18.19,20,0,school
8.6,5.66,13.25,20.64,0,0.0,24.0,50,0,unknown
11.51,10.59,3.14,18.85,0,130.9,0.19,45,0,depot
7.36,14.88,12.52,7.25,0,0.0,10.57,20,0,bus_stop
0.57,4.98,13.06,4.99,0,33.55,0.73,30,0,traffic_light
9.72,15.77,11.97,20.0,0,24.71,0.86,45,0,unknown
1.53,12.21,8.1,18.8,0,0.0,22.23,30,0,unknown
0.25,7.09,3.94,20.5,0,98.81,0.92,30,0,bus_stop
3.61,3.56,17.25,13.35,0,0.0,17.01,50,0,traffic_light
4.19,4.15,13.83,0.51,0,0.0,26.39,45,0,school
2.9,0.88,11.78,0.27,0,0.0,18.95,30,0,unknown
6.59,11.47,3.26,1.57,0,241.3,0.62,30,0,bus_stop
11.5,4.26,2.25,11.22,0,17.38,1.06,35,0,unknown
73.01,65.83,54.5,514.11,1,0.0,28.12,30,0,unknown
8.42,5.47,2.95,29.42,0,0.0,22.85,20,1.89,unknown
11.08,9.08,14.99,17.46,0,0.0,17.73,50,0,traffic_light
0.27,7.85,2.22,3.83,0,361.79,0.98,50,0,school
3.67,9.93,3.19,21.8,0,0.0,31.79,30,0.79,unknown
3.75,14.81,9.57,24.58,0,7.1,0.99,20,0,traffic_light
9.56,7.07,11.3,2.63,0,743.74,0.08,40,0,school
23.47,15.68,2.93,17.41,0,0.0,27.58,40,0,school
6.35,2.62,16.25,19.62,0,297.19,0.54,30,0,school
12.33,4.34,2.7,10.34,0,0.0,11.74,20,0,traffic_light
1.52,12.97,4.31,19.39,0,0.0,22.96,50,0,traffic_light
1.61,14.63,2.29,8.58,0,0.0,29.95,45,0,traffic_light
9.02,7.4,14.17,21.54,0,0.0,10.48,20,0,unknown
3.43,4.56,15.0,12.62,0,38.43,0.67,35,0,traffic_light
12.0,13.52,7.86,5.58,0,0.0,22.34,30,0,school
13.37,14.51,15.25,18.86,0,0.0,35.04,35,2.09,traffic_light
0.7,13.08,5.97,28.61,0,43.15,0.11,45,0,traffic_light
3.63,9.17,17.95,14.85,0,0.0,8.0,35,0,depot
1.63,9.28,12.02,5.43,0,0.0,42.63,40,0.68,traffic_light
12.85,15.38,5.79,3.43,0,0.0,36.82,35,3.65,traffic_light
0.3,11.12,6.03,25.31,0,327.0,0.27,45,0,school
3.14,4.31,4.21,10.7,0,0.0,12.78,20,0,school
0.65,2.56,7.59,17.86,0,0.0,17.61,20,0,traffic_light
0.41,3.34,8.75,18.98,0,151.85,0.14,35,0,school
3.65,11.28,9.39,2.22,0,75.07,0.17,40,0,unknown
3.37,5.04,4.73,15.14,0,311.7,0.63,20,0,depot
1.75,2.41,4.92,12.68,0,0.0,20.99,30,0,unknown
1.03,2.02,13.22,11.71,0,62.17,0.12,30,0,traffic_light
12.79,15.96,0.22,7.7,0,0.0,26.36,35,0,depot
33.34,0.78,9.45,22.38,0,0.0,14.64,50,0,bus_stop
4.79,5.46,2.25,17.99,0,0.0,10.81,20,0,depot
12.57,9.93,10.03,15.03,0,0.0,20.4,40,0,unknown
0.97,10.39,3.49,19.44,0,173.63,0.77,50,0,bus_stop
3.86,7.08,7.24,5.95,0,213.67,0.4,35,0,school
3.21,13.81,17.24,2.81,0,93.77,0.3,35,0,bus_stop
3.05,3.11,9.42,0.02,0,0.0,13.59,20,0,traffic_light
2.8,4.09,16.86,29.59,0,132.74,0.47,20,0,bus_stop
0.83,12.07,1.11,16.81,0,45.05,0.87,35,0,traffic_light
1.04,7.72,7.31,11.01,0,0.0,40.38,40,1.39,unknown
22.55,2.44,14.91,15.03,0,73.33,0.16,30,0,bus_stop
9.04,8.31,17.72,23.81,0,42.41,0.0,40,0,unknown
24.5,4.72,7.77,5.2,0,264.25,0.53,30,0,school
0.08,8.1,5.25,10.81,0,0.0,7.72,35,0,traffic_light
3.32,9.4,13.29,7.4,0,27.87,0.03,30,0,traffic_light
2.45,11.05,7.37,5.44,0,0.0,24.9,35,0,traffic_light
8.72,13.68,6.35,10.63,0,88.53,0.3,30,0,bus_stop
0.45,0.38,10.79,10.61,0,0.0,13.05,20,0,traffic_light
8.97,11.86,16.56,25.1,0,0.0,7.59,30,0,unknown
0.57,13.52,6.04,28.57,0,0.0,51.39,50,3.98,school
2.57,6.4,5.58,16.15,0,0.0,20.27,35,0,school
94.78,97.26,26.7,213.79,1,0.0,7.91,20,0,school
8.56,10.4,1.23,27.04,0,505.24,0.4,45,0,school
79.89,34.04,38.61,164.8,1,0.0,17.43,30,0,school
1.5,5.92,3.46,25.7,0,232.42,0.65,40,0,school
6.99,0.08,7.56,1.78,0,27.91,0.55,20,0,traffic_light
0.52,3.96,16.99,24.16,0,0.0,14.97,40,0,school
56.17,71.06,72.17,13.3,1,93.83,0.67,40,0,bus_stop
19.19,13.73,16.39,9.06,0,14.63,0.15,30,0,traffic_light
8.18,3.34,1.34,15.53,0,33.93,1.11,40,0,traffic_light
0.16,11.23,8.34,29.53,0,0.0,11.42,30,0,traffic_light
2.49,3.86,3.95,25.57,0,11.82,0.79,20,0,traffic_light
11.1,12.12,16.39,12.68,0,0.0,16.64,50,0,unknown
14.49,11.32,3.21,9.3,0,0.0,23.6,45,0,bus_stop
2.68,0.01,10.01,28.67,0,50.98,0.65,45,0,bus_stop
8.59,9.99,7.84,22.65,0,0.0,17.92,35,0,bus_stop
31.98,6.48,11.75,0.55,0,21.68,0.38,40,0,unknown
70.12,62.92,63.76,602.0,1,0.0,34.44,40,0,unknown
8.06,1.62,16.43,12.34,0,0.0,21.52,35,0,depot
2.51,5.47,2.79,14.55,0,112.26,0.16,30,0,bus_stop
18.91,11.61,12.8,9.45,0,0.0,22.52,45,0,bus_stop
1.66,4.0,17.0,13.66,0,0.0,9.89,20,0,traffic_light
6.04,6.96,10.5,11.78,0,0.0,15.24,20,0,traffic_light
5.47,0.88,1.6,11.64,0,295.81,0.76,45,0,school
8.53,11.31,5.27,19.57,0,0.0,25.47,40,0,unknown
13.79,2.18,0.62,15.65,0,0.0,10.9,20,0,traffic_light
4.21,13.53,0.88,11.5,0,0.0,28.47,30,0,traffic_light
12.88,3.97,2.58,23.54,0,0.0,9.04,50,0,bus_stop
11.06,4.92,4.79,20.24,0,0.0,19.6,40,0,bus_stop
3.34,14.84,10.88,6.97,0,141.67,0.76,20,0,bus_stop
15.96,13.67,2.24,26.06,0,0.0,9.87,50,0,unknown
5.86,15.07,8.93,11.7,0,0.0,19.55,35,0,bus_stop
79.3,27.87,51.89,329.27,1,0.0,42.53,45,0,traffic_light
4.36,13.81,12.0,8.75,0,0.0,30.13,30,0.83,traffic_light
1.21,5.95,8.93,4.6,0,23.76,0.33,30,0,unknown
26.25,0.27,7.9,29.06,0,451.86,0.94,50,0,depot
92.38,42.18,15.25,321.88,1,0.0,27.47,50,0,unknown
14.23,8.35,2.32,14.54,0,0.0,34.28,35,0,traffic_light
5.05,8.45,16.24,4.11,0,0.0,13.05,20,0,bus_stop
3.36,2.41,5.73,19.01,0,82.91,0.19,30,0,unknown
1.56,9.6,5.24,29.17,0,495.11,0.14,20,0,school
6.1,1.17,5.98,8.98,0,0.0,19.78,30,0,depot
5.73,5.4,0.26,19.95,0,0.0,35.28,45,0,bus_stop
6.03,6.65,5.66,2.45,0,0.0,33.21,40,0,depot
81.04,65.8,47.58,17.79,1,34.25,0.97,45,0,traffic_light
20.51,3.86,14.18,11.26,0,0.0,22.14,20,2.22,school
3.0,2.55,9.2,11.34,0,22.99,0.88,40,0,traffic_light
2.75,7.2,3.1,5.72,0,0.0,36.63,35,2.88,traffic_light
3.59,16.31,11.83,25.13,0,0.0,23.05,40,0,traffic_light
0.08,2.01,13.23,21.34,0,0.0,42.61,45,0,depot
7.43,16.91,13.76,24.02,0,0.0,16.0,20,0,bus_stop
63.78,68.63,23.89,0.06,0,5.77,0.0,30,0,traffic_light
1.24,10.14,4.25,3.3,0,68.19,0.97,35,0,bus_stop
17.63,4.09,8.42,6.14,0,0.0,17.51,30,0,depot
3.01,17.91,6.9,26.62,0,127.01,0.02,50,0,bus_stop
59.74,88.29,22.6,934.66,1,0.0,38.11,50,0,depot
3.69,9.21,2.92,8.47,0,0.0,10.6,20,0,school
13.47,9.46,16.82,14.53,0,8.14,1.03,35,0,unknown
1.35,11.0,6.65,6.18,0,0.0,29.38,30,0,unknown
7.38,4.64,0.67,6.57,0,0.0,35.15,40,0,unknown
6.81,16.97,11.01,23.39,0,0.0,14.99,35,0,bus_stop
4.55,17.05,14.83,12.44,0,0.0,17.96,20,0,unknown
1.78,13.4,16.28,24.06,0,0.0,8.95,35,0,unknown
6.31,15.59,17.83,17.99,0,0.0,19.78,35,0,bus_stop
15.78,12.1,13.57,5.14,0,0.0,11.94,50,0,unknown
11.11,13.77,4.22,7.25,0,75.31,0.39,35,0,bus_stop
16.0,14.69,6.49,22.94,0,196.06,0.36,45,0,bus_stop
26.81,4.32,12.01,18.71,0,57.19,1.05,40,0,bus_stop
65.73,15.51,35.9,179.16,1,0.0,41.59,40,2.49,bus_stop
1.13,13.81,9.06,12.83,0,695.94,0.61,50,0,depot
3.43,10.19,2.31,17.92,0,54.33,1.08,35,0,traffic_light
8.26,6.39,14.23,25.2,0,0.0,24.91,45,0,depot
6.1,11.71,14.77,16.66,0,0.0,13.99,30,0,traffic_light
1.42,4.5,8.71,7.8,0,0.0,27.3,30,0,unknown
23.51,9.61,14.49,27.18,0,0.0,12.3,35,0,school
3.98,2.45,13.15,9.82,0,0.0,10.88,40,0,depot
18.42,15.1,12.84,19.41,0,0.0,42.45,40,3.23,depot
4.87,13.36,3.98,26.94,0,0.0,9.02,40,0,school
4.91,16.6,8.76,22.52,0,36.2,0.43,50,0,unknown
3.91,7.83,1.54,6.26,0,0.0,41.04,45,0,bus_stop
1.62,5.51,8.62,0.38,0,0.0,11.64,20,0,unknown
13.11,4.48,9.06,20.16,0,0.0,33.21,40,0,unknown
60.33,61.84,68.81,407.32,1,0.0,23.71,40,0,depot
0.6,15.89,16.3,24.71,0,0.0,25.68,35,0,traffic_light
4.3,16.09,9.17,6.72,0,60.23,0.78,35,0,unknown
9.38,1.8,14.26,27.12,0,143.07,0.24,30,0,depot
3.31,3.77,15.39,23.8,0,0.0,13.6,20,0,bus_stop
1.58,16.99,8.6,9.93,0,43.23,0.32,35,0,traffic_light
1.11,9.57,17.39,6.61,0,0.0,11.72,50,0,school
1.33,9.14,3.07,14.04,0,13.88,0.4,30,0,traffic_light
4.01,11.48,1.0,15.74,0,265.44,0.73,45,0,school
11.62,1.16,9.48,19.16,0,36.9,0.76,45,0,traffic_light
2.54,9.18,0.56,7.19,0,0.0,36.86,45,0,bus_stop
5.27,3.26,6.71,5.65,0,0.0,34.59,45,0,traffic_light
1.8,11.31,10.71,20.05,0,20.07,0.54,50,0,traffic_light
0.92,5.18,7.81,27.46,0,29.84,0.79,35,0,unknown
6.28,8.4,12.35,17.66,0,0.0,46.72,50,0,traffic_light
7.55,10.76,3.39,24.9,0,0.0,15.69,35,0,bus_stop
0.24,15.47,13.59,17.55,0,0.0,11.17,50,0,bus_stop
11.66,0.26,7.25,26.36,0,0.0,11.28,30,0,traffic_light
0.11,0.57,6.71,10.29,0,64.86,0.39,20,0,bus_stop
23.41,3.51,3.68,5.99,0,0.0,10.3,20,0,unknown
9.94,9.82,13.97,24.79,0,673.58,0.45,35,0,depot
2.47,1.55,6.41,9.5,0,13.31,0.29,50,0,traffic_light
15.63,8.99,12.35,4.5,0,66.48,0.26,20,0,unknown
4.76,10.3,17.39,22.29,0,151.84,0.39,35,0,bus_stop
21.48,16.81,9.33,1.09,0,0.0,19.43,35,0,unknown
14.26,5.59,12.21,5.57,0,0.0,25.37,50,0,traffic_light
0.58,14.59,0.89,10.94,0,0.0,10.18,30,0,unknown
4.49,4.67,1.54,28.13,0,0.0,7.98,20,0,traffic_light
5.0,6.48,13.61,17.52,0,38.59,1.18,40,0,traffic_light
1.63,4.96,17.72,16.26,0,0.0,22.65,30,0,traffic_light
2.07,1.24,14.17,1.66,0,0.0,31.72,30,0.54,traffic_light
0.32,16.68,10.78,9.75,0,63.85,0.81,45,0,bus_stop
56.42,54.67,34.81,15.79,0,43.14,1.04,30,0,traffic_light
16.3,16.14,2.43,17.54,0,97.35,0.29,50,0,depot
4.59,14.85,17.52,20.33,0,0.0,29.04,45,0,unknown
22.08,11.24,12.57,26.89,0,0.0,12.63,35,0,bus_stop
30.95,99.77,65.36,22.21,0,85.39,0.8,50,0,unknown
0.78,5.08,0.43,1.81,0,0.0,14.05,40,0,school
14.22,5.2,6.76,9.39,0,22.14,0.01,50,0,unknown
23.4,16.69,8.08,26.03,0,575.76,0.97,40,0,school
7.72,8.2,14.48,25.32,0,0.0,17.92,50,0,depot
1.47,9.01,0.43,20.11,0,0.0,19.15,45,0,traffic_light
8.89,8.33,16.52,17.56,0,268.79,0.15,35,0,bus_stop
10.69,7.01,3.35,1.19,0,632.85,1.12,50,0,school
2.15,11.02,3.4,18.76,0,195.3,0.06,35,0,bus_stop
1.54,10.86,2.38,14.24,0,8.58,0.47,50,0,traffic_light
0.31,16.6,2.32,6.89,0,39.96,0.55,30,0,traffic_light
83.27,44.02,15.54,12.22,1,37.4,1.0,35,0,unknown
13.6,15.69,10.8,19.59,0,0.0,9.53,35,0,bus_stop
17.79,14.26,9.47,25.09,0,26.19,1.19,45,0,traffic_light
10.21,16.23,0.5,9.5,0,0.0,16.76,20,0,school
3.62,7.64,11.45,8.84,0,0.0,31.9,50,0,bus_stop
10.66,8.58,6.83,5.84,0,0.0,39.78,40,0,traffic_light
35,6.83,5.33,22.22,0,263.17,0.87,20,0,school
1.93,15.58,6.85,4.3,0,0.0,35.43,40,0,traffic_light
3.18,6.02,14.74,29.29,0,512.6,0.82,45,0,school
14.45,7.41,3.08,26.78,0,196.13,0.24,50,0,school
87.39,30.21,35.3,166.18,1,0.0,19.81,45,0,bus_stop
5.8,13.61,17.95,12.13,0,0.0,29.85,35,0,traffic_light
16.34,7.12,10.5,7.39,0,591.37,0.1,35,0,school
9.36,12.6,7.65,2.72,0,0.0,45.52,45,0.84,unknown
4.12,2.45,3.41,3.39,0,553.8,1.03,45,0,school
14.9,17.79,8.0,18.16,0,0.0,40.66,50,0,bus_stop
21.95,17.64,10.01,4.12,0,0.0,30.14,40,0,unknown
4.71,12.36,6.32,10.42,0,0.0,37.3,50,0,school
10.69,8.68,4.09,14.29,0,0.0,10.25,20,0,unknown
5.79,4.96,3.63,24.28,0,43.31,0.45,20,0,unknown
6.21,11.9,15.97,23.92,0,0.0,17.89,40,0,bus_stop
2.36,0.46,3.2,26.62,0,146.78,0.32,50,0,bus_stop
2.33,6.16,4.08,25.39,0,0.0,35.09,50,0,school
16.56,16.82,14.41,13.75,0,0.0,23.7,40,0,traffic_light
2.41,6.52,6.49,3.61,0,0.0,7.95,20,0,unknown
3.74,0.97,1.23,21.51,0,59.64,0.16,20,0,traffic_light
1.3,3.87,8.15,3.71,0,100.24,0.86,40,0,bus_stop
0.21,16.59,5.35,24.25,0,0.0,16.46,30,0,depot
6.89,15.93,11.94,22.62,0,178.8,0.36,50,0,school
7.91,2.03,1.54,19.23,0,0.0,15.61,30,0,traffic_light
34.51,11.77,1.43,29.34,0,0.0,42.13,40,1.55,depot
1.11,14.03,6.37,16.81,0,0.0,16.76,45,0,bus_stop
10.07,0.13,2.38,16.18,0,0.0,8.42,35,0,bus_stop
2.88,9.54,3.8,20.39,0,0.0,36.03,45,0,depot
4.06,0.67,13.58,11.34,0,16.48,0.94,40,0,unknown
2.68,16.66,5.74,23.94,0,0.0,26.43,35,0,unknown
2.16,17.68,7.27,0.25,0,718.58,0.7,40,0,depot
2.6,10.04,2.45,4.4,0,95.49,1.2,20,0,bus_stop
2.24,0.16,4.19,25.71,0,59.51,0.5,30,0,unknown
19.95,11.85,1.99,15.81,0,0.0,14.81,20,0,bus_stop
1.98,13.37,10.22,21.94,0,0.0,17.52,30,0,bus_stop
12.88,15.95,16.88,14.28,0,0.0,25.58,30,0,traffic_light
0.1,8.05,5.98,13.24,0,0.0,27.21,40,0,unknown
5.73,9.64,9.58,26.7,0,0.0,18.42,20,0,unknown
3.79,13.74,15.82,12.48,0,27.1,0.54,45,0,traffic_light
10.03,5.69,13.93,20.01,0,50.89,0.01,40,0,bus_stop
5.73,13.3,17.21,17.15,0,21.05,0.88,50,0,unknown
35,1.52,12.63,15.66,0,0.0,11.64,20,0,depot
5.61,15.48,11.61,15.12,0,0.0,21.78,35,0,depot
4.7,15.08,6.37,17.28,0,92.6,0.97,40,0,bus_stop
2.08,6.5,14.9,22.03,0,0.0,30.3,50,0,bus_stop
3.87,9.16,7.87,4.5,0,532.19,0.02,40,0,depot
5.71,9.77,17.75,5.17,0,10.31,0.28,20,0,traffic_light
4.93,15.09,14.5,9.15,0,16.03,0.35,30,0,traffic_light
5.51,6.69,14.89,29.28,0,143.7,0.16,50,0,bus_stop
12.74,12.04,11.1,22.69,0,0.0,20.31,30,0,bus_stop
3.13,14.93,16.58,28.89,0,0.0,28.32,40,0,traffic_light
35,0.81,12.68,8.83,0,0.0,42.96,45,0,traffic_light
1.18,14.59,0.05,16.03,0,53.78,0.69,40,0,bus_stop
0.27,13.55,1.96,26.43,0,0.0,22.69,40,0,unknown
0.17,2.27,14.78,19.75,0,0.0,13.28,20,0,bus_stop
54.47,37.88,35.95,226.47,0,0.0,21.52,35,0,unknown
0.43,2.35,0.14,24.9,0,20.68,0.98,40,0,unknown
51.64,94.11,48.2,29.25,1,48.42,1.12,50,0,traffic_light
9.92,6.74,6.52,10.6,0,28.7,1.04,20,0,traffic_light
11.28,1.12,6.28,2.77,0,0.0,34.1,35,0,traffic_light
1.35,6.22,17.92,22.98,0,0.0,7.09,40,0,school
5.65,12.82,10.12,2.41,0,223.8,0.5,45,0,school
3.26,17.59,2.05,23.38,0,19.43,1.18,40,0,traffic_light
4.88,12.86,11.04,13.02,0,0.0,13.75,35,0,school
10.21,8.07,17.07,17.88,0,0.0,29.73,40,0,traffic_light
9.08,8.12,3.48,20.38,0,0.0,15.7,30,0,traffic_light
2.06,1.81,11.06,12.83,0,0.0,16.27,45,0,bus_stop
5.12,15.01,4.33,10.77,0,0.0,22.33,30,0,traffic_light
2.5,13.38,17.19,21.68,0,55.34,0.99,45,0,traffic_light
3.57,9.24,14.72,22.75,0,0.0,11.88,35,0,school
6.1,8.09,3.72,19.48,0,0.0,39.43,50,0,school
3.59,14.86,16.09,22.12,0,0.0,39.89,40,0,traffic_light
46.61,96.35,61.68,584.81,0,0.0,21.85,35,0,depot
6.76,12.44,16.8,27.32,0,0.0,13.41,35,0,bus_stop
4.35,8.0,13.37,12.95,0,0.0,7.85,40,0,unknown
1.02,11.64,2.03,0.15,0,0.0,30.8,35,0,school
3.92,11.73,15.12,1.74,0,0.0,35.02,40,0,traffic_light
11.44,16.93,0.58,19.21,0,0.0,29.45,40,0,unknown
11.61,0.28,5.11,26.79,0,0.0,23.11,40,0,unknown
1.63,12.64,2.37,18.97,0,61.51,0.66,40,0,unknown
1.29,12.14,13.02,18.33,0,37.35,1.16,20,0,traffic_light
61.53,24.24,26.06,2.47,0,163.19,0.37,50,0,bus_stop
24.47,11.77,0.61,26.26,0,0.0,47.12,50,0,bus_stop
13.09,7.4,13.36,29.39,0,0.0,38.54,45,0,traffic_light
14.62,4.47,1.55,4.08,0,0.0,15.23,40,0,unknown
11.11,11.95,16.87,26.78,0,60.47,1.17,40,0,traffic_light
12.69,3.05,6.5,19.85,0,176.24,0.75,40,0,bus_stop
4.31,13.64,6.44,15.84,0,0.0,12.34,40,0,bus_stop
2.56,7.08,12.89,6.93,0,0.0,9.07,45,0,unknown
0.6,6.87,3.73,17.38,0,54.12,0.96,45,0,unknown
16.93,2.25,0.13,27.12,0,0.0,8.98,40,0,traffic_light
2.61,16.9,17.78,14.17,0,496.43,0.56,45,0,depot
2.74,3.7,2.41,0.61,0,0.0,16.88,35,0,unknown
6.23,13.65,8.52,1.54,0,211.6,1.01,40,0,school
1.41,6.37,5.39,4.84,0,0.0,27.46,40,0,unknown
0.99,13.98,6.32,17.62,0,0.0,43.23,50,0,school
0.22,17.79,1.1,7.43,0,0.0,11.59,30,0,school
11.36,13.07,12.67,1.95,0,0.0,24.13,30,0,bus_stop
14.5,1.72,16.58,17.46,0,0.0,33.95,50,0,school
2.09,4.16,15.42,14.92,0,0.0,16.05,35,0,unknown
37.76,32.0,55.49,132.32,1,0.0,14.88,20,0,school
4.29,0.91,16.76,14.11,0,45.14,0.64,45,0,traffic_light
7.87,7.23,6.02,4.71,0,257.96,0.12,35,0,bus_stop
2.76,1.93,17.6,19.75,0,0.0,9.23,20,0,school
1.03,10.56,0.68,16.85,0,0.0,19.2,20,0,unknown
0.96,2.44,17.34,10.67,0,64.45,0.69,50,0,unknown
3.58,0.1,15.46,24.84,0,116.48,1.1,45,0,school
4.52,9.89,5.34,23.5,0,0.0,43.41,50,0,bus_stop
3.9,3.61,5.0,5.34,0,0.0,7.85,50,0,traffic_light
11.53,17.34,5.41,10.46,0,0.0,10.33,20,0,depot
1.27,0.34,1.77,23.44,0,0.0,29.36,40,0,traffic_light
3.61,0.41,2.72,10.07,0,0.0,12.66,45,0,school
0.08,1.38,14.78,6.4,0,0.0,30.57,30,3.76,depot
3.86,12.17,17.62,17.39,0,146.57,0.37,35,0,bus_stop
0.89,13.6,4.74,19.74,0,0.0,8.19,40,0,school
1.31,17.4,8.19,18.72,0,64.41,0.11,35,0,unknown
9.75,14.97,15.52,6.56,0,74.16,0.71,35,0,unknown
5.66,4.21,12.31,11.92,0,0.0,7.21,30,0,traffic_light
5.21,9.35,8.64,19.47,0,0.0,17.21,50,0,unknown
9.28,5.07,0.48,24.25,0,67.98,0.87,40,0,bus_stop
4.36,2.85,10.06,1.92,0,0.0,17.02,20,0,traffic_light
4.33,11.52,3.3,5.76,0,125.96,0.22,40,0,bus_stop
7.18,17.91,11.55,26.24,0,0.0,45.81,45,0.23,bus_stop
11.85,16.87,1.62,8.9,0,31.78,0.5,50,0,unknown
7.62,2.04,16.92,26.38,0,5.08,0.44,30,0,traffic_light
5.53,4.17,5.34,21.4,0,19.34,0.89,20,0,unknown
21.0,12.08,3.1,7.85,0,0.0,8.49,40,0,bus_stop
18.2,8.32,7.88,25.75,0,0.0,13.96,35,0,bus_stop
0.98,12.45,8.8,23.21,0,0.0,30.45,35,0,bus_stop
1.66,7.98,10.29,27.26,0,0.0,26.33,35,0,school
5.01,15.23,4.84,12.24,0,0.0,19.62,20,0,traffic_light
19.22,6.75,3.71,26.4,0,0.0,14.15,40,0,depot
3.17,12.7,2.02,10.18,0,0.0,11.01,40,0,unknown
16.96,13.01,14.59,5.04,0,19.09,0.79,20,0,unknown
1.83,11.54,8.28,28.65,0,45.19,1.07,45,0,unknown
2.63,4.52,15.31,29.38,0,0.0,42.02,45,0,bus_stop
0.33,15.07,4.25,19.08,0,0.0,21.1,50,0,bus_stop
0.74,10.01,9.4,7.35,0,0.0,17.32,30,0,traffic_light
3.28,5.5,12.38,3.32,0,0.0,32.23,30,3.64,traffic_light
3.27,14.7,17.98,27.06,0,197.68,0.1,30,0,school
0.13,1.34,7.46,12.52,0,40.39,0.21,50,0,unknown
4.4,15.22,5.48,24.87,0,50.59,0.79,30,0,traffic_light
52.27,61.21,24.87,812.38,0,0.0,47.78,50,0,traffic_light
11.52,10.96,1.47,18.68,0,0.0,24.06,50,0,unknown
1.93,8.77,4.12,3.37,0,0.0,21.8,40,0,traffic_light
16.9,8.79,12.46,9.4,0,0.0,10.56,45,0,depot
40.1,16.11,74.46,93.94,0,0.0,21.0,35,0,traffic_light
3.55,4.08,5.26,5.28,0,0.0,21.48,20,1.16,unknown
1.43,8.2,0.61,6.0,0,46.94,0.62,30,0,bus_stop
15.76,15.64,1.81,17.27,0,0.0,14.19,45,0,traffic_light
0.79,12.74,17.2,16.48,0,295.67,1.02,40,0,school
0.95,3.97,17.89,22.64,0,0.0,46.68,45,0.86,unknown
23.05,12.5,13.3,6.92,0,0.0,25.99,50,0,unknown
7.56,7.41,7.54,2.05,0,0.0,34.8,35,0,traffic_light
5.57,2.73,6.74,13.74,0,14.95,0.36,50,0,traffic_light
2.3,17.25,1.05,24.83,0,70.62,0.81,30,0,unknown
1.88,11.65,5.4,25.94,0,0.0,8.96,20,0,bus_stop
11.27,16.96,14.2,4.65,0,28.41,0.64,20,0,unknown
1.13,8.99,1.45,24.34,0,172.21,0.01,50,0,school
4.09,11.56,7.58,21.68,0,0.0,20.25,30,0,traffic_light
16.27,17.2,0.09,19.7,0,0.0,19.36,30,0,unknown
29.43,1.33,4.64,10.91,0,15.38,0.05,20,0,traffic_light
3.47,0.18,9.67,6.9,0,42.37,0.55,35,0,bus_stop
13.17,14.38,10.73,8.18,0,72.4,0.87,40,0,unknown
3.82,0.23,3.23,14.04,0,0.0,22.03,45,0,depot
0.35,1.79,15.49,8.29,0,110.44,0.02,50,0,bus_stop
0.98,9.36,13.23,21.69,0,208.11,1.01,50,0,bus_stop
2.75,9.65,8.78,21.39,0,0.0,21.01,50,0,depot
42.64,38.64,42.95,230.98,1,0.0,21.52,30,0,bus_stop
11.43,1.15,9.38,22.04,0,72.19,1.2,50,0,unknown
0.97,4.92,12.85,22.67,0,13.9,0.41,40,0,unknown
4.79,12.19,6.24,11.44,0,76.45,0.75,20,0,unknown
2.95,15.48,11.68,20.98,0,35.98,0.59,40,0,unknown
0.16,7.76,6.69,27.79,0,0.0,24.06,40,0,traffic_light
4.13,3.38,9.0,14.9,0,0.0,8.28,40,0,depot
11.66,8.48,16.66,19.15,0,0.0,19.92,35,0,traffic_light
6.76,6.42,11.41,3.35,0,57.17,0.7,30,0,bus_stop
1.69,14.8,12.27,12.34,0,0.0,20.93,50,0,school
4.71,17.03,5.25,26.05,0,0.0,51.22,50,0.99,bus_stop
87.9,36.39,60.56,7.63,1,9.59,0.75,30,0,traffic_light
14.06,11.05,9.13,18.3,0,62.5,0.98,40,0,bus_stop
7.87,1.25,3.35,3.05,0,53.03,0.6,40,0,unknown
2.41,3.46,8.19,17.7,0,0.0,16.68,35,0,bus_stop
7.44,8.57,12.32,2.67,0,0.0,37.88,40,0,traffic_light
0.36,8.33,11.97,11.03,0,0.0,17.38,45,0,traffic_light
3.05,2.97,5.24,1.17,0,0.0,21.07,30,0,unknown
4.62,7.68,5.98,2.43,0,0.0,35.88,35,1.37,bus_stop
1.35,6.39,6.05,7.57,0,0.0,8.48,40,0,traffic_light
62.38,68.26,74.27,17.54,1,39.57,0.93,40,0,traffic_light
5.91,10.1,12.65,26.46,0,0.0,10.29,30,0,bus_stop
17.6,10.92,1.24,1.57,0,0.0,39.03,50,0,traffic_light
0.7,9.62,4.51,1.26,0,0.0,37.73,50,0,unknown
3.24,4.34,10.43,7.39,0,0.0,31.03,30,1.95,school
8.3,0.37,0.48,12.41,0,0.0,39.19,40,0,traffic_light
2.35,1.63,2.84,9.89,0,0.0,23.93,45,0,school
2.57,16.23,14.67,7.61,0,132.51,1.1,45,0,bus_stop
2.13,16.96,8.4,25.25,0,0.0,21.06,30,0,traffic_light
2.24,16.68,10.01,15.73,0,0.0,26.75,35,0,bus_stop
2.72,6.17,12.8,7.88,0,0.0,9.61,40,0,traffic_light
19.34,10.82,4.67,6.98,0,65.8,0.46,20,0,unknown
0.15,3.31,5.24,11.91,0,0.0,33.52,40,0,traffic_light
52.51,24.72,27.71,3.07,1,428.66,0.45,40,0,school
26.63,17.99,70.44,111.8,1,0.0,22.37,20,2.66,unknown
9.6,9.55,9.46,14.56,0,0.0,16.91,20,0,traffic_light
0.97,11.02,2.52,19.73,0,0.0,24.15,30,0,school
4.76,14.77,0.43,26.06,0,0.0,24.98,50,0,unknown
12.25,13.17,15.8,12.68,0,0.0,46.71,50,0,traffic_light
29.94,6.93,13.06,29.09,0,0.0,9.83,30,0,depot
55.69,69.47,47.81,206.17,1,0.0,10.68,20,0,unknown
11.67,12.28,10.82,27.15,0,0.0,46.04,45,1.91,traffic_light
0.85,8.03,15.82,16.68,0,0.0,8.09,30,0,traffic_light
10.22,13.14,14.94,1.39,0,36.11,1.04,20,0,traffic_light
15.0,2.58,2.33,28.57,0,0.0,36.04,50,0,unknown
18.22,4.49,7.6,27.31,0,0.0,22.43,20,2.98,school
2.45,6.57,13.25,4.93,0,502.46,1.0,30,0,depot
1.9,10.59,10.3,0.38,0,0.0,19.01,45,0,traffic_light
3.32,5.86,16.7,23.25,0,0.0,12.43,30,0,traffic_light
7.14,9.58,8.67,14.64,0,0.0,7.55,45,0,bus_stop
11.69,13.31,8.92,15.82,0,0.0,10.32,50,0,bus_stop
0.76,16.26,1.06,5.58,0,25.2,0.59,40,0,unknown
4.25,4.31,15.92,24.9,0,14.19,0.79,45,0,unknown
11.04,7.37,4.76,14.47,0,39.65,0.47,40,0,traffic_light
10.08,9.51,12.67,24.8,0,0.0,16.71,50,0,unknown
8.64,2.68,9.8,11.41,0,0.0,7.39,20,0,bus_stop
31.02,27.77,73.16,67.52,1,0.0,8.75,30,0,traffic_light
1.05,4.2,8.67,25.5,0,77.48,0.75,30,0,bus_stop
1.98,16.3,8.01,11.07,0,30.26,0.29,45,0,traffic_light
0.26,2.81,8.79,11.22,0,0.0,28.75,50,0,bus_stop
4.52,5.1,5.38,9.84,0,0.0,30.48,50,0,traffic_light
0.26,11.1,16.41,6.97,0,0.0,31.42,30,1.31,depot
10.52,13.83,7.47,8.73,0,0.0,43.8,45,0,traffic_light
0.9,0.88,3.92,14.88,0,55.09,0.85,35,0,bus_stop
2.43,1.62,5.15,13.21,0,151.24,0.65,20,0,school
1.45,13.9,15.96,14.78,0,65.62,0.86,30,0,traffic_light
14.5,13.15,14.37,17.94,0,42.16,1.05,35,0,traffic_light
15.1,13.87,4.01,15.05,0,0.0,20.63,40,0,traffic_light
5.11,8.27,2.93,5.71,0,0.0,17.52,20,0,school
1.75,13.61,15.23,27.59,0,0.0,16.5,45,0,bus_stop
2.21,5.14,9.42,9.53,0,0.0,37.47,35,3.22,traffic_light
3.11,12.51,15.03,14.81,0,0.0,35.63,35,2.99,bus_stop
3.3,16.5,0.61,25.8,0,64.26,0.87,30,0,traffic_light
3.76,2.37,1.46,17.98,0,90.96,0.89,50,0,bus_stop
12.58,17.48,4.48,10.15,0,0.0,20.22,35,0,traffic_light
84.23,87.67,18.67,728.78,0,0.0,29.93,40,0,bus_stop
1.28,0.29,11.89,21.35,0,0.0,10.95,35,0,depot
8.69,15.77,7.86,22.03,0,0.0,35.46,35,0.6,traffic_light
1.51,6.55,9.54,7.94,0,0.0,7.16,20,0,bus_stop
35,3.49,15.27,4.82,0,0.0,9.99,40,0,depot
0.02,1.72,4.16,22.01,0,0.0,33.0,45,0,school
2.06,3.43,12.6,9.76,0,342.49,0.69,35,0,school
5.23,10.74,2.46,29.33,0,59.9,0.16,50,0,unknown
5.09,6.91,16.37,5.1,0,0.0,38.68,50,0,bus_stop
4.54,11.71,11.85,24.03,0,21.1,0.89,30,0,traffic_light
3.28,2.47,0.83,17.73,0,9.2,0.12,50,0,traffic_light
8.88,0.34,10.46,21.13,0,0.0,25.09,40,0,unknown
7.83,16.87,9.97,10.76,0,218.22,0.06,30,0,bus_stop
35,11.53,1.12,4.94,0,0.0,20.72,30,0,school
0.9,8.38,1.07,26.01,0,147.46,0.67,20,0,bus_stop
1.33,0.93,2.32,15.64,0,0.0,18.48,45,0,bus_stop
10.5,6.07,6.84,1.65,0,0.0,30.27,40,0,unknown
12.33,11.23,2.18,15.33,0,242.37,0.23,40,0,depot
11.19,7.74,0.75,8.97,0,0.0,28.84,45,0,bus_stop
10.46,11.5,3.95,7.91,0,0.0,30.24,50,0,unknown
4.66,13.46,14.71,15.18,0,0.0,8.9,45,0,school
15.68,0.68,6.4,19.18,0,0.0,18.17,30,0,bus_stop
21.67,17.68,2.05,19.1,0,0.0,20.06,20,3.34,unknown
1.88,7.38,12.25,14.24,0,31.3,0.88,20,0,traffic_light
0.51,15.12,9.62,12.9,0,606.38,0.52,35,0,school
79.66,44.55,73.68,14.16,1,717.05,1.14,35,0,school
1.24,7.9,8.94,0.95,0,0.0,20.57,30,0,unknown
0.06,0.26,7.81,3.92,0,0.0,21.27,35,0,depot
1.59,16.47,10.46,2.56,0,143.75,1.11,35,0,bus_stop
1.64,3.86,17.5,9.03,0,0.0,24.41,30,0,unknown
40.76,80.82,36.63,1.53,1,117.84,0.07,20,0,bus_stop
8.63,0.62,5.67,17.1,0,0.0,32.74,50,0,unknown
1.74,10.75,10.26,15.74,0,60.35,0.15,35,0,traffic_light
0.74,17.72,7.41,0.47,0,0.0,7.28,40,0,bus_stop
1.95,7.08,11.8,29.32,0,110.71,0.13,20,0,bus_stop
1.73,1.22,9.91,13.14,0,20.74,0.21,45,0,traffic_light
1.96,13.89,1.13,3.22,0,0.0,12.56,40,0,unknown
5.46,17.29,9.61,10.31,0,0.0,11.41,30,0,unknown
0.84,0.5,0.28,25.07,0,511.0,0.55,30,0,school
5.19,13.66,9.36,22.3,0,13.26,0.97,30,0,traffic_light
8.99,2.15,9.35,22.17,0,0.0,19.54,20,0,school
3.25,14.41,9.73,2.71,0,28.08,0.37,45,0,traffic_light
2.44,0.1,3.79,27.78,0,0.0,16.4,40,0,school
3.36,7.13,4.61,18.79,0,0.0,23.16,45,0,school
3.68,4.06,14.97,10.39,0,0.0,31.5,30,3.84,school
5.94,6.86,0.06,6.14,0,0.0,19.28,20,0,depot
3.15,9.75,11.55,5.56,0,0.0,29.53,30,0,unknown
2.52,9.93,16.58,20.86,0,82.79,0.94,30,0,unknown
25.99,9.68,8.92,11.24,0,0.0,48.69,50,0,bus_stop
0.27,5.17,9.67,7.74,0,77.81,0.36,45,0,unknown
1.85,16.76,6.28,22.58,0,0.0,22.68,40,0,bus_stop
3.5,14.86,13.18,25.4,0,0.0,12.21,20,0,traffic_light
8.51,9.23,2.92,0.48,0,0.0,20.1,20,0.81,bus_stop
5.29,12.86,0.59,16.77,0,0.0,12.91,20,0,depot
14.51,3.62,14.88,9.36,0,0.0,24.81,45,0,bus_stop
2.85,16.36,8.42,27.93,0,0.0,41.48,45,0,bus_stop
0.3,11.05,5.18,0.55,0,0.0,35.35,45,0,unknown
2.58,15.08,7.95,13.74,0,57.57,0.27,45,0,bus_stop
8.59,13.38,9.8,19.01,0,0.0,24.55,30,0,traffic_light
0.72,16.62,11.21,17.64,0,0.0,13.08,40,0,unknown
1.74,12.13,5.3,16.88,0,0.0,7.95,45,0,bus_stop
1.78,3.7,9.31,19.88,0,0.0,20.33,45,0,bus_stop
0.1,16.72,10.03,2.15,0,49.54,0.74,30,0,unknown
1.18,8.59,12.39,15.36,0,0.0,31.43,30,2.61,school
7.76,4.71,11.45,9.59,0,109.85,0.77,35,0,school
6.6,1.2,14.68,2.91,0,0.0,39.77,45,0,bus_stop
1.42,2.5,11.38,4.49,0,10.92,0.21,40,0,unknown
8.24,10.59,7.59,4.94,0,325.43,1.12,50,0,depot
0.92,8.13,4.45,1.02,0,0.0,23.14,50,0,depot
23.26,8.68,0.12,21.18,0,0.0,22.54,30,0,bus_stop
5.35,2.44,11.46,24.75,0,442.7,0.34,45,0,depot
1.29,6.66,2.91,4.42,0,44.28,0.84,20,0,school
4.19,1.46,3.96,25.72,0,27.06,0.81,30,0,unknown
0.6,1.49,7.4,28.36,0,0.0,14.68,20,0,depot
8.09,9.68,11.46,1.72,0,28.15,0.8,20,0,traffic_light
7.57,7.66,12.49,6.83,0,0.0,9.6,30,0,depot
10.06,11.79,11.84,2.75,0,0.0,20.03,50,0,traffic_light
21.1,3.5,1.75,17.06,0,84.86,0.38,30,0,bus_stop
7.03,4.69,6.14,6.2,0,6.98,0.26,30,0,unknown
50.59,32.24,73.07,362.76,1,0.0,40.51,45,0,bus_stop
2.97,13.22,15.61,13.91,0,62.45,0.19,20,0,bus_stop
0.33,10.33,17.42,12.62,0,48.26,1.18,45,0,unknown
11.18,7.27,11.05,12.6,0,0.0,16.27,45,0,bus_stop
0.68,8.85,1.98,14.96,0,774.7,0.65,35,0,depot
1.7,17.18,2.5,19.01,0,141.71,0.15,50,0,school
6.19,0.65,1.46,23.12,0,0.0,22.2,35,0,unknown
3.44,3.09,14.59,4.0,0,36.6,0.75,30,0,unknown
8.31,17.17,11.74,22.42,0,0.0,13.92,30,0,bus_stop
4.51,16.71,11.17,19.58,0,15.67,0.75,35,0,unknown
2.71,7.63,7.9,12.86,0,33.47,1.15,40,0,traffic_light
2.15,2.02,7.37,20.45,0,33.39,0.29,35,0,unknown
15.92,16.15,3.75,2.87,0,0.0,17.18,30,0,school
4.57,17.12,17.24,21.02,0,0.0,12.86,30,0,traffic_light
3.83,3.71,1.23,4.47,0,0.0,20.65,20,1.24,school
14.76,14.57,2.25,7.52,0,0.0,24.36,35,0,traffic_light
19.3,2.41,8.74,23.09,0,0.0,29.66,30,0,school
4.6,0.83,9.34,4.55,0,427.94,0.46,35,0,depot
1.06,5.34,2.19,9.36,0,27.55,1.01,50,0,unknown
0.33,9.33,12.93,16.29,0,0.0,44.66,45,0,depot
2.59,13.17,9.45,19.64,0,0.0,26.9,35,0,school
0.88,11.52,11.82,18.35,0,0.0,38.59,45,0,bus_stop
14.22,6.07,1.58,13.88,0,177.53,0.53,40,0,bus_stop
5.34,4.19,15.58,8.32,0,0.0,11.6,20,0,bus_stop
10.9,14.78,9.79,19.04,0,541.28,0.7,30,0,depot
7.75,10.43,2.1,2.98,0,197.93,0.77,20,0,bus_stop
2.39,15.16,13.43,5.41,0,0.0,40.75,40,2.55,depot
8.57,0.68,4.94,4.3,0,181.13,0.24,30,0,school
10.37,5.6,1.03,19.69,0,0.0,13.79,20,0,bus_stop
15.47,9.69,14.88,4.63,0,0.0,21.72,40,0,traffic_light
2.29,4.34,3.03,24.73,0,121.6,1.01,20,0,bus_stop
10.16,4.89,6.68,24.05,0,27.67,0.42,30,0,unknown
8.01,17.42,16.83,2.5,0,0.0,12.41,20,0,unknown
21.35,14.7,8.93,4.62,0,0.0,40.78,40,1.35,unknown
4.56,12.16,4.77,14.66,0,32.61,0.7,50,0,traffic_light
0.36,12.59,15.08,16.57,0,0.0,28.45,40,0,unknown
13.53,6.06,2.33,8.54,0,0.0,46.95,50,0,traffic_light
8.78,8.91,6.3,8.59,0,0.0,34.88,40,0,bus_stop
1.8,3.93,12.17,24.39,0,43.7,0.21,20,0,traffic_light
9.67,6.71,6.55,21.7,0,33.61,0.26,20,0,traffic_light
3.49,17.37,9.93,6.77,0,0.0,31.63,45,0,traffic_light
5.8,16.28,10.36,25.55,0,12.28,0.44,30,0,unknown
1.92,5.54,15.91,19.33,0,368.95,0.06,20,0,school
6.45,4.28,4.98,13.76,0,25.9,0.27,20,0,traffic_light
8.61,8.12,6.26,10.21,0,216.53,0.31,45,0,bus_stop
0.02,4.26,6.01,28.63,0,0.0,21.96,20,2.14,unknown
3.4,6.64,4.05,6.66,0,0.0,23.04,30,0,unknown
1.77,12.46,1.94,1.02,0,464.5,0.31,40,0,school
4.49,8.89,0.6,4.97,0,0.0,27.8,50,0,traffic_light
0.98,14.36,10.56,16.29,0,0.0,26.0,30,0,unknown
10.71,12.47,2.77,1.32,0,11.93,0.8,30,0,unknown
3.41,10.43,10.62,14.55,0,0.0,23.81,30,0,traffic_light
4.32,9.91,0.49,29.79,0,56.19,0.2,40,0,traffic_light
17.87,10.42,8.94,26.52,0,273.65,1.14,30,0,bus_stop
11.12,8.86,4.58,22.37,0,24.34,1.19,35,0,traffic_light
2.14,2.58,11.73,8.79,0,0.0,16.43,35,0,bus_stop
6.71,3.12,0.97,29.96,0,127.8,0.86,35,0,bus_stop
3.4,11.04,7.09,29.66,0,0.0,38.38,40,0,depot
0.5,7.98,15.82,8.48,0,0.0,9.56,35,0,depot
5.27,6.34,6.09,26.87,0,0.0,12.47,45,0,depot
39.72,41.26,62.57,344.76,1,0.0,30.08,35,0,traffic_light
16.87,8.24,10.92,3.26,0,0.0,21.97,30,0,depot
1.24,9.56,3.93,27.98,0,0.0,13.8,45,0,bus_stop
6.58,11.1,5.89,1.08,0,22.25,0.73,40,0,traffic_light
6.62,6.95,8.81,9.07,0,440.66,0.44,20,0,school
9.96,4.01,8.6,13.53,0,48.96,0.81,30,0,unknown
11.92,2.88,6.38,20.65,0,23.0,0.12,50,0,traffic_light
3.16,14.71,2.95,0.2,0,0.0,12.66,50,0,depot
12.17,16.31,16.12,3.5,0,57.06,0.0,30,0,traffic_light
17.88,7.83,14.1,9.27,0,0.0,14.58,35,0,bus_stop
12.26,7.51,13.0,12.17,0,0.0,8.68,30,0,bus_stop
0.65,2.52,6.39,6.07,0,18.23,0.06,30,0,traffic_light
1.75,4.7,4.65,28.74,0,0.0,21.58,30,0,unknown
4.43,14.91,2.21,1.15,0,0.0,27.44,50,0,unknown
6.38,2.56,9.76,6.88,0,0.0,14.22,20,0,bus_stop
0.19,11.79,13.79,10.14,0,0.0,20.3,30,0,traffic_light
1.35,0.46,6.82,4.79,0,0.0,14.19,20,0,traffic_light
1.4,0.11,15.03,27.23,0,0.0,15.25,20,0,traffic_light
2.09,13.43,4.04,1.81,0,0.0,9.25,50,0,traffic_light
14.47,0.39,6.3,23.04,0,100.44,1.07,45,0,bus_stop
0.87,12.88,9.12,17.19,0,0.0,22.71,50,0,depot
2.92,12.09,9.33,23.74,0,0.0,15.16,40,0,unknown
1.89,9.61,12.75,18.69,0,0.0,44.01,50,0,school
14.64,7.9,2.1,4.35,0,0.0,27.79,50,0,school
1.01,6.13,15.42,3.58,0,0.0,24.82,40,0,unknown
6.41,11.83,13.35,23.77,0,55.99,0.7,35,0,bus_stop
1.17,11.92,8.47,24.77,0,20.19,0.48,30,0,unknown
4.1,1.3,7.46,7.48,0,9.23,0.57,30,0,unknown
2.42,10.24,9.77,0.06,0,0.0,27.63,30,0,traffic_light
2.69,0.23,14.11,25.25,0,51.9,0.9,20,0,unknown
0.14,0.69,15.98,18.71,0,0.0,14.32,20,0,school
8.13,6.59,8.21,15.1,0,0.0,41.67,50,0,unknown
9.4,5.99,11.41,8.13,0,0.0,8.16,20,0,depot
1.25,13.46,7.19,26.5,0,0.0,20.73,30,0,depot
0.78,10.97,3.54,26.51,0,0.0,34.8,35,0,depot
1.52,17.06,11.07,1.9,0,186.79,0.08,40,0,depot
3.53,6.16,4.78,22.84,0,0.0,7.52,20,0,bus_stop
8.83,1.57,7.04,24.98,0,0.0,33.76,35,0,school
2.61,1.06,5.23,4.51,0,0.0,29.24,30,0,unknown
1.98,3.69,7.95,1.28,0,59.72,0.35,45,0,traffic_light
6.73,0.19,12.49,26.02,0,0.0,37.94,45,0,traffic_light
11.25,15.96,4.88,10.6,0,621.76,0.65,30,0,school
14.5,10.17,11.19,15.19,0,0.0,34.71,35,0,school
0.38,2.76,16.92,21.26,0,0.0,27.04,50,0,bus_stop
0.09,14.36,4.36,12.32,0,37.42,0.64,50,0,traffic_light
0.8,0.59,2.01,16.37,0,0.0,16.89,35,0,traffic_light
11.62,13.59,16.1,22.56,0,288.36,0.24,45,0,school
4.27,4.04,4.07,15.21,0,40.41,0.03,50,0,unknown
2.06,3.4,4.31,27.94,0,0.0,10.23,40,0,traffic_light
1.39,13.88,7.99,29.78,0,0.0,14.53,50,0,unknown
4.84,16.89,7.84,13.26,0,0.0,29.66,40,0,school
8.1,11.64,0.24,3.07,0,94.11,0.61,20,0,school
3.62,0.05,12.41,23.45,0,0.0,22.79,40,0,traffic_light
1.34,15.87,17.56,1.43,0,0.0,18.02,20,0,unknown
29.06,5.23,17.83,25.61,0,0.0,26.85,50,0,unknown
6.2,4.65,2.56,14.0,0,0.0,39.79,45,0,school
3.63,10.62,4.92,25.92,0,70.33,0.4,30,0,school
50.51,80.34,51.85,13.69,0,37.04,0.61,20,0,unknown
11.09,5.85,14.84,9.68,0,361.08,0.38,50,0,school
4.96,14.97,4.66,10.01,0,0.0,21.74,30,0,bus_stop
65.85,52.45,22.76,219.58,0,0.0,15.07,35,0,unknown
0.87,2.89,8.65,7.33,0,31.81,1.12,30,0,bus_stop
18.71,2.52,8.28,0.95,0,0.0,31.03,30,3.72,bus_stop
0.33,10.67,7.13,17.5,0,76.39,0.57,30,0,bus_stop
17.67,8.07,13.91,10.88,0,19.72,0.06,45,0,traffic_light
5.35,16.98,3.61,25.8,0,43.75,1.11,40,0,traffic_light
0.06,12.39,7.5,6.59,0,55.0,0.31,50,0,unknown
1.66,8.69,7.0,14.35,0,784.53,0.28,30,0,school
3.58,2.71,15.77,0.26,0,0.0,28.43,40,0,school
67.84,22.15,41.95,0.85,1,40.72,0.14,20,0,traffic_light
10.22,12.75,1.75,8.36,0,0.0,10.35,30,0,bus_stop
12.7,6.78,5.12,27.27,0,16.71,0.55,45,0,unknown
2.89,8.84,4.21,24.34,0,0.0,37.95,45,0,bus_stop
1.94,1.29,1.55,29.98,0,0.0,25.36,50,0,bus_stop
0.5,5.49,8.89,3.21,0,0.0,15.29,35,0,traffic_light
11.23,17.61,11.74,26.9,0,174.19,1.18,40,0,bus_stop
5.65,15.57,2.74,4.03,0,274.29,0.37,50,0,bus_stop
1.1,1.81,9.91,12.83,0,0.0,40.19,45,0,unknown
4.29,8.03,5.87,27.4,0,33.06,1.02,35,0,traffic_light
1.76,6.59,11.09,0.03,0,0.0,11.27,20,0,school
1.96,11.63,5.91,6.99,0,42.93,0.01,30,0,traffic_light
1.51,6.36,12.05,25.87,0,0.0,25.76,35,0,traffic_light
4.52,4.77,15.85,9.59,0,0.0,19.42,20,0,unknown
65.3,46.29,18.91,184.99,1,0.0,14.39,35,0,unknown
7.51,9.85,0.33,21.63,0,0.0,27.59,40,0,school
66.79,29.54,71.29,0.98,1,23.51,0.12,45,0,traffic_light
7.15,3.66,2.14,4.93,0,0.0,23.05,30,0,traffic_light
31.45,15.82,6.29,28.4,0,19.51,0.74,50,0,unknown
0.87,10.17,12.35,10.94,0,106.61,0.12,50,0,bus_stop
1.24,5.99,16.93,19.29,0,116.19,0.22,20,0,school
15.82,4.6,5.2,18.35,0,18.08,0.74,45,0,traffic_light
5.99,17.75,0.78,27.01,0,0.0,20.98,45,0,unknown
9.87,13.39,15.54,11.4,0,185.34,0.49,45,0,school
3.32,10.67,6.67,7.45,0,55.28,0.96,40,0,unknown
7.05,14.74,2.68,10.94,0,83.04,0.59,30,0,unknown
20.3,2.5,11.09,27.12,0,0.0,34.15,40,0,school
2.9,17.81,16.1,22.02,0,0.0,27.92,50,0,depot
6.72,12.51,7.36,26.84,0,0.0,17.9,20,0,traffic_light
14.39,11.24,3.22,1.54,0,0.0,13.41,35,0,depot
5.19,1.84,1.97,20.84,0,24.04,0.5,45,0,traffic_light
3.21,11.53,17.41,1.6,0,0.0,21.3,20,1.09,traffic_light
21.26,10.41,15.18,23.79,0,0.0,39.39,45,0,bus_stop
5.9,3.5,5.78,17.37,0,50.61,0.84,50,0,traffic_light
1.41,15.57,11.63,27.38,0,181.95,0.95,35,0,depot
2.85,6.77,6.32,8.2,0,0.0,30.33,45,0,traffic_light
1.23,8.33,9.0,25.16,0,0.0,20.52,40,0,bus_stop
1.67,14.62,5.04,2.49,0,210.39,0.46,40,0,bus_stop
86.84,30.25,51.24,103.25,0,0.0,12.29,45,0,bus_stop
7.03,5.29,0.6,29.5,0,22.97,0.42,35,0,unknown
4.23,15.48,11.96,10.68,0,316.99,0.8,35,0,school
9.1,1.19,0.8,8.88,0,12.04,0.28,20,0,unknown
9.8,10.78,17.76,26.18,0,0.0,26.92,40,0,school
2.76,5.87,7.43,14.99,0,0.0,19.56,35,0,school
2.18,10.71,10.16,1.84,0,0.0,15.28,30,0,unknown
9.27,11.99,15.5,13.76,0,0.0,46.25,50,0,traffic_light
10.39,0.7,3.37,8.56,0,0.0,42.38,40,2.35,unknown
6.28,4.38,9.74,24.12,0,50.63,0.35,45,0,unknown
4.61,3.31,1.83,5.91,0,30.0,1.19,45,0,unknown
2.67,10.34,1.14,3.03,0,0.0,20.0,20,0,school
0.23,3.76,11.52,13.17,0,39.37,0.1,45,0,traffic_light
20.52,5.6,11.68,4.12,0,0.0,15.74,20,0,traffic_light
3.46,3.02,13.01,4.0,0,0.0,10.16,50,0,traffic_light
57.96,58.26,36.57,306.46,1,0.0,18.94,50,0,school
5.49,11.76,8.23,19.78,0,63.95,0.02,50,0,bus_stop
5.2,2.03,5.97,2.51,0,0.0,31.65,50,0,unknown
0.39,0.7,6.66,5.88,0,0.0,24.86,50,0,traffic_light
1.71,10.09,0.99,29.96,0,30.69,1.09,40,0,traffic_light
6.24,9.95,11.43,24.41,0,0.0,26.0,30,0,unknown
3.17,3.46,9.45,13.64,0,0.0,22.53,20,3.68,school
15.67,17.85,1.98,14.2,0,0.0,11.8,20,0,unknown
4.21,2.9,12.64,10.04,0,0.0,33.55,35,0,school
3.45,15.01,10.88,12.56,0,14.37,1.13,50,0,unknown
13.37,16.74,13.13,24.04,0,15.49,1.01,30,0,unknown
4.46,7.39,2.85,29.2,0,0.0,13.81,45,0,bus_stop
10.64,13.61,1.54,20.3,0,0.0,20.68,20,1.02,school
9.09,15.84,6.13,16.57,0,0.0,11.24,20,0,bus_stop
4.61,10.6,10.13,15.73,0,0.0,18.33,20,0,bus_stop
13.52,7.78,3.83,9.64,0,62.07,0.7,50,0,unknown
12.12,0.25,4.91,4.58,0,0.0,15.28,45,0,school
4.74,12.77,13.27,24.49,0,0.0,22.44,30,0,bus_stop
1.13,7.12,17.57,8.01,0,0.0,22.58,20,0.57,traffic_light
1.95,4.15,2.39,24.7,0,17.84,1.09,20,0,traffic_light
5.85,5.21,12.64,28.0,0,0.0,47.0,50,0,bus_stop
8.87,17.3,15.95,22.51,0,35.73,0.53,20,0,unknown
34.53,95.59,35.05,532.35,1,0.0,20.05,40,0,school
9.7,6.21,9.82,12.86,0,0.0,37.45,45,0,traffic_light
2.66,5.3,7.29,5.44,0,0.0,8.37,50,0,traffic_light
0.91,7.08,5.77,13.55,0,374.28,0.02,20,0,depot
5.9,6.99,6.95,23.18,0,0.0,31.74,50,0,bus_stop
56.71,19.55,67.8,1.46,1,284.86,0.27,45,0,school
24.22,1.22,5.17,4.97,0,0.0,18.03,45,0,depot
2.97,5.44,16.9,18.36,0,0.0,7.87,20,0,bus_stop
1.7,8.14,11.05,7.64,0,0.0,12.61,35,0,traffic_light
82.05,57.57,55.62,1.15,1,53.94,0.07,30,0,school
2.84,10.24,13.05,10.97,0,0.0,11.79,20,0,depot
0.14,9.57,15.51,17.92,0,0.0,9.48,40,0,unknown
4.02,14.72,10.51,29.16,0,0.0,47.56,45,2.48,traffic_light
56.1,44.61,74.71,12.9,1,68.68,1.04,35,0,school
2.97,16.7,14.05,22.08,0,0.0,27.64,30,0,traffic_light
11.14,6.6,16.73,0.0,0,559.53,0.52,40,0,depot
0.08,14.56,13.92,15.47,0,0.0,20.74,40,0,school
6.73,3.85,14.34,1.99,0,37.05,0.89,30,0,unknown
16.74,17.67,16.2,5.92,0,0.0,13.1,20,0,traffic_light
16.83,9.39,13.68,14.54,0,44.08,0.23,30,0,traffic_light
3.23,11.06,2.34,2.14,0,0.0,25.97,45,0,unknown
14.99,2.08,7.38,8.32,0,0.0,40.4,45,0,bus_stop
64.41,19.3,60.55,1.05,1,152.78,0.2,20,0,bus_stop
0.01,8.91,3.3,18.4,0,0.0,39.51,50,0,traffic_light
5.24,0.57,11.96,9.42,0,0.0,40.81,50,0,traffic_light
1.28,5.83,8.6,15.83,0,0.0,12.29,50,0,unknown
6.33,16.06,12.03,23.6,0,0.0,15.15,20,0,unknown
5.6,13.08,10.05,18.18,0,0.0,40.69,45,0,traffic_light
5.87,10.84,5.54,15.77,0,0.0,31.15,40,0,depot
4.26,8.86,14.47,17.86,0,15.89,0.05,50,0,traffic_light
0.74,12.67,13.89,29.04,0,12.55,1.13,45,0,unknown
8.65,5.86,3.93,27.76,0,0.0,24.72,50,0,unknown
61.68,60.49,58.14,137.08,1,0.0,8.16,20,0,bus_stop
3.16,7.25,15.1,6.66,0,829.37,0.03,30,0,school
2.69,4.49,13.65,0.51,0,54.02,0.69,40,0,bus_stop
1.1,8.5,17.71,10.75,0,0.0,33.69,35,0,depot
75.15,88.65,47.63,1123.66,1,0.0,45.63,45,2.93,unknown
3.09,12.25,3.55,10.47,0,0.0,13.64,20,0,school
11.38,11.18,1.98,26.97,0,782.03,0.18,20,0,school
8.4,12.0,4.31,27.58,0,67.06,0.21,30,0,traffic_light
0.33,12.7,6.77,4.47,0,0.0,42.73,45,0,bus_stop
14.12,15.01,1.28,9.54,0,0.0,35.11,35,0.11,depot
2.89,14.04,5.36,17.26,0,0.0,25.24,30,0,school
24.8,5.28,13.87,2.9,0,0.0,34.03,40,0,school
28.36,1.93,17.02,22.58,0,0.0,13.85,35,0,school
1.41,3.59,7.92,29.57,0,245.28,1.2,40,0,bus_stop
0.79,14.8,1.73,17.1,0,0.0,22.49,20,1.47,unknown
10.69,5.82,5.79,6.21,0,0.0,40.59,40,0.07,traffic_light
15.99,13.76,9.29,1.41,0,0.0,34.64,45,0,bus_stop
27.89,88.05,40.14,486.22,0,0.0,19.88,20,0,traffic_light
0.42,2.39,11.19,15.16,0,0.0,33.74,45,0,depot
12.19,13.35,4.29,10.2,0,0.0,31.48,45,0,unknown
9.59,2.71,5.83,3.93,0,0.0,13.47,45,0,depot
8.19,9.33,15.75,12.92,0,0.0,39.62,40,0,school
1.08,4.32,4.66,11.7,0,0.0,41.36,40,2.5,school
5.24,14.56,2.54,6.67,0,100.47,0.95,50,0,bus_stop
80.36,68.74,41.96,22.34,1,15.24,1.17,20,0,unknown
0.36,14.59,11.73,9.11,0,69.57,1.18,40,0,unknown
10.67,7.62,3.14,22.83,0,0.0,19.4,35,0,school
16.78,14.41,14.23,25.78,0,50.21,0.08,20,0,traffic_light
3.13,2.16,9.69,29.08,0,27.81,0.61,45,0,unknown
82.57,55.73,36.53,314.3,0,0.0,20.3,20,3.04,depot
27.51,3.35,14.94,27.73,0,0.0,13.92,30,0,depot
4.33,15.72,9.66,17.41,0,20.91,0.92,35,0,traffic_light
2.81,3.14,12.75,24.89,0,42.55,0.97,50,0,traffic_light
26.12,15.28,6.0,25.27,0,0.0,18.37,45,0,bus_stop
21.94,11.02,7.6,23.94,0,28.0,0.02,35,0,traffic_light
2.32,1.27,13.96,25.38,0,169.5,0.03,30,0,bus_stop
24.21,4.79,8.52,3.63,0,0.0,35.79,45,0,depot
0.32,2.4,16.23,3.01,0,0.0,37.6,45,0,school
5.65,6.15,14.84,13.86,0,298.5,0.38,20,0,school
44.94,86.72,71.16,346.46,1,0.0,14.38,20,0,unknown
1.44,1.89,13.3,23.46,0,0.0,8.2,30,0,bus_stop
1.04,11.57,0.41,25.9,0,0.0,9.93,30,0,school
2.45,2.76,1.66,25.83,0,0.0,14.53,30,0,traffic_light
1.31,13.06,5.79,24.25,0,0.0,15.78,50,0,bus_stop
9.94,4.64,6.11,25.8,0,21.21,0.8,50,0,traffic_light
7.01,10.45,7.74,28.97,0,0.0,8.85,35,0,school
5.03,4.06,8.48,20.04,0,0.0,22.87,20,1.12,bus_stop
3.46,12.7,4.11,28.5,0,0.0,18.54,20,0,bus_stop
7.28,8.59,11.51,1.74,0,0.0,19.99,45,0,traffic_light
5.42,16.45,7.54,10.17,0,0.0,46.6,45,3.8,unknown
35,6.58,17.97,13.15,0,384.12,1.14,45,0,depot
9.49,2.65,11.8,19.98,0,0.0,20.67,30,0,traffic_light
5.4,11.65,7.13,20.74,0,0.0,29.17,35,0,unknown
8.09,4.4,4.85,17.05,0,0.0,34.71,50,0,depot
0.87,8.43,6.52,11.38,0,229.6,1.13,30,0,school
8.56,16.71,17.58,27.82,0,0.0,16.27,50,0,depot
7.04,2.58,12.13,3.35,0,0.0,20.89,35,0,traffic_light
1.44,9.85,4.3,21.51,0,0.0,17.79,50,0,depot
2.01,3.87,14.9,20.38,0,425.66,0.15,30,0,school
1.9,8.69,2.4,4.41,0,49.43,1.1,40,0,bus_stop
4.18,7.07,11.25,6.44,0,0.0,18.49,20,0,school
2.62,11.96,3.02,14.7,0,0.0,10.7,20,0,depot
0.66,6.12,0.56,24.97,0,0.0,24.14,45,0,depot
29.27,98.91,50.08,27.65,0,142.39,1.01,45,0,depot
8.36,15.8,15.81,21.45,0,0.0,20.37,20,2.4,bus_stop
5.29,5.28,17.97,1.33,0,0.0,12.32,45,0,bus_stop
3.89,8.31,14.18,23.36,0,641.2,0.2,40,0,school
13.06,10.07,6.93,29.06,0,384.59,0.59,40,0,school
16.28,14.92,8.94,7.48,0,215.92,0.04,40,0,bus_stop
5.3,7.46,3.88,12.5,0,0.0,44.95,45,0,depot
8.69,15.64,5.06,0.44,0,0.0,25.13,30,0,unknown
5.68,10.71,5.13,21.98,0,0.0,18.29,20,0,unknown
3.17,9.18,2.99,10.34,0,15.12,0.99,20,0,traffic_light
1.69,6.05,9.35,14.62,0,42.52,0.56,45,0,bus_stop
36.04,42.4,15.44,110.17,1,0.0,9.35,20,0,bus_stop
34.3,59.79,61.41,204.25,1,0.0,12.3,20,0,traffic_light
7.8,8.6,15.29,24.77,0,0.0,9.13,30,0,school
5.64,1.71,3.1,3.17,0,41.8,0.04,45,0,traffic_light
10.21,15.17,2.49,9.65,0,63.14,0.16,35,0,bus_stop
10.18,5.77,17.22,3.31,0,0.0,14.74,35,0,traffic_light
87.7,58.51,46.91,281.53,1,0.0,17.32,35,0,traffic_light
4.49,4.96,17.28,3.57,0,0.0,18.85,50,0,depot
0.73,15.28,3.02,2.91,0,48.21,0.36,40,0,unknown
7.34,3.69,2.92,21.19,0,0.0,19.36,35,0,depot
10.43,11.75,15.01,18.84,0,0.0,13.07,20,0,unknown
2.63,4.35,2.06,20.51,0,44.76,0.05,35,0,traffic_light
27.36,1.14,11.47,12.58,0,35.23,0.62,30,0,traffic_light
43.96,92.59,57.89,556.7,0,0.0,21.65,20,0.7,traffic_light
0.35,15.19,15.95,21.09,0,298.87,0.31,40,0,school
4.39,0.83,13.85,2.79,0,63.7,0.36,45,0,depot
0.11,17.2,7.21,4.11,0,0.0,21.01,20,2.52,school
12.66,12.96,2.48,6.09,0,445.22,0.75,45,0,school
86.97,16.76,52.78,0.01,1,268.07,0.0,50,0,school
2.14,8.98,9.96,17.82,0,0.0,15.3,20,0,unknown
0.77,13.37,2.1,20.3,0,13.78,1.07,50,0,traffic_light
3.41,2.03,1.16,21.48,0,272.64,0.75,40,0,school
13.89,13.45,15.91,20.98,0,0.0,41.29,40,2.96,school
4.72,0.19,6.8,26.93,0,0.0,13.63,40,0,depot
2.42,16.02,9.28,26.62,0,20.97,0.05,20,0,traffic_light
1.15,8.47,7.6,27.41,0,66.24,1.07,35,0,unknown
0.35,1.19,4.48,0.81,0,56.29,0.71,40,0,unknown
35.78,39.16,23.75,6.36,1,61.72,0.58,35,0,bus_stop
2.72,1.6,8.97,19.07,0,0.0,43.79,45,0,traffic_light
0.45,13.03,4.43,17.73,0,0.0,19.48,50,0,depot
4.86,4.72,8.67,2.34,0,0.0,18.13,40,0,bus_stop
0.81,14.99,10.92,18.86,0,0.0,26.49,50,0,traffic_light
6.69,17.64,7.24,1.83,0,0.0,14.06,20,0,unknown
7.03,11.74,2.35,12.4,0,0.0,21.57,50,0,bus_stop
0.41,17.15,2.97,29.84,0,0.0,17.89,35,0,bus_stop
1.99,6.55,5.44,23.01,0,0.0,41.61,45,0,bus_stop
5.84,6.61,13.22,29.17,0,0.0,13.4,50,0,school
11.11,3.92,14.87,29.99,0,0.0,9.87,50,0,traffic_light
1.64,7.22,12.21,7.87,0,0.0,11.05,40,0,unknown
8.51,12.46,12.44,23.75,0,89.53,1.06,45,0,bus_stop
7.3,13.99,7.83,5.0,0,0.0,25.75,40,0,traffic_light
12.98,13.62,1.94,28.99,0,0.0,36.67,50,0,depot
8.9,12.85,2.6,21.99,0,191.79,0.18,40,0,bus_stop
2.75,11.67,3.2,8.59,0,0.0,41.99,45,0,school
5.58,6.04,5.18,16.08,0,26.27,0.25,35,0,depot
9.76,16.86,6.21,26.44,0,36.32,0.12,50,0,traffic_light
12.54,5.16,4.25,10.19,0,30.81,0.91,40,0,unknown
2.24,16.95,6.54,10.65,0,19.15,1.04,30,0,traffic_light
1.39,12.94,14.24,28.43,0,0.0,17.18,30,0,unknown
0.68,5.94,6.45,25.5,0,0.0,29.83,35,0,bus_stop
0.98,16.5,14.65,2.21,0,0.0,26.67,45,0,school
4.55,11.97,10.47,28.35,0,131.44,0.4,45,0,depot
42.59,72.79,31.64,396.62,1,0.0,19.62,20,0,unknown
1.09,16.21,11.0,15.93,0,0.0,24.97,50,0,school
4.27,2.82,1.21,27.35,0,0.0,8.48,30,0,bus_stop
1.29,0.16,14.82,16.22,0,0.0,44.71,45,0,school
2.25,3.41,2.53,1.39,0,0.0,19.85,35,0,traffic_light
0.67,3.69,14.72,22.3,0,22.04,1.1,20,0,traffic_light
3.69,3.97,4.35,27.84,0,0.0,9.78,40,0,traffic_light
6.59,2.65,7.55,0.37,0,531.6,1.02,40,0,depot
2.22,11.58,9.84,13.81,0,0.0,25.05,35,0,bus_stop
2.05,11.52,10.4,3.55,0,25.39,1.04,40,0,unknown
4.59,0.41,3.24,1.31,0,0.0,20.78,20,1.33,unknown
3.21,2.09,9.52,17.11,0,0.0,36.37,45,0,school
5.2,10.57,7.02,10.68,0,0.0,9.92,30,0,traffic_light
5.94,17.31,10.11,9.51,0,0.0,11.35,20,0,bus_stop
2.92,16.33,11.58,9.75,0,0.0,36.49,45,0,school
12.27,6.62,15.6,5.45,0,0.0,18.35,20,0,traffic_light
1.07,3.71,10.94,1.83,0,0.0,9.55,40,0,school
0.06,0.27,10.69,21.89,0,0.0,32.93,30,3.25,school
2.34,12.28,14.6,16.68,0,0.0,42.23,50,0,traffic_light
8.11,0.79,10.15,1.18,0,0.0,16.89,40,0,unknown
0.62,12.89,17.04,12.45,0,0.0,30.03,50,0,unknown
0.68,7.07,1.26,27.14,0,0.0,38.44,40,0,depot
3.66,4.35,11.76,18.22,0,0.0,31.76,35,0,bus_stop
3.26,13.91,1.92,27.35,0,126.4,0.76,20,0,bus_stop
5.99,8.67,8.13,11.58,0,0.0,29.21,35,0,school
88.16,13.59,17.6,3.42,0,119.22,0.91,20,0,depot
1.37,14.61,13.96,20.36,0,38.72,0.43,35,0,traffic_light
0.27,16.77,5.98,1.68,0,0.0,14.01,30,0,traffic_light
3.33,13.72,7.4,13.7,0,0.0,23.65,45,0,traffic_light
5.84,0.63,10.04,20.17,0,138.88,0.69,20,0,bus_stop
1.23,2.01,12.65,21.77,0,0.0,21.8,40,0,bus_stop
0.03,9.31,3.14,24.05,0,0.0,28.93,35,0,school
24.38,13.7,5.67,4.12,0,56.93,0.75,50,0,traffic_light
15.55,16.62,16.63,8.62,0,0.0,8.12,35,0,unknown
1.13,1.89,5.11,2.57,0,0.0,49.74,50,0,bus_stop
16.11,11.95,16.36,12.21,0,0.0,41.98,40,1.65,bus_stop
16.72,1.92,7.13,8.57,0,0.0,25.07,35,0,school
12.46,10.79,15.12,19.68,0,0.0,26.72,45,0,bus_stop
3.3,17.84,6.79,10.32,0,0.0,41.47,50,0,unknown
17.43,3.84,7.04,27.64,0,0.0,35.57,45,0,school
4.55,11.45,9.09,16.13,0,0.0,32.13,30,1.89,school
2.04,8.25,17.09,12.06,0,0.0,8.59,35,0,school
60.09,94.7,30.32,28.35,0,15.25,1.08,40,0,unknown
11.92,17.07,13.16,11.3,0,205.47,0.94,35,0,bus_stop
3.74,17.17,14.95,3.2,0,0.0,31.03,35,0,traffic_light
4.64,14.04,7.39,17.82,0,148.01,0.33,30,0,bus_stop
8.62,9.32,12.24,6.96,0,0.0,20.09,30,0,bus_stop
19.85,13.18,1.97,8.93,0,0.0,15.82,30,0,depot
2.58,1.32,13.69,4.51,0,6.02,1.12,30,0,unknown
1.11,16.09,1.96,28.68,0,0.0,20.22,40,0,bus_stop
8.32,11.2,15.3,16.86,0,0.0,11.06,30,0,bus_stop
8.38,15.21,2.86,24.04,0,0.0,37.58,45,0,school
27.8,17.51,15.86,16.74,0,29.51,0.42,45,0,unknown
1.73,15.15,14.0,7.85,0,0.0,30.68,50,0,depot
2.26,3.96,12.28,3.55,0,44.1,0.17,50,0,traffic_light
12.97,13.55,17.9,13.85,0,0.0,39.51,50,0,unknown
0.69,3.81,13.59,24.33,0,0.0,23.79,30,0,unknown
1.64,1.8,8.98,14.91,0,385.73,1.02,50,0,depot
6.53,7.74,9.81,14.71,0,0.0,11.07,30,0,bus_stop
27.18,59.48,66.6,6.49,0,46.93,0.39,30,0,traffic_light
6.25,13.3,5.74,26.99,0,0.0,8.74,30,0,traffic_light
3.05,2.44,8.46,27.49,0,0.0,25.6,40,0,traffic_light
6.93,6.29,9.11,25.75,0,0.0,9.69,40,0,traffic_light
5.4,5.94,2.69,10.55,0,0.0,10.28,30,0,traffic_light
6.12,4.11,8.79,14.96,0,0.0,8.81,45,0,unknown
6.48,4.18,14.24,10.41,0,17.73,0.88,40,0,traffic_light
4.65,1.49,10.47,29.99,0,0.0,36.61,45,0,unknown
4.53,3.83,0.1,1.57,0,0.0,7.03,40,0,unknown
13.67,7.63,16.2,29.64,0,0.0,11.89,20,0,depot
25.93,8.78,8.97,15.77,0,0.0,51.13,50,2.93,traffic_light
5.07,6.54,12.42,29.71,0,104.49,0.29,50,0,bus_stop
4.52,6.78,12.85,5.15,0,157.28,0.95,35,0,depot
13.71,14.19,0.04,18.94,0,0.0,31.14,45,0,traffic_light
31.46,45.15,61.56,268.48,1,0.0,21.41,50,0,school
16.59,1.52,8.63,26.02,0,0.0,29.01,40,0,unknown
2.31,3.72,2.5,19.86,0,0.0,28.58,35,0,unknown
5.41,9.44,5.75,28.23,0,49.31,0.49,30,0,unknown
4.43,4.42,1.0,2.9,0,47.4,1.17,50,0,unknown
10.78,15.2,13.83,20.13,0,0.0,23.44,45,0,bus_stop
3.56,4.24,11.74,10.48,0,505.27,0.46,45,0,depot
15.11,5.82,8.74,20.1,0,0.0,27.04,40,0,unknown
2.24,5.46,17.93,28.88,0,0.0,32.37,40,0,traffic_light
4.17,8.0,9.72,10.84,0,0.0,21.79,30,0,traffic_light
5.68,8.37,16.54,1.2,0,0.0,11.21,35,0,unknown
10.08,9.47,15.24,15.41,0,0.0,13.69,20,0,bus_stop
4.22,0.43,0.16,26.2,0,23.43,0.27,30,0,unknown
3.6,10.81,5.87,26.02,0,480.13,0.96,35,0,school
4.31,8.47,3.64,29.95,0,0.0,20.11,20,1.09,bus_stop
2.22,8.31,14.1,16.58,0,0.0,41.69,40,3.29,bus_stop
6.64,12.64,12.37,21.54,0,0.0,38.26,50,0,depot
0.72,4.47,7.27,15.04,0,17.69,1.16,40,0,traffic_light
10.25,15.37,13.63,25.37,0,0.0,14.92,50,0,unknown
1.97,0.51,3.47,19.58,0,50.16,0.01,50,0,traffic_light
12.19,1.77,4.37,6.8,0,0.0,13.37,20,0,unknown
33.23,16.12,6.64,7.9,0,0.0,40.27,50,0,traffic_light
3.15,7.67,2.54,3.05,0,0.0,13.77,20,0,traffic_light
4.55,10.45,5.69,19.78,0,18.21,0.73,50,0,unknown
6.82,13.41,8.97,3.02,0,0.0,8.82,30,0,traffic_light
7.05,16.41,1.61,4.48,0,0.0,39.33,40,0,traffic_light
2.28,4.47,17.65,21.79,0,0.0,45.98,50,0,unknown
12.63,8.88,10.71,0.57,0,27.86,0.98,35,0,traffic_light
6.4,0.05,15.81,12.54,0,0.0,9.42,35,0,unknown
4.91,0.23,12.07,27.61,0,27.56,0.28,20,0,traffic_light
10.02,7.99,11.05,7.34,0,0.0,26.92,50,0,bus_stop
11.74,6.21,15.24,13.15,0,74.83,0.59,30,0,bus_stop
13.3,7.29,4.69,28.24,0,0.0,52.53,50,0.73,bus_stop
1.05,1.39,6.29,15.26,0,0.0,12.73,20,0,school
1.92,2.52,7.85,23.79,0,11.89,0.72,40,0,traffic_light
1.52,9.78,14.19,2.07,0,10.86,0.72,40,0,traffic_light
0.49,0.31,6.57,14.06,0,0.0,19.98,40,0,unknown
5.45,7.32,6.65,15.04,0,67.69,0.5,50,0,traffic_light
2.39,10.14,5.07,29.45,0,0.0,8.36,30,0,school
8.53,16.67,11.39,29.8,0,221.86,0.75,50,0,school
92.88,23.21,59.02,80.82,1,0.0,12.54,20,0,traffic_light
7.16,8.73,13.07,26.64,0,0.0,27.13,30,0,depot
18.5,1.53,17.01,10.13,0,97.38,0.51,30,0,depot
7.45,12.87,16.25,10.66,0,0.0,13.12,50,0,unknown
3.62,0.67,17.52,12.09,0,0.0,8.8,40,0,unknown
9.46,10.24,9.16,12.94,0,0.0,7.62,35,0,bus_stop
16.8,15.16,8.03,3.2,0,0.0,27.91,35,0,traffic_light
9.79,16.49,14.31,23.79,0,0.0,26.24,30,0,bus_stop
6.83,1.41,7.93,7.6,0,157.33,0.75,45,0,bus_stop
0.22,2.41,8.38,9.47,0,0.0,12.93,40,0,traffic_light
13.32,10.05,2.98,9.78,0,0.0,44.17,45,0,depot
6.67,2.85,17.25,19.23,0,34.83,0.11,45,0,unknown
2.69,13.86,17.37,9.8,0,0.0,24.56,45,0,unknown
9.47,0.04,14.15,17.76,0,0.0,34.04,35,0,unknown
10.55,1.09,7.83,26.68,0,379.55,0.06,35,0,school
11.8,9.43,12.11,28.72,0,239.51,0.4,35,0,school
1.94,4.82,11.13,4.42,0,0.0,42.44,50,0,unknown
4.06,14.79,3.64,23.21,0,0.0,12.52,45,0,traffic_light
26.4,70.25,60.54,158.91,1,0.0,8.14,30,0,unknown
13.96,15.8,6.94,15.67,0,0.0,34.93,35,0,unknown
4.79,12.57,1.38,11.66,0,408.84,1.04,20,0,depot
5.78,1.08,0.77,9.02,0,73.97,0.82,20,0,bus_stop
3.52,8.47,15.04,19.95,0,0.0,22.68,20,0.02,bus_stop
2.22,5.21,0.14,20.88,0,0.0,33.06,40,0,unknown
5.51,17.96,14.81,18.38,0,0.0,21.02,50,0,bus_stop
14.84,10.52,11.14,19.51,0,0.0,25.36,30,0,unknown
36.25,97.05,59.38,428.29,0,0.0,15.89,50,0,depot
0.68,13.15,10.14,13.57,0,0.0,24.08,45,0,unknown
21.94,12.67,4.74,10.88,0,0.0,15.01,20,0,school
1.95,10.04,11.68,14.15,0,0.0,9.83,40,0,bus_stop
7.92,13.43,1.1,8.25,0,0.0,45.12,45,0.66,traffic_light
18.93,5.67,13.22,16.56,0,0.0,37.73,35,2.95,traffic_light
6.11,10.53,7.09,15.26,0,9.73,0.37,45,0,unknown
7.03,7.35,15.71,26.3,0,172.42,0.43,50,0,bus_stop
3.19,17.3,1.89,12.82,0,0.0,31.19,45,0,unknown
7.08,1.69,13.99,17.73,0,0.0,40.44,40,0.59,traffic_light
14.32,3.57,6.57,13.37,0,146.99,0.02,30,0,school
63.99,84.26,66.44,3.49,0,15.68,0.15,50,0,unknown
3.17,0.67,8.27,3.49,0,0.0,15.04,45,0,school
2.17,3.67,2.51,8.62,0,0.0,15.86,20,0,bus_stop
11.45,15.85,9.48,10.17,0,0.0,37.85,35,0.21,unknown
1.34,13.1,16.43,1.18,0,0.0,24.05,45,0,traffic_light
6.64,9.46,17.36,24.75,0,0.0,17.73,30,0,traffic_light
0.89,4.42,17.34,10.31,0,0.0,28.84,50,0,school
1.72,8.48,13.11,1.25,0,0.0,22.42,20,2.34,traffic_light
2.03,1.45,15.14,3.99,0,772.31,1.17,20,0,school
0.28,2.17,14.74,2.35,0,0.0,13.63,45,0,traffic_light
4.8,15.79,4.52,29.71,0,0.0,13.88,45,0,school
0.07,5.51,12.69,28.18,0,0.0,19.38,30,0,unknown
4.52,13.15,4.77,0.56,0,0.0,30.75,30,3.13,unknown
4.95,13.81,8.94,27.17,0,143.68,0.93,20,0,bus_stop
55.31,94.2,67.19,358.32,1,0.0,13.69,40,0,traffic_light
12.61,2.21,14.71,13.05,0,0.0,34.14,45,0,traffic_light
8.71,0.73,13.03,29.38,0,0.0,27.04,30,0,depot
2.35,1.94,5.19,20.41,0,0.0,16.74,35,0,traffic_light
21.43,0.3,8.42,24.64,0,0.0,16.1,45,0,unknown
1.54,2.69,2.0,29.25,0,59.61,1.0,40,0,unknown
3.77,1.7,1.25,14.06,0,0.0,16.45,30,0,unknown
15.99,2.27,7.65,25.73,0,0.0,19.84,20,0,bus_stop
21.23,16.36,3.29,3.0,0,0.0,23.0,20,1.58,school
0.95,8.63,16.53,10.96,0,119.18,1.15,30,0,bus_stop
1.64,16.21,6.07,25.21,0,0.0,12.88,45,0,depot
3.64,14.64,13.49,11.27,0,0.0,38.23,45,0,traffic_light
3.8,17.28,6.63,3.09,0,76.96,1.13,50,0,bus_stop
0.54,7.64,12.28,26.13,0,0.0,14.17,45,0,unknown
0.89,5.0,10.57,7.21,0,0.0,22.16,20,0.32,unknown
0.58,12.75,4.57,21.76,0,155.28,0.49,50,0,bus_stop
0.79,1.76,8.25,10.26,0,0.0,38.69,50,0,depot
5.88,14.8,14.77,2.42,0,0.0,20.36,50,0,bus_stop
8.21,14.3,15.49,2.46,0,0.0,39.05,40,0,school
58.23,88.42,55.61,762.54,0,0.0,31.05,30,1.84,traffic_light
4.18,4.16,14.85,3.63,0,0.0,8.9,40,0,school
1.46,12.71,0.97,1.22,0,0.0,26.22,45,0,unknown
2.34,15.44,6.88,7.12,0,0.0,25.35,40,0,traffic_light
1.4,4.73,4.34,24.29,0,0.0,30.61,50,0,school
3.61,4.54,8.63,18.39,0,0.0,20.04,30,0,traffic_light
25.47,10.68,2.14,11.15,0,0.0,34.4,45,0,traffic_light
2.39,8.65,2.03,18.3,0,0.0,9.59,30,0,depot
6.45,4.14,9.66,24.84,0,0.0,13.27,40,0,school
3.61,14.8,15.93,18.4,0,0.0,10.26,40,0,traffic_light
27.51,10.57,15.93,22.39,0,0.0,27.77,50,0,unknown
3.53,9.55,13.26,3.47,0,50.45,0.05,30,0,traffic_light
7.03,14.69,3.35,19.59,0,8.37,0.11,40,0,traffic_light
19.55,11.46,11.37,15.36,0,0.0,12.85,20,0,bus_stop
8.58,17.72,16.75,8.77,0,0.0,11.19,20,0,unknown
28.25,7.39,16.86,1.54,0,27.98,1.15,40,0,traffic_light
7.17,2.09,13.53,3.31,0,0.0,14.37,35,0,school
35,7.74,15.8,5.36,0,0.0,20.3,20,1.31,traffic_light
4.92,11.11,4.97,14.56,0,0.0,28.92,30,0,school
2.82,15.14,14.38,19.38,0,154.54,0.4,40,0,school
7.88,12.99,5.89,22.65,0,0.0,32.93,30,3.41,traffic_light
4.28,5.92,9.87,12.49,0,22.64,0.95,50,0,traffic_light
72.63,65.05,62.72,527.07,1,0.0,29.17,30,0,bus_stop
1.42,4.94,11.22,8.09,0,0.0,48.27,50,0,unknown
7.92,8.63,17.82,24.98,0,497.91,0.65,30,0,school
8.88,7.05,1.56,2.68,0,22.58,0.65,35,0,unknown
13.47,16.21,0.24,24.48,0,0.0,18.58,20,0,bus_stop
3.59,12.1,15.85,3.28,0,28.64,0.2,30,0,unknown
4.75,13.74,8.86,6.11,0,0.0,14.28,20,0,school
27.59,11.88,15.88,7.64,0,0.0,26.89,30,0,bus_stop
13.25,7.08,9.5,11.86,0,0.0,15.11,35,0,unknown
7.47,13.17,7.59,7.05,0,0.0,46.68,50,0,school
94.13,16.84,43.7,1.11,1,113.05,0.24,40,0,bus_stop
2.14,3.28,10.82,7.55,0,0.0,14.76,45,0,unknown
0.04,4.38,8.9,4.37,0,0.0,25.95,40,0,unknown
20.77,4.51,12.21,1.41,0,0.0,12.75,50,0,bus_stop
5.27,9.1,0.27,13.58,0,0.0,52.27,50,0.22,unknown
6.47,0.44,5.43,17.18,0,46.17,0.73,35,0,unknown
21.97,16.86,4.54,7.67,0,27.98,0.46,45,0,unknown
19.85,8.0,16.24,14.64,0,38.54,0.36,40,0,traffic_light
8.64,10.29,12.0,2.35,0,0.0,15.71,20,0,traffic_light
30.89,99.73,73.32,1.49,1,272.06,0.05,45,0,depot
1.1,10.84,0.27,3.44,0,0.0,8.77,35,0,bus_stop
0.39,16.0,0.8,16.97,0,371.76,0.02,20,0,depot
72.41,46.9,38.79,121.74,1,0.0,9.34,35,0,unknown
27.69,9.59,10.12,5.51,0,23.84,0.03,40,0,traffic_light
8.32,2.92,6.37,15.16,0,0.0,31.46,45,0,bus_stop
9.93,14.3,17.68,8.64,0,0.0,39.18,40,0,traffic_light
12.48,6.31,3.95,3.13,0,0.0,26.84,50,0,depot
16.15,2.97,6.85,8.6,0,103.08,1.05,45,0,bus_stop
18.0,2.32,14.98,9.35,0,212.1,0.72,30,0,school
25.26,12.89,14.26,20.0,0,45.59,0.32,35,0,bus_stop
4.59,10.95,6.63,12.35,0,0.0,30.83,50,0,bus_stop
2.17,3.63,2.22,13.64,0,552.21,0.5,35,0,school
4.72,0.95,7.85,22.86,0,0.0,7.46,30,0,unknown
5.64,0.8,10.44,6.35,0,0.0,16.95,30,0,school
7.02,12.43,2.01,17.39,0,0.0,11.68,45,0,depot
7.15,12.52,2.21,20.94,0,0.0,25.11,50,0,traffic_light
0.99,16.39,3.06,14.96,0,0.0,26.03,35,0,school
0.09,0.63,1.4,29.84,0,48.27,0.23,20,0,unknown
12.51,2.88,5.91,19.72,0,45.38,0.31,50,0,traffic_light
15.54,16.16,13.96,21.89,0,0.0,49.56,50,0,bus_stop
2.76,10.24,11.08,13.72,0,0.0,19.27,20,0,unknown
11.89,0.58,12.12,10.58,0,0.0,33.69,40,0,unknown
35,12.52,17.03,2.38,0,0.0,20.44,20,2.81,school
18.05,4.91,12.16,5.96,0,0.0,13.31,20,0,unknown
75.52,40.51,62.31,240.41,1,0.0,21.37,30,0,school
9.24,4.63,6.9,14.78,0,334.4,0.13,35,0,depot
29.19,13.66,1.21,11.71,0,0.0,48.29,50,0,traffic_light
1.73,15.36,15.34,24.71,0,0.0,15.14,35,0,school
1.91,4.58,13.05,25.02,0,0.0,39.95,50,0,traffic_light
2.17,15.54,17.63,16.44,0,0.0,15.25,30,0,unknown
74.17,73.63,22.34,562.76,0,0.0,27.51,30,0,traffic_light
3.72,14.31,14.64,28.4,0,0.0,9.29,30,0,traffic_light
2.95,16.44,13.89,23.16,0,20.63,0.95,20,0,traffic_light
12.87,9.82,4.9,5.97,0,0.0,7.33,20,0,unknown
12.6,0.19,7.76,12.1,0,10.58,0.82,45,0,traffic_light
3.33,7.94,14.96,17.58,0,0.0,20.23,20,1.8,traffic_light
0.96,13.65,0.77,9.9,0,0.0,28.64,50,0,traffic_light
5.54,11.95,17.69,9.92,0,600.33,0.61,45,0,school
90.23,61.43,40.05,9.02,1,74.84,0.53,35,0,unknown
1.63,0.76,17.34,9.57,0,0.0,18.46,50,0,school
2.12,12.13,8.29,13.56,0,267.1,0.37,40,0,bus_stop
3.01,9.29,9.04,1.8,0,0.0,31.89,30,2.7,unknown
2.99,3.72,13.61,6.45,0,11.15,1.04,50,0,traffic_light
1.24,11.27,7.8,29.82,0,11.89,1.15,50,0,unknown
38.14,14.64,39.26,1.24,1,15.01,0.3,40,0,traffic_light
14.66,8.46,5.25,23.02,0,0.0,17.13,20,0,traffic_light
1.0,0.59,16.63,25.27,0,0.0,21.89,20,2.33,traffic_light
5.48,4.5,9.02,11.2,0,17.2,0.66,30,0,unknown
9.07,3.45,17.4,11.17,0,68.84,0.36,45,0,bus_stop
8.18,1.45,14.64,2.5,0,15.99,0.97,35,0,traffic_light
12.23,4.98,9.87,4.02,0,0.0,20.87,45,0,bus_stop
7.6,6.37,3.56,2.33,0,45.62,0.65,50,0,bus_stop
1.96,17.83,12.75,9.45,0,0.0,30.63,50,0,unknown
77.24,24.6,28.45,246.93,0,0.0,36.13,45,0,depot
7.98,9.07,8.64,4.53,0,0.0,8.79,50,0,traffic_light
2.8,4.37,10.35,22.85,0,0.0,12.89,35,0,traffic_light
1.75,8.14,6.94,2.98,0,0.0,17.33,45,0,unknown
4.53,9.94,13.15,23.45,0,647.5,0.42,35,0,depot
14.02,12.76,9.96,10.12,0,0.0,10.86,50,0,traffic_light
3.98,8.12,1.61,26.73,0,31.95,0.02,40,0,traffic_light
4.92,16.11,15.85,29.53,0,0.0,45.26,50,0,bus_stop
0.06,7.22,7.29,25.18,0,81.79,0.89,20,0,bus_stop
2.16,16.2,9.24,14.43,0,0.0,18.68,20,0,unknown
8.68,6.07,1.68,20.23,0,143.59,0.16,50,0,bus_stop
4.02,8.5,3.46,19.66,0,0.0,11.63,30,0,traffic_light
1.0,7.22,12.71,14.75,0,0.0,18.12,30,0,depot
13.4,5.55,16.26,10.51,0,0.0,21.73,30,0,traffic_light
8.51,1.71,5.09,2.45,0,0.0,30.47,40,0,school
5.15,9.22,0.12,23.64,0,0.0,20.01,40,0,school
6.52,9.81,13.34,17.94,0,0.0,33.96,40,0,bus_stop
3.9,9.36,2.52,18.05,0,0.0,33.86,45,0,unknown
0.63,14.9,5.99,23.58,0,0.0,29.86,35,0,traffic_light
10.09,16.15,9.24,7.23,0,0.0,18.23,40,0,bus_stop
10.98,17.06,2.03,28.22,0,238.33,0.01,20,0,bus_stop
7.01,4.65,5.96,21.09,0,0.0,18.5,40,0,bus_stop
16.82,5.44,15.08,28.08,0,0.0,16.47,20,0,unknown
2.44,12.86,16.19,4.54,0,0.0,8.5,35,0,unknown
33.85,24.4,15.24,55.28,1,0.0,8.15,30,0,school
0.62,1.67,14.85,15.64,0,0.0,18.82,20,0,traffic_light
2.05,12.0,17.91,28.18,0,28.29,0.7,30,0,traffic_light
11.25,12.04,3.25,16.64,0,0.0,11.46,35,0,bus_stop
23.89,11.41,8.66,22.86,0,0.0,41.0,50,0,traffic_light
24.26,8.1,6.08,20.97,0,158.86,0.6,35,0,bus_stop
13.8,11.73,14.74,7.62,0,0.0,18.57,45,0,school
1.2,14.07,5.73,2.99,0,13.76,0.01,50,0,unknown
5.62,17.92,15.28,17.07,0,0.0,17.89,40,0,bus_stop
14.06,6.43,16.54,4.78,0,0.0,14.13,20,0,traffic_light
7.95,1.86,15.95,5.34,0,0.0,32.49,35,0,traffic_light
12.69,0.04,7.0,22.58,0,350.03,0.42,50,0,depot
1.58,13.25,10.19,15.89,0,0.0,18.24,30,0,traffic_light
4.96,4.21,16.32,21.91,0,0.0,13.93,20,0,traffic_light
2.97,14.07,13.42,25.27,0,0.0,7.5,30,0,depot
40.05,86.32,54.37,24.13,0,41.38,1.01,35,0,traffic_light
5.41,14.07,15.36,10.63,0,0.0,39.6,45,0,depot
1.0,8.63,3.01,23.54,0,0.0,17.44,20,0,school
80.03,73.15,25.6,201.16,1,0.0,9.9,20,0,depot
18.12,11.52,2.08,15.78,0,0.0,24.22,30,0,traffic_light
8.02,9.79,7.35,25.0,0,0.0,12.62,20,0,school
5.92,11.67,5.41,8.04,0,524.73,0.52,35,0,school
19.88,14.8,1.84,29.94,0,26.18,0.53,30,0,unknown
2.63,3.79,10.57,27.09,0,0.0,33.74,35,0,school
9.9,14.56,8.54,3.73,0,0.0,22.52,30,0,bus_stop
22.65,13.27,1.05,4.68,0,0.0,10.07,20,0,bus_stop
1.28,2.24,6.48,24.31,0,0.0,15.99,35,0,bus_stop
14.27,9.13,5.09,12.4,0,246.11,0.29,45,0,school
64.49,47.2,63.46,9.25,1,48.92,0.71,35,0,unknown
0.99,2.01,15.7,15.69,0,0.0,9.93,20,0,unknown
0.4,14.93,10.81,11.4,0,47.59,0.65,45,0,unknown
3.85,9.68,4.01,21.26,0,0.0,33.16,40,0,bus_stop
9.93,8.14,8.94,10.35,0,35.24,0.34,30,0,unknown
0.52,2.21,10.83,11.27,0,0.0,14.04,40,0,school
1.57,16.03,3.02,3.17,0,52.11,1.17,30,0,traffic_light
4.92,4.01,10.64,12.85,0,30.39,1.15,50,0,unknown
0.54,11.04,17.89,18.78,0,0.0,9.85,50,0,depot
8.59,2.09,4.9,14.22,0,125.38,0.19,35,0,bus_stop
7.75,4.91,2.82,2.99,0,0.0,17.98,35,0,bus_stop
17.61,16.61,10.59,8.69,0,0.0,9.05,20,0,school
4.16,5.54,14.98,2.25,0,0.0,44.26,45,0,traffic_light
3.14,0.28,0.17,28.34,0,0.0,33.45,50,0,bus_stop
11.88,1.07,10.31,8.84,0,0.0,9.46,20,0,school
0.11,6.12,6.3,13.23,0,0.0,24.3,50,0,bus_stop
5.17,9.78,10.45,1.59,0,73.68,0.75,30,0,unknown
2.06,17.73,10.52,13.54,0,29.12,0.34,45,0,unknown
7.64,7.77,2.55,3.79,0,53.53,0.2,30,0,unknown
8.37,10.95,0.78,0.81,0,169.44,0.86,30,0,bus_stop
11.54,12.47,7.6,1.94,0,0.0,10.53,30,0,traffic_light
0.08,10.57,7.02,12.03,0,0.0,19.57,35,0,traffic_light
0.06,0.43,12.0,1.05,0,0.0,19.06,35,0,unknown
1.48,8.38,15.65,23.48,0,111.77,0.18,20,0,bus_stop
24.01,0.3,0.28,25.38,0,0.0,32.98,30,2.94,traffic_light
75.2,62.34,57.52,301.46,0,0.0,17.41,20,0,depot
2.52,13.39,9.88,21.11,0,51.52,0.79,35,0,bus_stop
3.29,9.6,4.26,2.53,0,291.25,0.57,45,0,school
2.37,4.26,14.82,26.99,0,0.0,32.88,30,1.53,depot
3.9,15.33,17.36,29.74,0,0.0,34.2,40,0,unknown
0.94,6.08,0.84,25.98,0,0.0,42.95,50,0,bus_stop
19.29,6.26,2.16,12.56,0,0.0,40.99,50,0,traffic_light
0.21,0.03,0.04,10.51,0,30.14,0.33,50,0,traffic_light
4.86,7.27,1.11,10.79,0,0.0,15.41,20,0,school
8.14,15.24,16.13,17.73,0,68.23,0.75,20,0,unknown
6.54,12.67,11.12,17.36,0,125.45,0.34,45,0,depot
2.42,13.25,6.44,16.63,0,0.0,22.91,20,2.19,unknown
8.49,12.42,10.82,19.58,0,0.0,11.64,30,0,depot
3.87,8.53,9.3,24.71,0,34.28,1.19,30,0,bus_stop
10.37,2.39,4.58,5.74,0,371.74,0.1,30,0,school
2.65,12.38,4.17,10.61,0,0.0,10.22,45,0,traffic_light
5.69,5.24,10.84,13.81,0,0.0,18.9,20,0,traffic_light
4.07,15.69,14.69,0.15,0,121.66,0.93,40,0,bus_stop
5.64,3.98,4.07,9.25,0,321.73,1.01,45,0,school
11.9,5.81,1.35,28.5,0,0.0,23.45,45,0,unknown
7.44,14.58,2.12,6.19,0,87.79,1.11,30,0,bus_stop
2.24,8.09,15.8,3.54,0,0.0,32.65,50,0,school
4.45,11.1,5.26,3.38,0,676.38,0.4,30,0,depot
0.83,9.5,17.94,18.83,0,0.0,14.83,20,0,depot
0.23,2.66,3.77,16.57,0,13.69,1.01,30,0,unknown
13.97,10.26,2.46,23.22,0,0.0,11.37,30,0,depot
8.87,15.24,9.5,2.5,0,0.0,37.82,50,0,unknown
8.02,3.9,10.37,15.28,0,55.82,0.23,50,0,bus_stop
0.13,4.35,16.27,15.76,0,18.93,0.32,30,0,unknown
2.54,3.1,17.81,0.41,0,0.0,14.16,40,0,traffic_light
1.89,14.78,17.45,3.4,0,0.0,42.59,40,3.04,unknown
4.4,12.17,10.0,14.81,0,220.37,0.14,30,0,bus_stop
4.36,5.25,3.23,23.0,0,76.6,0.35,50,0,bus_stop
89.89,46.84,51.13,5.44,1,51.32,0.42,45,0,traffic_light
1.46,7.51,13.46,26.17,0,48.58,0.39,45,0,unknown
2.27,15.63,10.01,0.37,0,15.24,0.42,30,0,unknown
6.73,2.0,3.58,21.22,0,389.68,0.53,30,0,depot
66.76,84.52,63.09,1029.25,1,0.0,43.84,45,0,school
2.3,6.94,5.36,11.38,0,23.77,0.36,40,0,traffic_light
12.67,9.28,7.95,20.02,0,0.0,7.03,45,0,bus_stop
17.05,5.22,11.74,22.93,0,0.0,9.69,40,0,school
0.74,12.38,7.72,21.14,0,199.5,0.81,35,0,school
0.55,3.43,8.83,1.01,0,0.0,17.36,35,0,bus_stop
0.6,6.76,11.43,4.0,0,0.0,28.31,40,0,traffic_light
3.39,14.41,2.01,13.16,0,45.0,0.18,45,0,unknown
3.82,10.15,17.7,29.29,0,0.0,13.19,40,0,school
74.82,34.21,65.59,239.17,1,0.0,25.16,30,0,school
2.61,7.66,0.72,23.62,0,161.54,0.89,35,0,bus_stop
81.06,78.66,47.44,13.99,0,56.45,0.64,30,0,traffic_light
2.34,7.09,5.78,21.89,0,0.0,7.5,50,0,unknown
1.9,16.27,8.67,0.38,0,0.0,8.04,20,0,unknown
28.46,3.42,9.97,28.95,0,0.0,33.83,40,0,depot
14.56,6.01,3.57,19.12,0,0.0,17.69,20,0,traffic_light
22.98,2.21,11.08,10.53,0,0.0,16.09,20,0,unknown
74.62,21.64,68.2,5.36,1,53.92,0.89,50,0,traffic_light
6.01,1.77,17.65,21.32,0,32.49,0.45,35,0,unknown
13.18,14.75,12.68,23.89,0,126.65,0.68,40,0,bus_stop
0.39,0.46,12.35,3.4,0,0.0,19.05,45,0,bus_stop
2.59,7.06,7.88,21.35,0,0.0,17.99,30,0,depot
1.98,17.1,15.17,25.9,0,0.0,25.57,35,0,school
0.85,10.01,15.24,0.38,0,0.0,14.81,40,0,school
7.97,12.4,3.03,16.55,0,690.95,0.57,35,0,school
0.8,5.72,1.55,5.24,0,0.0,11.9,30,0,bus_stop
6.18,7.58,5.24,21.18,0,0.0,12.41,45,0,unknown
4.61,15.17,8.99,1.87,0,0.0,9.66,30,0,unknown
3.46,8.11,14.3,4.04,0,205.57,0.21,40,0,depot
4.57,11.3,14.51,22.02,0,0.0,16.3,30,0,bus_stop
12.71,2.66,1.97,6.72,0,0.0,11.93,20,0,traffic_light
4.83,12.63,2.56,26.56,0,0.0,23.73,30,0,traffic_light
35,9.44,13.42,26.72,0,0.0,14.62,35,0,traffic_light
1.64,1.08,6.14,4.98,0,0.0,19.92,20,0,unknown
1.2,8.56,14.79,7.01,0,0.0,29.12,50,0,bus_stop
2.7,14.61,7.27,25.39,0,501.02,1.03,50,0,depot
71.58,40.49,22.89,181.78,0,0.0,16.16,20,0,traffic_light
75.92,61.09,71.29,807.5,0,0.0,47.59,45,3.78,unknown
1.4,4.33,4.58,14.31,0,0.0,17.72,40,0,bus_stop
1.25,13.57,9.61,28.21,0,426.34,0.31,20,0,depot
35,16.41,11.93,24.61,0,0.0,20.24,20,3.19,unknown
10.91,8.03,11.36,18.21,0,0.0,15.31,30,0,bus_stop
6.13,6.49,11.26,2.18,0,0.0,37.07,45,0,school
5.56,14.52,12.29,3.93,0,0.0,19.79,35,0,unknown
2.44,2.14,9.25,7.86,0,0.0,29.66,30,0,unknown
15.07,6.24,9.49,28.85,0,0.0,33.53,40,0,school
2.25,10.17,4.08,5.81,0,0.0,31.63,50,0,unknown
1.76,16.79,13.82,2.77,0,220.82,0.55,20,0,bus_stop
3.52,2.78,9.14,5.07,0,193.93,0.26,30,0,bus_stop
6.28,6.4,11.13,24.02,0,123.62,1.08,50,0,depot
2.53,8.71,5.41,18.47,0,596.51,0.72,40,0,school
6.61,5.62,4.33,10.53,0,0.0,17.72,20,0,traffic_light
36.81,23.46,15.19,5.15,1,16.97,0.79,30,0,unknown
34.11,2.59,17.72,23.07,0,0.0,35.04,45,0,traffic_light
2.96,3.14,15.7,25.84,0,0.0,11.91,20,0,unknown
9.68,15.11,4.16,9.61,0,0.0,35.79,35,3.09,school
8.3,2.39,1.27,21.49,0,52.28,0.92,20,0,unknown
19.78,3.12,1.55,6.45,0,0.0,22.62,30,0,bus_stop
8.78,6.13,9.28,5.64,0,0.0,31.13,30,3.93,unknown
2.17,3.36,7.49,27.59,0,39.24,0.5,20,0,traffic_light
11.71,2.11,1.61,1.55,0,0.0,27.47,45,0,traffic_light
2.28,12.13,4.26,10.95,0,56.36,0.96,30,0,traffic_light
0.37,15.87,7.17,26.42,0,494.21,0.04,20,0,school
7.85,1.67,1.44,26.92,0,0.0,24.14,40,0,traffic_light
83.7,72.95,18.72,356.35,1,0.0,17.58,45,0,bus_stop
0.34,11.41,11.04,0.75,0,0.0,18.7,45,0,bus_stop
4.32,4.38,11.19,27.62,0,10.51,0.2,50,0,unknown
15.17,1.09,17.79,1.43,0,0.0,7.12,30,0,unknown
5.36,5.76,10.88,13.39,0,0.0,24.43,30,0,school
1.9,3.87,13.44,20.01,0,0.0,23.19,45,0,unknown
7.66,12.47,2.52,23.02,0,16.1,0.13,20,0,traffic_light
9.0,11.1,4.59,25.72,0,0.0,13.52,45,0,unknown
0.2,12.95,4.8,16.67,0,0.0,38.44,40,0,unknown
13.47,2.3,4.16,20.9,0,66.41,0.42,30,0,traffic_light
4.36,6.49,13.54,10.69,0,0.0,46.81,50,0,traffic_light
15.9,16.25,10.0,24.69,0,191.36,0.32,30,0,bus_stop
9.69,6.57,17.31,29.9,0,0.0,42.22,45,0,unknown
4.61,5.17,9.2,9.89,0,39.67,0.1,35,0,traffic_light
5.02,6.34,10.82,0.45,0,0.0,13.94,30,0,traffic_light
1.2,6.23,1.54,26.16,0,0.0,17.23,45,0,bus_stop
0.29,7.67,1.19,14.22,0,0.0,10.23,20,0,unknown
12.75,1.97,7.36,8.54,0,79.38,0.93,50,0,bus_stop
0.69,11.62,13.75,2.44,0,0.0,12.59,40,0,bus_stop
33.66,1.78,0.16,0.14,0,0.0,7.8,40,0,depot
9.86,8.05,9.58,4.85,0,0.0,12.29,45,0,unknown
18.26,7.4,3.85,9.25,0,26.34,0.67,40,0,unknown
2.23,12.15,5.48,9.79,0,0.0,30.86,35,0,traffic_light
9.9,3.04,7.23,14.8,0,192.58,0.67,35,0,school
4.38,14.17,10.47,3.14,0,0.0,10.08,20,0,depot
5.43,10.17,17.83,1.2,0,0.0,32.83,30,1.18,traffic_light
1.97,1.71,9.74,20.6,0,0.0,34.92,45,0,school
5.74,7.83,3.97,11.5,0,0.0,15.7,20,0,unknown
2.72,3.31,8.92,8.19,0,0.0,39.86,45,0,traffic_light
2.97,10.75,10.09,0.72,0,0.0,7.56,20,0,bus_stop
0.6,17.26,12.45,5.25,0,0.0,8.97,30,0,traffic_light
7.98,0.11,7.52,28.76,0,0.0,33.6,45,0,bus_stop
6.23,0.64,12.15,16.35,0,179.31,0.72,20,0,school
0.94,2.08,2.07,4.89,0,369.6,1.11,35,0,school
10.3,0.28,9.54,1.4,0,146.83,0.51,40,0,depot
4.84,0.38,8.59,9.53,0,0.0,18.81,45,0,unknown
12.8,7.9,11.99,3.99,0,30.29,0.5,40,0,traffic_light
20.22,6.23,12.39,6.88,0,0.0,16.42,30,0,traffic_light
5.94,13.57,3.67,16.69,0,19.76,0.16,40,0,traffic_light
3.83,12.64,11.86,9.03,0,0.0,14.53,20,0,traffic_light
9.03,2.14,2.94,19.4,0,0.0,40.24,40,2.38,traffic_light
1.03,17.5,9.7,23.25,0,240.18,0.48,35,0,bus_stop
74.08,57.02,56.93,373.26,1,0.0,23.57,30,0,unknown
69.53,83.64,23.85,170.97,1,0.0,7.36,45,0,depot
8.57,6.76,13.49,10.96,0,0.0,49.73,50,0,traffic_light
4.84,0.54,17.52,22.51,0,0.0,12.08,20,0,school
6.24,2.76,14.02,10.45,0,0.0,15.37,30,0,bus_stop
10.41,8.86,8.38,7.31,0,0.0,16.89,20,0,bus_stop
1.5,10.5,16.3,12.65,0,0.0,27.56,40,0,unknown
9.78,3.81,14.27,17.47,0,5.55,0.95,50,0,unknown
19.15,17.56,10.49,27.2,0,29.49,1.01,35,0,traffic_light
2.39,1.49,5.88,9.33,0,0.0,19.98,30,0,unknown
9.64,9.85,9.75,6.2,0,0.0,8.6,45,0,depot
16.48,3.16,10.6,1.08,0,399.57,0.94,30,0,school
10.21,5.24,8.9,5.37,0,0.0,27.37,50,0,traffic_light
8.08,16.86,15.17,18.16,0,0.0,17.09,30,0,traffic_light
2.52,7.81,8.03,17.37,0,10.31,0.13,45,0,traffic_light
3.42,12.36,15.99,24.24,0,55.55,0.18,50,0,traffic_light
3.94,13.68,8.15,27.03,0,0.0,45.95,50,0,traffic_light
3.61,12.45,12.78,11.07,0,0.0,11.51,20,0,unknown
24.35,5.12,1.21,4.25,0,0.0,33.62,35,0,traffic_light
9.37,5.22,5.52,25.99,0,12.92,1.13,20,0,unknown
31.28,4.59,6.43,26.99,0,0.0,7.09,45,0,school
0.21,16.63,13.77,27.99,0,0.0,8.72,50,0,bus_stop
0.29,16.56,3.59,6.98,0,0.0,15.57,20,0,depot
0.09,10.35,6.53,29.34,0,0.0,28.1,30,0,traffic_light
2.72,9.68,1.02,16.75,0,12.43,1.16,50,0,traffic_light
58.71,29.83,33.05,97.99,1,0.0,11.83,20,0,bus_stop
11.03,13.33,6.24,14.36,0,33.46,0.86,50,0,unknown
4.77,16.08,15.13,22.65,0,10.95,0.33,20,0,unknown
15.81,6.22,17.76,0.49,0,0.0,17.06,35,0,unknown
1.78,14.71,9.8,29.24,0,150.76,0.88,35,0,bus_stop
0.99,7.93,10.03,2.42,0,0.0,15.24,40,0,unknown
0.35,13.47,1.05,1.99,0,0.0,10.49,20,0,traffic_light
7.63,8.3,11.5,5.47,0,119.66,0.27,35,0,bus_stop
5.41,10.66,17.42,4.23,0,0.0,39.78,50,0,school
2.98,11.78,2.25,4.59,0,0.0,21.77,50,0,traffic_light
1.35,3.21,11.54,29.71,0,0.0,17.68,20,0,unknown
12.49,7.04,13.0,17.39,0,0.0,42.31,40,0.79,depot
10.09,1.95,7.18,8.65,0,230.31,0.04,35,0,school
2.39,10.27,0.82,16.93,0,52.21,0.22,30,0,unknown
13.86,2.26,14.28,20.57,0,437.24,1.14,20,0,school
9.98,11.85,5.75,8.72,0,0.0,11.62,40,0,unknown
12.81,9.21,11.13,9.55,0,341.99,0.88,35,0,school
2.1,15.32,8.69,11.18,0,0.0,16.71,35,0,school
1.94,11.07,2.82,26.89,0,0.0,22.45,45,0,depot
2.11,3.95,10.32,9.3,0,0.0,17.15,30,0,traffic_light
1.5,10.67,5.06,4.84,0,0.0,29.88,35,0,unknown
3.8,12.99,7.18,13.63,0,0.0,52.46,50,0.85,traffic_light
6.57,15.21,11.5,20.03,0,0.0,15.76,40,0,bus_stop
5.28,13.65,4.08,8.34,0,0.0,30.16,45,0,bus_stop
12.34,15.69,12.54,8.18,0,0.0,7.21,35,0,unknown
46.47,99.48,22.11,1289.38,1,0.0,46.66,50,0,unknown
5.59,12.95,14.32,3.5,0,0.0,25.97,50,0,traffic_light
2.96,3.56,16.34,5.86,0,0.0,18.45,45,0,unknown
84.6,20.93,38.84,2.52,1,23.58,0.43,40,0,unknown
14.75,10.88,16.96,17.53,0,195.21,0.54,30,0,bus_stop
17.16,16.66,5.34,6.42,0,0.0,35.67,35,2.36,depot
2.4,12.57,6.44,5.17,0,51.17,0.66,40,0,unknown
6.07,16.3,12.76,29.02,0,60.27,0.45,45,0,traffic_light
14.48,7.99,2.16,21.53,0,0.0,22.17,20,1.64,traffic_light
12.74,5.08,2.38,7.71,0,60.38,0.5,20,0,traffic_light
9.23,5.87,0.83,25.71,0,67.41,0.37,30,0,unknown
92.84,60.32,70.53,157.66,0,0.0,9.41,40,0,bus_stop
12.62,7.49,17.24,29.15,0,0.0,52.51,50,3.77,depot
4.04,10.77,6.48,20.24,0,0.0,7.33,20,0,bus_stop
5.38,1.8,0.97,3.26,0,38.17,0.37,50,0,traffic_light
5.04,16.4,7.58,23.25,0,0.0,22.5,40,0,bus_stop
21.19,13.04,14.02,14.58,0,0.0,19.77,20,0,traffic_light
6.43,7.09,11.53,9.82,0,0.0,25.18,45,0,depot
1.62,15.62,1.52,29.3,0,0.0,19.53,20,0,unknown
6.25,17.61,8.37,4.45,0,0.0,29.39,45,0,bus_stop
4.55,4.96,2.37,7.86,0,0.0,32.36,30,2.53,unknown
14.24,10.45,5.38,23.51,0,0.0,15.54,45,0,traffic_light
16.59,2.92,9.67,15.38,0,0.0,18.8,30,0,unknown
6.54,3.03,0.56,15.81,0,0.0,13.7,50,0,unknown
12.32,10.75,11.65,22.42,0,0.0,29.79,45,0,unknown
1.07,11.39,2.8,1.38,0,0.0,28.54,35,0,bus_stop
9.3,15.93,5.84,16.03,0,0.0,22.62,20,1.4,depot
2.18,11.77,11.66,7.59,0,0.0,8.17,20,0,unknown
2.96,0.99,3.85,22.28,0,28.22,1.12,45,0,traffic_light
4.55,14.85,2.2,21.46,0,0.0,38.78,45,0,bus_stop
0.75,15.2,15.68,11.14,0,16.73,0.85,30,0,traffic_light
9.57,4.78,4.58,20.93,0,279.43,0.65,20,0,school
9.12,14.54,11.14,29.51,0,0.0,26.14,40,0,bus_stop
10.83,8.19,15.15,1.1,0,0.0,21.6,20,0.2,bus_stop
5.09,3.92,10.19,26.53,0,0.0,45.65,45,0.4,depot
16.48,6.59,15.37,13.89,0,0.0,16.79,45,0,traffic_light
0.38,12.02,6.7,18.84,0,45.49,1.02,50,0,unknown
7.88,16.76,9.68,13.19,0,0.0,12.44,20,0,school
64.16,77.58,41.29,302.4,1,0.0,14.03,50,0,bus_stop
2.22,11.48,11.3,3.52,0,224.46,0.66,50,0,school
1.3,2.58,16.18,28.39,0,0.0,17.95,40,0,unknown
5.24,8.46,17.37,19.46,0,21.8,0.44,35,0,unknown
4.21,2.37,12.26,14.72,0,0.0,18.01,20,0,bus_stop
51.9,31.23,47.97,66.09,1,0.0,7.62,20,0,traffic_light
3.24,15.27,15.62,3.8,0,0.0,22.66,45,0,depot
4.09,17.8,13.48,25.66,0,0.0,10.93,30,0,traffic_light
13.61,0.39,15.27,3.72,0,23.02,0.53,50,0,unknown
13.97,12.85,2.45,7.74,0,0.0,12.78,30,0,bus_stop
8.46,17.9,15.04,14.43,0,75.79,0.64,50,0,unknown
2.05,14.61,7.45,4.73,0,0.0,26.01,45,0,bus_stop
15.35,1.84,16.45,5.76,0,47.21,1.12,40,0,unknown
46.76,35.28,29.22,75.42,1,0.0,7.7,35,0,traffic_light
5.35,5.65,15.75,22.63,0,0.0,8.42,50,0,school
58.54,56.64,19.9,195.29,0,0.0,12.41,20,0,traffic_light
4.04,8.94,13.21,25.83,0,0.0,30.26,40,0,traffic_light
20.94,3.36,4.3,13.69,0,0.0,16.85,45,0,unknown
6.59,15.03,3.35,22.43,0,94.58,0.47,30,0,bus_stop
34.06,40.59,74.54,0.39,1,31.91,0.03,40,0,traffic_light
2.43,1.52,5.54,28.44,0,0.0,39.1,45,0,traffic_light
81.49,31.81,41.41,5.14,0,25.66,0.58,35,0,traffic_light
75.03,93.61,43.81,16.24,1,14.37,0.62,40,0,traffic_light
0.13,8.26,15.76,11.45,0,0.0,12.27,50,0,unknown
1.41,6.68,9.55,8.79,0,0.0,8.59,20,0,depot
6.54,5.83,14.69,19.35,0,0.0,16.97,30,0,school
0.53,12.25,17.12,29.83,0,223.83,0.2,40,0,depot
2.56,15.44,12.82,23.29,0,0.0,20.75,30,0,unknown
17.53,4.27,0.67,3.27,0,0.0,22.47,20,0.72,bus_stop
19.57,13.06,2.58,26.77,0,0.0,21.23,20,3.87,unknown
10.77,0.91,12.58,14.19,0,15.04,1.13,50,0,traffic_light
17.73,10.75,14.77,28.27,0,0.0,7.52,20,0,traffic_light
27.72,15.98,0.08,23.79,0,0.0,14.21,35,0,bus_stop
2.13,9.42,2.77,25.06,0,0.0,40.53,45,0,school
7.58,17.31,2.96,20.85,0,0.0,45.63,45,2.94,unknown
23.96,4.19,15.11,21.37,0,0.0,7.82,20,0,school
51.83,69.85,45.5,627.23,0,0.0,32.33,50,0,school
21.18,8.51,10.33,7.14,0,42.57,0.74,35,0,unknown
11.5,5.97,8.27,6.78,0,0.0,42.01,50,0,bus_stop
2.64,8.25,5.69,25.42,0,0.0,35.07,40,0,unknown
0.55,12.38,0.22,17.48,0,0.0,14.75,50,0,bus_stop
0.18,17.94,10.29,12.74,0,0.0,42.42,40,1.28,bus_stop
43.4,16.09,62.66,0.2,1,61.89,0.05,30,0,bus_stop
18.59,11.21,0.79,1.07,0,15.14,0.74,35,0,traffic_light
11.53,7.74,8.77,6.17,0,48.74,0.36,45,0,traffic_light
0.15,4.41,1.95,18.17,0,33.09,0.05,50,0,traffic_light
3.34,13.98,8.87,18.04,0,0.0,28.69,40,0,school
2.88,16.05,0.1,28.1,0,112.87,0.84,40,0,bus_stop
32.96,0.51,5.67,3.2,0,81.99,0.07,20,0,depot
2.11,4.29,16.07,10.97,0,0.0,26.64,40,0,unknown
9.49,0.77,3.57,0.02,0,0.0,23.43,50,0,school
2.49,5.61,6.42,6.94,0,692.18,0.6,35,0,school
9.6,7.98,8.22,16.61,0,0.0,8.18,40,0,bus_stop
11.42,4.96,6.76,14.56,0,0.0,16.26,45,0,unknown
0.71,3.05,0.23,23.06,0,0.0,19.41,45,0,school
7.3,16.28,17.59,19.45,0,271.96,0.25,20,0,school
0.64,0.9,17.44,20.36,0,40.53,0.42,20,0,unknown
4.1,10.94,15.36,11.18,0,0.0,41.17,40,0.82,traffic_light
2.32,13.63,9.81,23.16,0,0.0,10.41,35,0,unknown
1.82,16.51,3.97,19.79,0,0.0,52.15,50,1.34,school
6.44,17.52,7.58,27.84,0,603.26,0.95,20,0,school
0.43,5.4,14.28,24.6,0,0.0,31.15,30,0.93,unknown
0.25,5.38,15.01,18.09,0,0.0,21.94,35,0,school
2.97,12.01,10.72,16.82,0,0.0,41.73,50,0,unknown
0.17,2.35,4.77,24.47,0,81.18,0.73,45,0,bus_stop
0.01,11.01,3.27,2.42,0,154.11,1.01,30,0,school
0.07,15.32,13.73,9.87,0,695.84,0.19,35,0,depot
5.67,5.51,8.62,1.9,0,0.0,19.32,20,0,traffic_light
76.72,15.09,68.18,1.15,1,116.04,0.27,45,0,depot
3.18,3.6,15.77,22.61,0,58.76,0.01,50,0,bus_stop
0.36,15.79,14.28,5.34,0,0.0,14.98,20,0,school
2.24,3.33,12.55,27.07,0,21.54,0.74,40,0,unknown
4.35,2.26,9.03,28.05,0,252.48,0.79,30,0,bus_stop
1.86,1.44,12.23,25.66,0,316.41,1.03,50,0,depot
18.4,6.51,0.97,28.7,0,0.0,20.74,40,0,bus_stop
9.56,17.78,6.61,24.31,0,0.0,12.5,30,0,traffic_light
4.73,4.65,16.7,26.18,0,0.0,42.82,50,0,bus_stop
1.56,0.51,11.6,11.74,0,0.0,19.04,50,0,unknown
21.89,15.54,1.44,23.69,0,0.0,24.89,30,0,depot
22.27,13.44,2.88,3.07,0,138.35,0.28,45,0,school
0.05,5.26,15.96,0.31,0,274.1,1.05,35,0,school
23.6,4.66,7.41,17.53,0,0.0,11.23,30,0,unknown
14.56,6.0,5.48,19.41,0,0.0,32.1,45,0,traffic_light
2.75,6.49,13.8,11.5,0,0.0,40.44,40,2.44,bus_stop
21.26,16.56,8.93,4.31,0,0.0,14.76,20,0,unknown
3.23,13.75,9.35,24.8,0,0.0,28.77,50,0,traffic_light
3.53,12.28,5.21,9.59,0,709.29,0.22,40,0,depot
5.05,10.2,6.06,11.56,0,0.0,14.66,40,0,traffic_light
0.73,15.12,15.65,7.73,0,0.0,8.19,30,0,bus_stop
12.21,7.81,9.87,9.6,0,0.0,20.16,45,0,bus_stop
1.02,12.56,5.77,22.54,0,15.14,0.66,50,0,traffic_light
4.63,5.54,3.57,21.07,0,16.08,0.32,30,0,unknown
3.16,13.1,12.63,7.78,0,11.33,1.04,50,0,unknown
8.54,7.6,2.13,23.67,0,0.0,18.27,20,0,unknown
0.8,14.54,17.36,2.76,0,0.0,27.63,45,0,school
0.64,14.25,3.92,15.65,0,0.0,8.25,45,0,traffic_light
5.44,16.27,3.21,1.12,0,0.0,7.65,45,0,depot
1.9,7.81,2.78,8.4,0,46.89,0.67,50,0,traffic_light
2.62,10.22,17.02,21.56,0,0.0,36.62,40,0,unknown
5.52,10.85,11.95,2.1,0,0.0,16.41,20,0,bus_stop
3.27,11.72,1.42,9.1,0,0.0,23.56,30,0,bus_stop
3.86,8.53,3.9,5.7,0,0.0,13.17,20,0,traffic_light
2.96,8.11,13.97,11.07,0,0.0,14.84,45,0,school
7.75,16.68,7.68,7.59,0,0.0,38.68,40,0,traffic_light
4.59,14.64,9.05,22.94,0,0.0,35.65,40,0,unknown
83.53,71.29,18.51,294.74,1,0.0,14.88,50,0,unknown
9.26,8.51,13.4,9.77,0,47.94,0.62,30,0,traffic_light
6.2,5.57,16.63,2.04,0,0.0,12.52,50,0,depot
8.75,10.99,0.14,10.17,0,26.21,0.8,50,0,traffic_light
32.7,10.25,40.83,55.67,1,0.0,19.56,20,0,bus_stop
2.14,5.54,5.4,11.45,0,0.0,12.6,30,0,unknown
5.87,15.69,9.4,6.06,0,0.0,9.76,40,0,traffic_light
0.69,3.49,7.52,16.92,0,0.0,32.84,50,0,traffic_light
6.72,2.34,1.5,9.94,0,0.0,26.33,50,0,school
1.76,5.69,16.89,0.82,0,477.92,0.44,35,0,depot
9.17,17.41,12.11,15.59,0,0.0,35.54,50,0,traffic_light
6.98,2.49,15.5,28.41,0,54.56,0.33,40,0,bus_stop
6.67,14.23,8.38,24.25,0,0.0,8.65,40,0,school
1.94,9.94,4.77,11.49,0,0.0,21.16,35,0,unknown
17.83,1.47,16.12,23.21,0,56.87,0.06,45,0,traffic_light
9.27,9.99,14.56,27.55,0,0.0,13.81,45,0,traffic_light
14.91,17.93,13.21,4.48,0,0.0,16.6,50,0,bus_stop
5.93,0.89,2.41,29.66,0,0.0,20.28,20,0.58,unknown
0.03,17.33,10.34,8.47,0,0.0,14.73,35,0,bus_stop
5.91,2.53,10.2,13.88,0,0.0,40.73,45,0,unknown
10.24,6.49,15.22,20.94,0,54.59,0.13,40,0,bus_stop
0.03,2.54,9.54,1.15,0,0.0,40.39,45,0,unknown
5.3,5.31,13.57,23.38,0,0.0,31.69,30,0.29,school
1.2,1.6,11.86,7.47,0,0.0,10.85,45,0,school
9.45,11.16,9.64,9.01,0,56.91,0.33,45,0,unknown
6.05,6.81,16.33,0.18,0,77.94,0.41,20,0,unknown
7.29,15.32,12.53,1.08,0,0.0,14.49,45,0,traffic_light
0.31,4.52,6.65,29.0,0,80.23,0.87,40,0,bus_stop
0.5,10.03,2.6,5.78,0,0.0,13.74,45,0,unknown
8.06,15.92,13.8,17.19,0,110.95,0.08,20,0,school
20.77,10.03,15.69,0.59,0,94.22,0.27,30,0,bus_stop
3.31,0.42,11.57,10.7,0,0.0,8.52,30,0,traffic_light
16.0,7.56,3.55,17.6,0,60.89,0.57,30,0,unknown
4.09,11.77,9.68,14.07,0,26.7,0.92,20,0,traffic_light
29.27,3.21,7.71,12.2,0,20.2,0.83,50,0,traffic_light
22.88,3.12,14.24,25.65,0,0.0,15.7,20,0,school
1.64,3.44,15.68,24.63,0,7.08,0.26,20,0,traffic_light
1.7,13.74,3.46,27.79,0,0.0,21.8,45,0,depot
5.27,13.64,2.76,23.81,0,41.07,0.38,35,0,unknown
2.4,4.43,2.03,17.11,0,0.0,19.03,30,0,unknown
7.4,4.01,14.75,6.1,0,0.0,8.74,20,0,traffic_light
0.21,6.58,13.99,4.19,0,66.64,0.21,30,0,traffic_light
6.11,6.37,7.44,17.37,0,0.0,34.41,50,0,traffic_light
4.3,9.58,5.1,27.26,0,14.39,0.08,40,0,unknown
19.41,14.87,5.16,18.63,0,0.0,16.46,45,0,depot
0.51,4.03,10.02,23.73,0,62.5,0.24,50,0,bus_stop
2.82,16.57,9.37,22.33,0,96.71,1.18,40,0,bus_stop
0.34,17.61,7.85,19.29,0,0.0,22.87,40,0,depot
0.46,13.15,17.48,22.43,0,0.0,42.69,45,0,unknown
9.98,11.93,5.28,23.98,0,0.0,12.07,20,0,bus_stop
5.07,13.35,10.62,27.29,0,0.0,36.44,35,0.81,unknown
10.69,3.86,8.78,27.37,0,0.0,22.24,20,0.6,depot
8.62,7.97,0.67,27.75,0,56.5,0.51,30,0,bus_stop
18.28,15.22,2.02,11.3,0,0.0,12.76,50,0,bus_stop
4.52,4.59,11.49,0.83,0,0.0,20.8,45,0,school
12.94,13.34,5.78,3.28,0,0.0,21.87,20,0.31,depot
0.57,6.44,14.37,16.75,0,10.33,0.67,50,0,unknown
4.24,15.54,2.06,25.16,0,0.0,16.48,35,0,bus_stop
2.99,1.65,17.19,2.52,0,75.28,0.22,20,0,unknown
0.84,6.18,11.15,29.57,0,67.59,0.03,20,0,bus_stop
11.01,15.87,13.18,29.96,0,413.75,0.94,35,0,depot
34.94,34.25,38.92,146.01,1,0.0,15.35,50,0,unknown
18.66,0.88,12.22,20.17,0,39.34,1.07,35,0,unknown
21.21,6.69,13.04,6.52,0,0.0,36.56,35,1.81,traffic_light
6.84,17.14,8.7,22.55,0,0.0,12.17,20,0,unknown
3.27,9.12,11.99,13.58,0,424.56,0.42,35,0,school
6.05,11.86,8.21,19.42,0,357.91,0.08,50,0,depot
0.36,4.15,10.85,0.44,0,0.0,47.38,50,0,school
3.64,8.45,9.73,14.82,0,61.53,0.19,20,0,traffic_light
8.18,6.66,13.64,4.72,0,0.0,16.29,50,0,depot
4.94,16.24,6.25,10.12,0,0.0,27.96,30,0,bus_stop
4.73,0.52,15.21,10.09,0,59.14,0.48,30,0,unknown
17.54,0.89,2.68,1.87,0,0.0,9.73,30,0,bus_stop
0.02,10.69,15.59,19.08,0,0.0,10.26,20,0,bus_stop
3.15,13.52,8.73,22.42,0,224.69,1.15,30,0,school
3.06,12.6,10.82,7.88,0,86.75,0.77,40,0,unknown
0.59,13.6,2.9,29.98,0,16.57,0.4,35,0,traffic_light
58.45,58.6,61.07,264.81,0,0.0,16.27,20,0,traffic_light
1.47,8.97,8.43,7.8,0,252.11,1.1,45,0,depot
7.24,2.1,12.24,22.43,0,52.38,1.12,35,0,traffic_light
0.26,12.8,14.11,14.2,0,0.0,17.25,40,0,school
0.08,5.47,11.65,7.81,0,548.87,0.96,40,0,school
4.17,12.91,9.43,29.78,0,0.0,34.6,40,0,traffic_light
15.02,7.73,5.3,10.48,0,0.0,7.46,40,0,school
3.6,3.2,5.14,21.79,0,0.0,21.4,45,0,bus_stop
30.27,46.47,71.23,590.65,1,0.0,45.76,45,0.61,unknown
10.63,2.41,15.18,23.07,0,15.13,0.1,35,0,traffic_light
2.28,9.05,2.73,28.47,0,0.0,39.57,40,0,bus_stop
2.78,15.1,6.67,14.16,0,0.0,20.67,35,0,bus_stop
9.11,8.5,12.14,20.67,0,0.0,15.7,30,0,traffic_light
0.02,15.16,9.46,20.33,0,0.0,40.07,45,0,traffic_light
7.79,16.03,4.64,7.61,0,56.56,0.13,40,0,traffic_light
3.36,0.09,15.96,22.35,0,52.64,0.09,20,0,unknown
11.35,13.12,9.06,4.54,0,0.0,51.84,50,3.04,unknown
12.87,5.24,13.58,11.69,0,0.0,42.55,50,0,bus_stop
8.35,9.42,1.27,10.01,0,0.0,43.23,50,0,traffic_light
7.8,12.3,17.27,14.67,0,0.0,19.05,40,0,school
9.84,5.66,3.85,20.25,0,0.0,47.65,45,3.2,bus_stop
5.87,14.09,13.53,29.75,0,217.47,0.71,20,0,bus_stop
1.0,7.89,11.06,12.86,0,0.0,20.31,50,0,depot
21.16,9.73,12.62,24.86,0,59.05,0.03,40,0,traffic_light
5.85,14.09,6.88,3.07,0,0.0,25.09,40,0,school
5.73,8.66,4.74,29.78,0,40.82,0.34,35,0,traffic_light
16.04,8.92,15.7,21.19,0,60.42,0.84,40,0,traffic_light
0.34,14.78,10.84,1.96,0,0.0,24.37,40,0,bus_stop
9.43,13.41,8.2,27.09,0,0.0,11.27,20,0,traffic_light
6.24,0.85,4.08,1.83,0,0.0,8.18,40,0,traffic_light
4.11,3.99,15.62,3.59,0,0.0,17.98,40,0,bus_stop
2.99,10.24,3.04,23.49,0,127.38,0.38,35,0,school
23.27,6.17,9.45,1.67,0,0.0,16.36,20,0,traffic_light
11.29,1.92,11.35,25.66,0,0.0,16.51,20,0,unknown
2.89,12.63,12.81,13.53,0,0.0,16.1,45,0,unknown
1.14,16.56,3.58,29.71,0,0.0,18.02,35,0,bus_stop
1.49,0.95,15.46,21.48,0,0.0,28.24,30,0,traffic_light
6.75,6.54,4.5,13.26,0,0.0,22.75,45,0,traffic_light
71.96,80.03,46.31,682.12,1,0.0,30.68,30,3.45,unknown
0.68,5.83,14.38,19.97,0,0.0,38.8,45,0,unknown
16.68,5.24,11.11,0.85,0,149.22,0.14,35,0,school
4.43,2.82,12.14,3.77,0,24.25,1.0,30,0,unknown
5.54,6.32,14.23,18.47,0,0.0,23.39,40,0,depot
11.94,10.82,2.7,20.47,0,0.0,28.0,35,0,school
8.79,13.46,8.59,15.62,0,0.0,36.42,50,0,depot
8.48,5.56,8.76,7.92,0,196.87,1.1,20,0,depot
10.27,14.06,10.62,29.02,0,0.0,28.27,40,0,unknown
5.73,11.41,9.85,29.08,0,0.0,15.48,50,0,traffic_light
3.86,11.05,17.22,20.93,0,0.0,10.92,20,0,depot
1.37,5.07,14.79,21.41,0,0.0,43.86,45,0,depot
12.17,5.9,5.71,4.92,0,0.0,12.0,35,0,school
6.2,0.34,17.13,1.87,0,6.45,1.09,40,0,traffic_light
14.79,0.16,15.98,14.83,0,260.02,0.74,40,0,school
0.64,7.57,3.84,28.43,0,0.0,33.06,45,0,bus_stop
3.75,1.0,9.77,19.82,0,333.96,0.42,40,0,school
4.29,0.04,15.96,29.77,0,9.15,0.46,20,0,traffic_light
0.46,11.33,17.18,12.44,0,0.0,25.51,45,0,traffic_light
3.85,12.0,10.05,11.72,0,0.0,30.24,45,0,traffic_light
10.82,3.13,0.64,23.56,0,0.0,21.66,35,0,bus_stop
10.53,14.89,12.86,11.58,0,0.0,10.26,35,0,unknown
1.8,12.56,16.99,4.85,0,0.0,24.84,30,0,school
12.05,10.12,8.16,10.4,0,50.71,0.24,50,0,traffic_light
3.32,13.09,9.74,13.34,0,0.0,17.43,30,0,unknown
0.57,9.75,15.43,3.48,0,27.3,0.75,20,0,traffic_light
6.21,15.26,1.23,29.93,0,189.66,0.5,20,0,bus_stop
4.78,12.64,7.81,10.74,0,0.0,27.77,40,0,bus_stop
0.2,17.93,7.5,20.27,0,0.0,34.77,50,0,unknown
11.98,0.94,0.74,29.43,0,0.0,30.96,45,0,school
0.94,14.44,14.4,9.12,0,35.48,0.58,45,0,unknown
10.64,6.88,9.34,21.85,0,57.5,0.95,30,0,unknown
2.45,16.44,11.25,12.46,0,0.0,30.88,45,0,bus_stop
26.76,10.17,11.18,22.29,0,94.94,0.0,30,0,school
0.37,13.45,12.5,28.02,0,16.48,0.71,45,0,traffic_light
3.46,14.09,0.63,14.19,0,69.14,0.38,20,0,unknown
8.83,3.04,12.97,12.7,0,0.0,26.98,30,0,bus_stop
3.77,3.77,13.69,29.74,0,0.0,12.09,35,0,bus_stop
3.84,1.56,1.39,11.16,0,0.0,36.51,40,0,school
77.99,24.4,52.41,159.88,1,0.0,23.59,40,0,traffic_light
1.32,7.98,9.21,0.28,0,0.0,20.6,20,1.18,school
6.5,4.84,17.2,26.18,0,0.0,42.32,50,0,depot
3.23,11.8,16.82,16.68,0,0.0,33.12,35,0,bus_stop
5.53,12.68,3.59,22.39,0,0.0,31.38,45,0,school
17.18,14.65,16.06,0.71,0,29.14,1.15,40,0,traffic_light
5.7,7.02,5.43,1.47,0,0.0,14.81,20,0,bus_stop
7.13,7.34,9.34,27.44,0,0.0,37.93,45,0,unknown
10.14,1.06,2.35,8.1,0,0.0,42.14,45,0,traffic_light
6.64,11.89,14.39,20.8,0,0.0,21.05,35,0,unknown
9.79,15.62,10.18,13.6,0,0.0,24.16,40,0,traffic_light
12.6,16.24,15.56,10.57,0,0.0,19.25,30,0,bus_stop
61.25,67.05,33.46,602.2,0,0.0,32.33,40,0,unknown
7.98,2.91,12.84,6.04,0,0.0,11.44,40,0,unknown
0.6,0.04,17.48,16.18,0,37.55,0.26,30,0,traffic_light
7.54,16.35,1.13,21.82,0,0.0,42.27,45,0,unknown
53.01,69.23,37.75,342.18,1,0.0,17.79,20,0,school
12.02,2.16,11.05,18.32,0,100.77,0.72,50,0,bus_stop
0.59,17.3,7.49,27.85,0,230.0,1.13,45,0,school
8.74,8.69,6.52,17.76,0,0.0,23.03,30,0,depot
0.09,12.8,13.77,26.27,0,0.0,37.04,35,1.61,traffic_light
6.96,6.95,13.27,27.78,0,0.0,15.04,30,0,traffic_light
1.47,1.14,11.07,3.54,0,20.68,0.89,50,0,unknown
9.44,10.03,5.34,15.08,0,0.0,13.88,45,0,unknown
5.9,6.71,15.38,23.06,0,0.0,21.1,35,0,bus_stop
0.16,6.99,8.91,20.93,0,0.0,28.54,30,0,traffic_light
0.87,2.26,13.2,14.09,0,0.0,12.03,50,0,bus_stop
5.03,14.66,14.95,19.28,0,0.0,15.7,35,0,depot
8.3,7.74,1.94,7.94,0,0.0,31.08,30,1.1,school
0.63,9.69,6.28,12.76,0,0.0,10.04,30,0,traffic_light
0.39,16.52,1.64,1.66,0,0.0,17.58,20,0,school
2.25,12.59,17.59,5.68,0,0.0,33.38,35,0,school
6.15,10.15,17.41,28.38,0,0.0,38.82,45,0,bus_stop
8.52,0.52,0.6,12.42,0,23.87,0.39,20,0,unknown
1.73,9.91,17.5,1.83,0,46.21,0.51,45,0,traffic_light
25.27,11.9,14.96,12.87,0,37.36,0.9,50,0,unknown
18.22,5.36,6.14,26.24,0,178.27,0.7,20,0,school
1.48,8.73,6.0,15.72,0,0.0,8.95,40,0,bus_stop
0.34,0.17,4.86,23.14,0,0.0,26.98,30,0,school
1.83,1.28,10.72,27.92,0,0.0,46.6,45,0.84,depot
9.26,8.47,4.27,0.85,0,0.0,24.8,45,0,traffic_light
2.58,6.39,15.56,20.44,0,0.0,18.68,35,0,unknown
2.46,0.84,12.38,12.38,0,44.27,0.2,40,0,traffic_light
0.04,6.0,14.48,2.11,0,31.38,0.23,20,0,traffic_light
15.03,3.88,7.5,3.21,0,0.0,25.53,40,0,school
13.82,4.48,6.16,16.04,0,44.92,0.45,50,0,traffic_light
10.09,0.7,8.27,27.46,0,0.0,9.84,45,0,traffic_light
2.3,14.91,9.56,22.11,0,25.25,1.08,40,0,traffic_light
1.29,1.76,2.21,2.42,0,0.0,9.53,30,0,school
31.14,12.71,13.26,1.81,0,6.92,0.64,30,0,unknown
22.14,7.14,7.11,0.58,0,42.91,0.57,45,0,unknown
8.51,16.51,9.78,22.91,0,0.0,49.5,50,0,bus_stop
8.33,13.34,9.57,21.28,0,0.0,26.24,45,0,traffic_light
83.89,18.44,37.61,174.8,1,0.0,34.13,40,0,unknown
9.37,4.98,7.96,21.91,0,0.0,19.94,20,0,unknown
0.32,4.52,11.61,19.95,0,161.72,1.02,40,0,bus_stop
2.88,7.52,7.19,12.44,0,17.3,0.81,45,0,traffic_light
2.54,9.38,17.26,21.72,0,0.0,21.3,40,0,traffic_light
7.04,10.58,10.61,18.68,0,0.0,10.68,50,0,traffic_light
42.62,34.77,40.36,415.4,1,0.0,43.01,50,0,traffic_light
2.6,0.69,9.64,7.99,0,0.0,11.54,40,0,traffic_light
1.11,9.81,3.25,8.96,0,16.09,0.77,50,0,traffic_light
9.59,4.93,14.53,25.97,0,0.0,38.0,40,0,traffic_light
1.44,7.59,13.77,22.64,0,36.3,0.09,30,0,unknown
1.65,5.57,6.53,8.55,0,0.0,29.64,30,0,unknown
4.97,15.14,8.62,8.76,0,126.41,0.07,40,0,school
9.89,2.88,6.78,0.17,0,76.03,0.06,45,0,bus_stop
16.23,5.04,0.46,28.65,0,0.0,35.79,45,0,traffic_light
9.57,10.86,3.57,28.11,0,49.48,0.46,45,0,unknown
3.36,14.25,17.28,21.67,0,0.0,38.34,40,0,unknown
2.47,3.86,15.86,24.16,0,183.68,0.77,40,0,school
3.48,10.16,16.99,9.24,0,854.26,1.03,50,0,depot
7.5,15.28,15.96,17.58,0,27.6,0.33,45,0,unknown
4.83,5.25,17.42,8.54,0,0.0,8.55,35,0,traffic_light
28.02,16.84,11.96,8.67,0,87.35,0.8,35,0,depot
0.92,8.52,7.18,3.18,0,0.0,41.8,45,0,traffic_light
3.43,7.24,5.92,21.88,0,0.0,12.6,40,0,traffic_light
21.54,16.54,17.21,20.59,0,0.0,9.99,20,0,unknown
2.76,10.31,2.93,21.28,0,0.0,17.84,20,0,depot
6.56,11.05,6.9,28.97,0,161.95,0.84,35,0,school
7.25,9.4,17.52,8.29,0,0.0,33.0,35,0,unknown
2.61,9.41,12.0,4.45,0,169.59,0.69,40,0,bus_stop
6.35,14.03,6.42,27.95,0,0.0,38.11,40,0,traffic_light
13.17,3.44,9.94,29.3,0,210.81,0.84,20,0,depot
21.98,2.9,11.57,8.13,0,0.0,24.96,35,0,depot
39.86,84.38,56.79,652.93,1,0.0,27.86,50,0,depot
7.34,15.75,7.94,26.2,0,0.0,14.8,45,0,school
1.14,4.61,10.09,8.36,0,0.0,11.89,50,0,traffic_light
2.63,7.83,6.54,9.89,0,0.0,24.72,40,0,school
3.18,12.02,3.38,6.04,0,24.29,1.02,35,0,traffic_light
3.67,0.43,7.72,7.42,0,0.0,41.49,45,0,bus_stop
5.01,14.73,1.2,12.56,0,0.0,7.71,20,0,bus_stop
3.78,16.69,17.56,27.54,0,0.0,38.37,45,0,school
6.68,6.41,16.92,15.38,0,0.0,24.57,40,0,traffic_light
9.16,8.19,12.99,3.55,0,0.0,33.91,50,0,unknown
6.52,8.72,4.08,19.32,0,0.0,31.18,30,0.92,traffic_light
5.62,15.13,16.3,5.7,0,241.81,0.86,20,0,bus_stop
14.77,3.61,13.79,11.73,0,0.0,17.9,20,0,bus_stop
14.32,7.65,11.98,15.78,0,187.22,0.38,50,0,school
16.31,10.95,13.35,28.66,0,0.0,24.79,35,0,traffic_light
1.18,9.64,7.08,2.24,0,23.62,0.72,20,0,traffic_light
2.56,12.73,6.25,23.79,0,0.0,44.78,50,0,unknown
3.91,17.66,15.73,6.13,0,0.0,22.46,35,0,school
9.55,1.96,12.19,29.29,0,0.0,38.76,40,0,depot
16.02,15.52,5.13,9.33,0,0.0,20.86,35,0,bus_stop
4.44,0.48,2.8,16.0,0,0.0,16.44,45,0,school
2.95,13.78,17.23,14.84,0,0.0,18.14,30,0,unknown
19.4,7.26,13.2,28.47,0,0.0,39.96,50,0,unknown
2.03,13.36,8.73,17.5,0,0.0,16.6,30,0,school
0.15,14.39,12.68,26.6,0,0.0,15.73,40,0,unknown
11.67,9.37,14.15,27.58,0,0.0,17.4,30,0,unknown
0.57,5.15,8.06,2.56,0,0.0,20.89,45,0,traffic_light
15.83,13.73,6.23,23.85,0,0.0,14.36,45,0,school
4.96,4.24,6.93,17.76,0,10.24,0.35,30,0,unknown
4.86,17.52,14.53,14.57,0,0.0,24.1,35,0,traffic_light
5.85,5.68,11.29,4.85,0,48.34,1.07,20,0,traffic_light
1.82,17.05,4.14,19.45,0,325.9,0.45,20,0,depot
2.42,12.63,4.25,5.64,0,0.0,14.42,20,0,traffic_light
11.51,8.23,7.76,17.69,0,0.0,28.88,45,0,unknown
12.94,15.12,10.25,17.74,0,48.45,0.88,50,0,unknown
5.45,2.43,15.31,1.66,0,43.72,0.98,20,0,traffic_light
3.36,11.14,9.45,14.63,0,0.0,18.07,35,0,traffic_light
17.79,16.6,1.84,6.64,0,0.0,20.62,35,0,traffic_light
78.87,68.56,65.11,206.51,1,0.0,10.84,20,0,bus_stop
2.71,8.04,9.37,2.61,0,0.0,13.56,20,0,bus_stop
1.35,7.9,0.4,28.96,0,0.0,17.23,20,0,depot
4.35,0.23,16.43,1.76,0,0.0,17.03,30,0,bus_stop
6.83,14.32,14.31,17.55,0,0.0,12.66,20,0,bus_stop
2.04,11.49,12.13,20.49,0,0.0,51.1,50,3.36,traffic_light
12.09,11.44,15.52,23.91,0,0.0,7.83,45,0,bus_stop
2.68,12.84,15.7,12.49,0,0.0,37.03,50,0,school
0.53,8.26,11.67,9.66,0,0.0,52.68,50,3.96,unknown
1.99,4.75,2.63,21.49,0,0.0,37.14,45,0,school
5.92,9.67,11.56,14.02,0,28.72,0.61,50,0,unknown
58.01,11.01,48.57,1.18,0,377.32,0.39,45,0,school
1.55,9.4,9.54,12.03,0,0.0,27.24,35,0,depot
1.5,11.12,10.87,6.06,0,39.62,0.13,35,0,traffic_light
9.11,11.58,14.08,17.79,0,0.0,31.06,30,3.01,school
11.37,5.9,2.27,11.04,0,49.6,0.99,35,0,unknown
3.98,4.34,3.56,8.23,0,203.39,0.11,40,0,school
7.7,1.75,4.27,10.84,0,15.41,0.68,50,0,unknown
5.91,16.83,0.69,0.05,0,0.0,29.16,40,0,traffic_light
6.31,5.61,0.97,23.94,0,0.0,7.23,30,0,school
35,7.03,17.97,18.73,0,70.14,0.74,45,0,bus_stop
11.02,1.81,9.07,8.76,0,0.0,52.68,50,3.43,traffic_light
5.99,0.79,11.22,3.0,0,428.32,0.88,40,0,depot
0.98,6.95,1.24,22.97,0,0.0,8.13,30,0,depot
10.81,2.63,7.51,6.26,0,0.0,29.16,40,0,unknown
2.18,6.77,11.54,20.95,0,83.68,1.04,30,0,bus_stop
5.03,7.9,1.52,23.61,0,123.35,0.21,30,0,bus_stop
2.44,7.7,3.59,18.34,0,388.69,0.54,45,0,depot
1.07,3.43,16.41,2.85,0,0.0,22.06,30,0,unknown
18.73,13.2,2.37,9.89,0,194.32,0.77,35,0,school
61.53,40.63,30.9,6.46,1,35.58,0.57,20,0,unknown
7.2,13.15,9.74,8.53,0,22.8,0.05,35,0,traffic_light
1.28,10.63,13.67,9.3,0,281.64,0.89,30,0,school
11.83,13.31,11.64,13.29,0,27.37,0.64,30,0,traffic_light
92.48,83.29,36.77,14.77,1,537.61,0.64,40,0,school
3.22,3.91,14.03,29.53,0,0.0,46.97,45,2.98,traffic_light
3.7,2.55,2.58,29.34,0,0.0,11.28,40,0,unknown
6.88,10.57,10.89,15.13,0,27.47,0.95,20,0,unknown
0.69,2.07,7.23,14.45,0,0.0,31.57,45,0,unknown
81.54,24.08,32.5,182.65,1,0.0,27.31,30,0,traffic_light
2.41,4.88,4.08,3.98,0,68.61,0.44,40,0,bus_stop
10.38,17.84,2.73,25.65,0,0.0,26.48,45,0,depot
2.5,0.61,16.97,29.97,0,0.0,7.57,50,0,traffic_light
1.45,3.29,15.15,10.91,0,0.0,35.58,50,0,traffic_light
20.58,7.42,17.52,18.68,0,0.0,32.09,30,2.24,traffic_light
16.34,4.17,12.41,14.4,0,0.0,50.6,50,1.81,depot
4.14,8.15,7.85,2.85,0,0.0,9.49,35,0,traffic_light
52.79,50.26,45.57,13.6,1,48.28,0.97,45,0,bus_stop
2.95,10.81,15.25,24.94,0,0.0,10.13,40,0,depot
4.19,12.38,8.35,12.95,0,0.0,20.1,35,0,bus_stop
8.12,13.47,16.32,27.28,0,402.5,0.76,40,0,school
5.82,12.75,1.16,28.5,0,0.0,9.55,40,0,bus_stop
9.57,4.1,0.28,25.47,0,0.0,20.36,20,1.76,bus_stop
29.28,2.94,13.56,27.76,0,0.0,22.52,50,0,traffic_light
6.89,0.09,13.98,15.73,0,0.0,16.24,40,0,bus_stop
6.0,5.1,4.52,2.98,0,0.0,37.68,50,0,traffic_light
1.48,6.29,6.08,25.96,0,0.0,9.28,30,0,unknown
14.02,7.5,1.99,19.13,0,0.0,28.06,30,0,traffic_light
8.83,1.28,3.26,16.88,0,0.0,24.79,40,0,depot
4.94,0.11,7.56,20.64,0,0.0,18.66,50,0,depot
2.76,11.65,2.16,19.75,0,0.0,27.81,35,0,traffic_light
58.02,87.86,36.31,332.21,1,0.0,13.61,35,0,bus_stop
9.76,12.25,11.01,9.91,0,379.01,0.26,30,0,depot
3.6,9.78,1.18,15.12,0,0.0,29.01,40,0,bus_stop
54.28,91.96,46.41,793.59,1,0.0,31.07,30,2.19,traffic_light
5.12,9.12,10.51,7.68,0,64.97,0.38,35,0,depot
5.54,0.89,16.18,10.33,0,0.0,8.88,30,0,traffic_light
1.3,5.66,5.47,3.73,0,0.0,9.56,30,0,unknown
1.28,8.93,13.93,25.26,0,18.95,0.86,30,0,traffic_light
1.08,0.55,7.97,13.62,0,0.0,7.96,20,0,unknown
4.42,1.81,16.68,10.62,0,0.0,12.12,50,0,unknown
0.08,4.49,9.65,2.42,0,0.0,30.3,35,0,unknown
1.36,16.19,5.74,15.01,0,0.0,27.01,40,0,traffic_light
7.14,4.16,6.63,1.79,0,30.44,0.03,20,0,traffic_light
1.39,7.83,16.7,26.36,0,50.95,0.23,50,0,traffic_light
12.6,16.16,12.29,12.83,0,0.0,49.94,50,0,traffic_light
13.56,17.3,5.99,4.6,0,0.0,8.69,45,0,depot
20.33,6.42,0.01,10.99,0,0.0,19.78,20,0,unknown
11.39,1.8,13.23,21.19,0,0.0,8.7,30,0,school
2.09,11.65,13.99,29.23,0,0.0,41.77,40,2.82,depot
2.96,16.22,12.34,17.53,0,17.68,1.01,35,0,traffic_light
9.5,17.38,4.24,24.77,0,0.0,10.47,20,0,traffic_light
1.6,9.29,0.86,0.26,0,17.17,0.1,40,0,unknown
4.36,12.83,7.14,23.01,0,0.0,24.59,50,0,unknown
12.04,5.28,7.52,2.39,0,0.0,36.86,40,0,unknown
14.46,4.66,9.49,17.05,0,0.0,35.42,45,0,unknown
0.65,5.85,13.25,25.1,0,0.0,30.79,35,0,unknown
3.45,12.16,1.83,22.61,0,22.11,0.28,45,0,unknown
47.83,11.7,38.54,0.82,0,203.61,0.25,45,0,bus_stop
3.61,3.21,8.14,18.33,0,0.0,11.2,45,0,school
46.26,98.5,52.51,621.03,0,0.0,22.7,20,2.26,traffic_light
0.88,8.87,13.72,26.05,0,189.18,0.14,40,0,depot
15.26,11.22,7.59,11.0,0,137.06,1.01,30,0,bus_stop
5.78,3.64,16.72,5.9,0,0.0,8.5,45,0,unknown
3.47,10.63,5.89,10.58,0,0.0,25.7,40,0,school
1.06,14.85,7.89,21.25,0,0.0,18.7,20,0,bus_stop
5.73,4.53,7.86,16.89,0,0.0,15.67,20,0,bus_stop
13.56,6.51,5.11,27.38,0,0.0,19.3,30,0,unknown
9.73,11.33,3.72,26.08,0,54.6,0.06,20,0,traffic_light
5.12,8.09,12.45,23.01,0,0.0,33.92,40,0,bus_stop
5.91,3.87,3.64,20.18,0,0.0,31.64,35,0,unknown
31.85,1.51,4.09,3.91,0,0.0,22.17,20,1.4,bus_stop
16.85,16.97,15.52,22.76,0,0.0,15.62,30,0,depot
2.81,14.95,14.14,14.44,0,0.0,21.88,20,2.39,traffic_light
27.41,14.32,7.47,29.6,0,0.0,19.61,40,0,school
0.86,16.57,3.4,20.95,0,0.0,11.15,35,0,bus_stop
3.28,8.04,13.33,26.62,0,0.0,40.0,40,0,traffic_light
7.42,1.97,10.4,24.3,0,0.0,36.79,35,1.83,unknown
10.52,13.19,17.85,11.42,0,422.77,1.09,20,0,depot
2.13,16.31,14.54,23.58,0,43.43,0.07,45,0,unknown
35.61,77.1,46.45,272.61,0,0.0,12.73,35,0,bus_stop
0.11,11.26,4.23,28.8,0,0.0,20.93,20,2.11,bus_stop
8.37,13.16,12.07,5.48,0,0.0,28.89,30,0,school
54.11,43.35,15.49,206.09,1,0.0,17.12,35,0,unknown
31.25,6.18,5.07,1.59,0,0.0,30.87,45,0,traffic_light
11.45,13.6,16.6,1.28,0,0.0,12.18,20,0,unknown
1.35,11.35,15.01,2.84,0,0.0,31.0,40,0,unknown
4.96,12.26,15.26,12.36,0,43.72,0.43,40,0,unknown
12.58,17.32,3.36,23.11,0,0.0,32.09,30,2.92,unknown
4.19,1.91,8.78,20.07,0,0.0,31.22,30,0.48,traffic_light
0.55,6.71,1.21,27.83,0,44.03,0.9,35,0,bus_stop
5.33,0.98,6.77,18.08,0,0.0,22.85,30,0,school
6.32,13.77,0.58,8.8,0,0.0,9.58,50,0,depot
3.99,0.75,15.92,21.58,0,84.82,0.58,30,0,bus_stop
3.35,3.08,5.85,0.2,0,47.1,0.33,35,0,bus_stop
8.05,1.56,17.11,19.85,0,0.0,33.96,35,0,traffic_light
24.14,0.16,7.73,12.93,0,210.15,0.48,50,0,bus_stop
1.98,17.09,1.43,10.49,0,16.95,0.12,20,0,traffic_light
4.71,15.68,3.42,13.79,0,0.0,41.46,40,2.67,bus_stop
0.88,11.13,7.42,10.02,0,0.0,24.88,50,0,unknown
1.53,16.88,8.0,1.61,0,0.0,15.56,40,0,depot
7.15,6.13,0.89,9.09,0,0.0,8.3,30,0,unknown
1.28,11.07,8.87,16.19,0,0.0,23.33,40,0,bus_stop
6.09,17.8,8.8,10.08,0,0.0,32.01,45,0,unknown
56.36,70.67,71.72,190.82,1,0.0,9.72,40,0,school
1.95,10.91,3.14,10.62,0,0.0,11.91,20,0,unknown
2.94,4.07,1.68,22.52,0,486.38,0.87,40,0,school
0.47,4.94,1.54,22.8,0,0.0,31.08,35,0,unknown
0.85,15.86,14.24,27.39,0,0.0,15.79,30,0,school
0.53,1.96,1.44,25.44,0,0.0,28.26,45,0,unknown
57.39,33.76,34.79,157.8,0,0.0,16.83,45,0,depot
47.5,67.33,39.79,191.63,1,0.0,10.25,20,0,traffic_light
8.53,12.27,3.8,17.44,0,0.0,19.21,30,0,school
5.2,2.0,11.1,12.65,0,205.66,0.47,40,0,bus_stop
1.47,17.66,2.52,21.54,0,0.0,29.91,35,0,unknown
13.04,1.67,14.14,9.6,0,7.34,0.6,20,0,unknown
3.14,12.76,13.22,8.76,0,43.42,0.39,45,0,traffic_light
14.79,10.03,4.44,24.21,0,0.0,18.88,35,0,bus_stop
0.26,12.06,11.57,2.38,0,0.0,10.66,35,0,unknown
3.64,17.74,7.56,25.18,0,0.0,37.04,40,0,school
25.9,11.24,3.98,19.37,0,0.0,9.64,30,0,school
8.39,10.93,3.8,17.7,0,0.0,12.52,30,0,traffic_light
4.34,2.84,9.4,25.39,0,40.79,0.4,20,0,traffic_light
0.01,0.88,4.56,3.83,0,75.67,0.51,20,0,bus_stop
13.83,4.57,5.54,16.77,0,0.0,38.49,50,0,depot
1.61,14.72,16.18,2.72,0,0.0,48.09,50,0,unknown
7.0,15.05,11.14,0.27,0,62.34,0.08,50,0,traffic_light
26.96,17.86,0.45,14.32,0,0.0,10.44,35,0,traffic_light
3.68,17.25,8.13,3.7,0,0.0,23.71,30,0,depot
6.63,3.59,15.63,16.45,0,0.0,20.35,35,0,depot
26.78,15.98,10.07,4.69,0,0.0,29.13,40,0,unknown
3.74,2.01,8.55,14.18,0,0.0,9.12,35,0,school
4.99,2.91,1.4,22.64,0,18.56,0.47,35,0,unknown
35,6.34,15.42,9.05,0,256.35,0.15,50,0,depot
1.71,0.8,2.23,3.44,0,0.0,14.35,45,0,school
0.11,16.14,4.22,15.79,0,10.43,0.07,50,0,unknown
0.53,8.17,16.83,3.41,0,0.0,24.02,30,0,traffic_light
1.94,11.91,0.14,17.12,0,0.0,36.34,35,1.96,school
1.45,15.54,10.26,20.26,0,0.0,22.55,30,0,unknown
2.29,9.18,9.21,26.71,0,0.0,13.09,40,0,unknown
13.37,9.86,7.33,12.48,0,0.0,15.7,30,0,school
2.97,4.45,0.9,0.5,0,317.06,1.0,30,0,school
1.78,13.55,13.56,10.33,0,740.35,0.31,40,0,school
0.81,12.04,5.43,1.23,0,0.0,16.14,50,0,unknown
8.96,14.18,7.61,9.73,0,0.0,14.49,20,0,traffic_light
2.05,0.02,13.84,21.44,0,0.0,7.83,35,0,unknown
5.42,1.1,14.49,10.35,0,0.0,10.0,20,0,traffic_light
11.55,13.2,5.45,9.12,0,0.0,7.52,30,0,school
14.29,15.44,16.26,8.31,0,26.33,0.99,30,0,traffic_light
1.69,16.21,0.8,0.69,0,0.0,8.53,20,0,bus_stop
5.33,7.72,13.49,13.77,0,0.0,24.72,50,0,school
2.07,16.12,3.24,8.98,0,0.0,10.59,30,0,depot
7.39,12.7,13.81,9.07,0,35.91,0.46,40,0,traffic_light
3.09,11.32,16.45,22.63,0,202.46,0.06,45,0,depot
3.27,1.15,11.86,13.02,0,0.0,7.42,35,0,school
5.56,7.71,3.34,6.36,0,210.23,1.09,35,0,depot
3.87,9.42,14.07,22.04,0,0.0,20.14,20,0.31,traffic_light
3.9,9.58,2.66,14.91,0,600.31,1.07,45,0,school
2.06,7.8,6.9,13.75,0,0.0,7.37,45,0,school
0.25,14.33,10.68,6.72,0,170.06,0.51,45,0,bus_stop
0.78,1.66,13.54,5.12,0,0.0,47.08,50,0,traffic_light
76.49,60.51,24.02,5.49,0,15.62,0.33,50,0,traffic_light
17.89,16.74,5.17,10.04,0,0.0,32.17,30,2.52,unknown
15.73,0.38,6.38,7.29,0,0.0,27.1,50,0,traffic_light
1.24,16.75,6.53,7.81,0,0.0,12.2,40,0,bus_stop
5.07,16.3,12.01,5.77,0,0.0,29.62,35,0,unknown
23.69,0.71,10.57,28.99,0,0.0,19.37,30,0,school
35,9.33,10.87,21.65,0,181.42,1.04,20,0,bus_stop
0.16,16.99,10.51,26.93,0,0.0,40.37,40,3.11,traffic_light
7.95,6.22,16.32,23.84,0,0.0,14.97,20,0,bus_stop
3.16,10.88,6.12,22.27,0,38.77,1.06,20,0,traffic_light
0.53,14.84,10.98,8.36,0,0.0,38.91,45,0,depot
14.04,3.43,11.39,2.37,0,180.34,0.5,45,0,bus_stop
22.53,14.05,7.62,25.76,0,0.0,18.58,50,0,unknown
0.16,6.83,10.07,5.84,0,50.92,0.49,50,0,traffic_light
5.26,8.1,15.17,2.66,0,0.0,38.51,40,0,traffic_light
17.82,9.13,7.13,2.06,0,24.7,0.79,45,0,traffic_light
70.38,77.98,64.38,434.19,1,0.0,20.05,50,0,bus_stop
6.15,5.76,2.45,9.83,0,0.0,32.88,30,2.89,bus_stop
21.31,2.73,5.56,26.67,0,0.0,15.42,40,0,traffic_light
2.12,11.79,9.06,5.23,0,0.0,24.86,35,0,traffic_light
0.31,1.74,11.36,5.76,0,0.0,7.94,30,0,school
1.15,15.0,4.83,29.58,0,61.3,1.07,35,0,unknown
9.88,16.45,3.73,5.61,0,0.0,9.45,45,0,unknown
7.74,17.74,7.38,29.47,0,0.0,27.89,35,0,traffic_light
9.91,4.9,2.26,11.31,0,0.0,28.41,35,0,bus_stop
1.38,11.86,11.77,18.3,0,0.0,8.03,30,0,depot
76.98,22.56,36.97,3.72,1,121.65,0.59,30,0,school
0.18,7.83,8.95,1.92,0,0.0,14.44,20,0,school
3.72,7.33,13.22,16.3,0,0.0,21.57,20,2.43,traffic_light
2.37,8.14,3.5,6.9,0,768.19,0.39,30,0,school
3.05,13.72,2.31,19.51,0,0.0,30.76,40,0,school
11.76,14.36,2.29,4.53,0,0.0,27.08,50,0,bus_stop
8.16,10.56,9.61,0.83,0,285.86,0.29,35,0,school
12.8,1.14,15.3,22.11,0,613.12,0.07,50,0,school
3.45,6.71,4.22,28.11,0,0.0,16.66,35,0,traffic_light
2.97,15.98,1.96,23.78,0,0.0,33.06,40,0,bus_stop
5.41,8.86,15.89,21.12,0,0.0,12.79,30,0,traffic_light
1.6,13.61,14.24,23.69,0,0.0,8.71,20,0,bus_stop
1.1,10.35,15.03,14.94,0,200.15,0.14,20,0,bus_stop
16.75,13.17,3.71,7.27,0,27.73,0.51,20,0,unknown
5.41,11.54,5.6,26.78,0,0.0,37.7,45,0,school
4.44,17.47,2.83,20.34,0,20.92,1.14,20,0,traffic_light
5.5,3.36,13.11,1.25,0,0.0,35.07,35,2.69,depot
7.65,15.81,10.71,28.92,0,0.0,16.37,20,0,bus_stop
2.79,16.46,13.36,18.9,0,16.76,1.13,45,0,traffic_light
4.94,17.88,5.08,3.13,0,0.0,35.9,40,0,school
3.85,1.14,12.44,9.29,0,0.0,21.12,20,1.57,unknown
3.66,17.25,6.23,15.06,0,0.0,17.97,40,0,bus_stop
16.06,13.98,16.95,3.51,0,0.0,35.17,40,0,traffic_light
13.39,17.91,4.17,15.14,0,0.0,28.26,50,0,school
3.54,16.52,4.34,12.94,0,0.0,18.02,30,0,traffic_light
3.44,16.34,14.94,20.2,0,237.64,0.22,20,0,bus_stop
10.64,12.35,7.37,4.42,0,0.0,23.74,40,0,traffic_light
8.17,12.15,9.33,22.96,0,0.0,9.05,30,0,unknown
0.21,4.12,1.02,17.94,0,0.0,33.37,35,0,bus_stop
12.52,16.55,7.33,7.98,0,33.05,1.12,45,0,unknown
3.51,12.58,1.86,26.47,0,0.0,12.97,40,0,traffic_light
7.76,8.2,9.91,9.94,0,0.0,13.25,45,0,traffic_light
21.52,7.12,6.46,2.89,0,36.56,0.71,40,0,traffic_light
12.86,4.32,3.04,13.34,0,38.78,0.09,35,0,unknown
0.87,14.46,5.4,19.07,0,235.38,1.06,40,0,bus_stop
12.49,16.2,14.28,23.24,0,0.0,50.26,50,3.42,unknown
1.01,15.82,0.56,11.38,0,0.0,29.43,30,0,unknown
1.44,6.05,17.24,27.53,0,23.68,1.13,40,0,traffic_light
7.25,17.13,6.97,26.47,0,16.19,0.33,45,0,traffic_light
8.18,16.73,6.83,26.82,0,35.27,0.34,20,0,unknown
3.68,9.59,3.44,2.45,0,0.0,41.9,40,0.22,unknown
5.04,0.98,11.54,22.5,0,428.94,0.04,40,0,depot
13.25,17.67,14.58,2.47,0,0.0,22.89,30,0,depot
1.73,17.31,5.09,17.54,0,25.25,0.29,50,0,traffic_light
92.62,17.85,72.81,259.84,1,0.0,52.4,50,2.9,traffic_light
8.48,3.61,2.77,25.07,0,0.0,32.49,35,0,traffic_light
4.0,7.94,4.66,13.77,0,100.01,0.83,30,0,bus_stop
17.13,10.5,13.58,12.21,0,0.0,35.67,40,0,bus_stop
1.43,6.83,5.55,11.31,0,152.98,1.07,50,0,bus_stop
0.43,2.07,13.99,24.44,0,0.0,21.28,50,0,unknown
2.8,15.3,3.81,23.03,0,0.0,31.49,30,3.18,depot
5.97,9.61,0.91,14.03,0,0.0,19.58,20,0,school
1.5,6.17,6.67,22.86,0,0.0,27.52,30,0,traffic_light
2.19,9.1,17.15,19.28,0,36.3,0.36,20,0,unknown
1.0,6.96,17.39,4.37,0,0.0,17.45,35,0,unknown
7.42,3.6,4.1,0.51,0,0.0,14.92,20,0,traffic_light
5.53,11.34,15.9,27.28,0,0.0,36.0,40,0,bus_stop
6.48,11.3,9.74,14.35,0,0.0,20.93,45,0,bus_stop
6.88,13.44,15.99,1.83,0,0.0,19.66,35,0,traffic_light
5.99,8.95,7.95,24.97,0,21.16,0.01,20,0,unknown
1.88,7.38,0.46,22.62,0,65.96,0.49,20,0,bus_stop
5.5,2.21,10.32,9.31,0,20.05,0.55,50,0,unknown
8.06,8.93,15.38,1.59,0,60.5,0.63,40,0,unknown
5.32,12.27,11.53,12.61,0,0.0,12.76,35,0,bus_stop
5.14,8.48,15.87,2.24,0,0.0,17.54,50,0,unknown
17.7,12.37,10.75,11.76,0,11.77,0.9,35,0,traffic_light
0.74,1.54,14.65,17.43,0,0.0,12.32,50,0,unknown
2.69,16.9,11.24,11.73,0,58.86,0.26,35,0,traffic_light
2.09,0.94,14.13,28.91,0,151.65,0.03,20,0,bus_stop
6.37,1.02,16.79,6.52,0,0.0,16.7,20,0,traffic_light
10.93,3.07,12.11,29.4,0,0.0,24.26,30,0,traffic_light
93.49,86.63,29.69,699.74,1,0.0,29.08,50,0,unknown
27.16,5.0,3.12,15.97,0,0.0,27.14,30,0,depot
11.0,17.78,3.47,6.14,0,0.0,44.13,45,0,traffic_light
4.01,3.04,16.74,1.97,0,0.0,14.34,40,0,unknown
5.45,2.39,6.82,28.29,0,0.0,28.72,30,0,traffic_light
0.84,17.67,1.55,4.38,0,0.0,16.21,40,0,unknown
30.75,16.09,14.09,19.3,0,230.24,0.47,20,0,bus_stop
85.41,64.41,28.71,269.87,0,0.0,15.08,30,0,unknown
8.96,10.67,17.74,21.83,0,0.0,29.05,40,0,bus_stop
20.98,9.99,5.86,10.67,0,0.0,13.39,35,0,school
11.6,14.53,4.3,2.36,0,0.0,16.68,20,0,depot
0.62,10.75,11.02,9.45,0,24.98,1.01,30,0,traffic_light
0.41,17.45,5.87,2.77,0,0.0,15.71,50,0,school
44.65,55.75,50.81,414.98,1,0.0,26.8,45,0,depot
3.91,5.48,11.04,23.63,0,0.0,11.69,20,0,depot
46.73,32.43,20.44,95.26,1,0.0,10.57,35,0,traffic_light
0.98,15.89,5.28,1.2,0,0.0,35.88,35,2.22,unknown
5.44,3.59,9.58,11.08,0,0.0,26.56,30,0,traffic_light
8.59,17.9,17.88,19.71,0,46.18,0.29,35,0,traffic_light
4.41,14.8,0.44,29.27,0,50.64,1.03,45,0,unknown
2.44,8.64,8.67,1.31,0,0.0,43.55,45,0,bus_stop
3.92,4.15,5.42,12.51,0,220.3,1.04,50,0,depot
15.31,6.06,9.67,20.91,0,45.81,1.18,35,0,bus_stop
3.57,1.95,8.66,22.21,0,0.0,38.42,40,0,bus_stop
0.57,14.59,0.9,25.35,0,245.11,0.81,35,0,depot
4.45,12.44,17.36,8.47,0,0.0,24.82,35,0,unknown
1.34,16.04,5.62,10.06,0,22.71,0.14,45,0,unknown
0.42,8.05,3.45,7.56,0,0.0,28.7,45,0,bus_stop
13.1,13.93,0.26,13.04,0,0.0,17.8,20,0,school
2.91,12.35,17.18,15.41,0,728.03,0.76,20,0,depot
4.59,12.26,0.82,26.09,0,0.0,43.66,45,0,depot
18.52,4.69,1.39,25.54,0,0.0,10.84,40,0,bus_stop
8.77,8.9,5.6,4.19,0,0.0,22.75,30,0,bus_stop
0.26,9.02,5.97,17.57,0,0.0,26.83,45,0,bus_stop
15.48,9.36,2.31,19.53,0,0.0,18.34,35,0,unknown
2.34,3.28,8.2,13.42,0,90.11,0.71,50,0,bus_stop
6.16,3.74,11.04,0.37,0,0.0,37.04,35,2.2,bus_stop
60.4,29.1,40.44,5.87,0,37.7,0.73,45,0,unknown
86.55,14.21,34.65,63.43,1,0.0,16.07,35,0,bus_stop
1.15,13.01,4.3,2.68,0,0.0,13.15,40,0,school
4.56,14.72,4.78,6.37,0,0.0,17.65,30,0,unknown
10.08,8.32,5.34,16.27,0,117.75,0.21,30,0,school
8.62,9.04,2.26,17.92,0,0.0,28.88,30,0,unknown
22.27,1.7,3.31,11.31,0,0.0,18.35,50,0,bus_stop
1.18,14.73,5.91,9.33,0,0.0,31.72,30,3.97,bus_stop
2.27,7.9,3.81,16.86,0,30.31,0.74,50,0,traffic_light
7.94,14.7,10.88,14.09,0,0.0,41.42,50,0,traffic_light
7.05,11.89,2.39,22.27,0,0.0,14.34,50,0,bus_stop
0.64,15.47,4.53,2.15,0,0.0,12.55,35,0,traffic_light
0.15,7.35,3.5,25.31,0,0.0,37.12,50,0,bus_stop
18.91,15.27,1.96,8.51,0,398.8,0.45,45,0,school
2.35,9.71,10.02,0.59,0,39.35,0.92,35,0,unknown
6.8,1.26,12.84,26.19,0,0.0,27.95,40,0,depot
7.5,0.14,16.73,9.19,0,71.52,0.67,35,0,bus_stop
1.24,4.16,6.14,26.57,0,0.0,7.7,20,0,traffic_light
14.15,10.92,17.07,8.84,0,0.0,11.2,50,0,school
4.94,16.47,8.15,23.82,0,0.0,39.77,45,0,bus_stop
5.3,2.71,2.07,1.9,0,0.0,15.81,20,0,depot
26.32,17.83,10.85,13.05,0,0.0,34.71,45,0,traffic_light
1.99,10.66,1.35,2.91,0,736.12,1.15,40,0,depot
0.28,2.78,1.03,12.62,0,592.68,0.14,45,0,school
5.04,15.38,14.8,21.1,0,0.0,16.32,45,0,traffic_light
0.24,6.9,1.8,0.15,0,0.0,17.44,30,0,traffic_light
14.42,17.39,13.62,24.83,0,14.5,1.08,35,0,unknown
5.93,6.55,3.59,20.52,0,0.0,29.8,30,0,school
9.0,10.86,1.84,0.45,0,0.0,13.12,20,0,bus_stop
23.0,5.43,17.08,14.47,0,437.93,0.53,30,0,depot
0.48,6.4,0.03,10.98,0,20.02,0.51,50,0,traffic_light
0.17,11.03,15.35,14.65,0,0.0,15.9,20,0,traffic_light
7.87,6.73,8.71,13.79,0,0.0,31.78,35,0,depot
3.1,3.5,13.08,3.71,0,56.79,1.18,40,0,traffic_light
0.35,0.84,0.25,27.35,0,0.0,30.57,40,0,unknown
0.09,4.37,6.0,8.19,0,0.0,15.31,20,0,depot
21.82,8.55,3.58,2.45,0,0.0,33.23,45,0,depot
3.51,12.91,15.68,14.38,0,0.0,26.92,35,0,school
19.93,14.15,7.46,20.22,0,72.01,0.52,40,0,bus_stop
35,14.46,12.55,11.63,0,0.0,32.35,40,0,school
0.68,8.39,15.59,4.4,0,16.76,0.62,30,0,unknown
7.06,6.53,4.34,7.52,0,231.66,0.43,50,0,depot
18.51,14.92,8.17,6.37,0,0.0,13.65,20,0,traffic_light
7.56,2.86,17.28,26.92,0,0.0,35.31,50,0,school
2.83,1.26,5.87,25.02,0,0.0,8.68,30,0,bus_stop
7.9,10.57,4.86,7.45,0,0.0,28.93,30,0,traffic_light
35,8.58,4.16,2.24,0,0.0,36.03,35,2.59,school
13.84,6.0,12.58,10.93,0,31.97,0.61,50,0,traffic_light
4.77,11.4,3.7,22.54,0,0.0,16.03,50,0,bus_stop
2.25,13.85,5.17,13.26,0,0.0,18.15,40,0,depot
4.28,12.25,17.02,3.26,0,279.31,0.98,45,0,school
8.5,4.77,16.21,28.34,0,0.0,18.63,50,0,unknown
16.76,16.45,14.72,19.87,0,0.0,20.31,20,3.96,unknown
8.2,14.49,10.33,29.91,0,0.0,39.0,40,0,depot
0.25,16.37,0.86,15.98,0,0.0,15.54,40,0,school
61.15,77.27,45.07,231.34,0,0.0,10.78,20,0,unknown
0.02,13.69,7.58,24.56,0,0.0,24.04,30,0,traffic_light
9.94,8.13,4.38,11.87,0,296.78,0.44,20,0,school
9.41,14.38,4.28,1.37,0,0.0,34.36,35,0,school
17.31,11.12,1.46,27.67,0,0.0,19.8,20,0,bus_stop
11.38,16.69,10.24,14.58,0,0.0,22.23,30,0,unknown
6.04,1.06,12.46,0.17,0,50.5,1.13,40,0,bus_stop
47.85,10.46,71.41,24.56,0,0.0,8.45,30,0,traffic_light
42.07,78.62,22.72,3.63,1,16.98,0.17,20,0,traffic_light
0.78,12.79,10.66,16.59,0,0.0,10.28,35,0,traffic_light
3.81,9.72,8.04,1.34,0,51.0,0.9,40,0,unknown
1.38,9.51,0.6,27.54,0,622.06,1.1,40,0,depot
10.43,10.15,7.93,21.27,0,0.0,21.05,20,1.47,depot
2.24,6.47,10.16,16.05,0,45.79,0.95,35,0,bus_stop
1.48,13.39,6.61,8.86,0,0.0,14.86,30,0,depot
4.75,10.7,15.77,24.63,0,0.0,16.35,40,0,school
2.96,13.32,11.71,14.57,0,44.34,0.36,20,0,unknown
17.01,4.61,12.01,28.72,0,0.0,23.84,35,0,unknown
6.17,13.1,3.68,19.26,0,0.0,31.47,40,0,school
1.42,5.8,1.65,14.54,0,0.0,11.08,45,0,school
0.39,7.3,9.12,26.28,0,0.0,11.48,40,0,traffic_light
7.88,1.17,13.29,11.75,0,0.0,51.94,50,3.1,depot
8.58,5.42,6.42,19.05,0,0.0,32.95,35,0,bus_stop
0.41,4.49,15.25,25.61,0,514.76,0.13,45,0,depot
6.01,11.34,1.36,13.28,0,492.16,0.74,45,0,depot
35,11.28,17.4,11.7,0,0.0,30.07,40,0,traffic_light
9.85,8.69,17.09,10.41,0,0.0,14.84,50,0,depot
6.96,12.39,9.78,28.38,0,49.14,0.96,40,0,bus_stop
89.56,27.47,47.22,264.52,1,0.0,34.67,50,0,bus_stop
16.23,1.26,2.03,23.25,0,0.0,33.16,50,0,traffic_light
6.05,7.31,8.15,23.81,0,0.0,27.37,40,0,school
11.27,3.51,6.53,23.92,0,0.0,41.82,45,0,traffic_light
0.58,1.18,16.34,28.48,0,210.74,0.25,50,0,depot
0.65,14.42,2.96,6.64,0,15.14,1.14,45,0,traffic_light
1.2,5.61,13.66,9.8,0,0.0,19.12,20,0,bus_stop
3.81,10.04,9.23,2.5,0,44.17,0.15,20,0,traffic_light
12.84,16.69,1.39,4.22,0,0.0,44.44,50,0,unknown
0.51,16.25,4.6,13.86,0,177.4,0.91,35,0,school
15.44,5.78,4.2,20.46,0,24.42,0.8,30,0,unknown
37.7,19.14,50.17,101.63,1,0.0,19.12,20,0,unknown
1.88,10.29,17.79,27.71,0,630.97,0.84,40,0,depot
4.3,15.63,12.15,17.88,0,0.0,29.09,35,0,unknown
2.66,17.51,1.01,10.06,0,0.0,20.52,20,0.13,bus_stop
14.04,12.59,8.86,22.77,0,60.29,0.5,35,0,unknown
6.3,16.41,14.64,3.31,0,0.0,21.21,30,0,traffic_light
2.94,16.57,4.1,9.27,0,0.0,26.76,35,0,unknown
2.2,4.92,2.25,6.96,0,0.0,11.62,20,0,bus_stop
0.43,4.27,9.39,13.73,0,36.3,0.15,45,0,unknown
10.64,12.56,11.36,22.82,0,0.0,34.34,35,0,school
20.38,1.06,13.0,9.67,0,0.0,28.57,30,0,traffic_light
0.1,16.17,6.9,3.56,0,123.08,0.45,40,0,bus_stop
0.32,14.12,4.85,12.5,0,0.0,10.84,30,0,traffic_light
0.26,2.63,15.49,1.16,0,0.0,19.25,40,0,unknown
3.79,10.0,6.01,10.8,0,434.81,1.08,40,0,school
0.01,10.87,6.3,12.14,0,253.73,0.14,40,0,bus_stop
7.54,11.96,13.6,4.75,0,0.0,9.45,40,0,unknown
3.79,15.05,4.62,20.06,0,0.0,9.78,45,0,traffic_light
2.55,10.45,15.04,0.31,0,0.0,13.58,45,0,unknown
5.87,12.84,15.11,17.58,0,21.75,0.07,40,0,traffic_light
14.7,15.2,14.5,7.56,0,0.0,14.53,20,0,depot
17.8,13.11,17.92,14.76,0,0.0,26.35,30,0,traffic_light
0.58,6.56,8.51,7.9,0,32.25,0.33,30,0,traffic_light
0.06,12.61,12.15,2.15,0,162.64,0.21,20,0,bus_stop
9.91,5.86,3.36,14.92,0,17.63,0.03,20,0,traffic_light
3.94,16.27,16.16,1.14,0,223.2,0.76,45,0,bus_stop
7.04,17.89,0.71,28.47,0,0.0,32.98,35,0,bus_stop
1.14,13.45,3.2,6.2,0,75.21,0.22,35,0,bus_stop
5.1,4.17,6.47,6.37,0,0.0,26.9,30,0,traffic_light
3.62,3.33,16.07,26.37,0,0.0,24.56,40,0,traffic_light
2.42,14.19,12.69,13.85,0,0.0,19.87,45,0,traffic_light
5.7,17.29,15.69,17.02,0,0.0,16.38,35,0,school
2.49,15.13,5.98,8.74,0,44.74,1.18,20,0,traffic_light
11.34,16.62,0.64,20.12,0,167.05,1.09,40,0,depot
0.58,4.54,10.08,15.48,0,0.0,17.73,40,0,traffic_light
3.72,11.49,1.07,2.14,0,0.0,36.64,50,0,depot
6.44,11.05,15.73,15.72,0,0.0,10.01,50,0,traffic_light
0.4,8.72,2.37,7.25,0,27.58,0.94,40,0,traffic_light
67.01,13.34,71.1,2.99,1,15.04,0.81,40,0,traffic_light
8.82,10.75,2.03,19.96,0,0.0,11.95,30,0,bus_stop
15.96,7.38,3.55,22.35,0,0.0,17.38,20,0,school
5.32,5.25,8.26,21.15,0,0.0,8.34,30,0,school
2.25,1.83,11.84,25.07,0,43.5,0.9,40,0,traffic_light
0.09,1.17,11.41,16.33,0,39.6,0.19,45,0,traffic_light
5.95,13.43,17.04,21.7,0,249.06,0.69,35,0,school
12.78,10.13,3.93,25.41,0,0.0,26.06,35,0,depot
2.64,0.86,2.9,28.38,0,0.0,17.27,45,0,bus_stop
5.23,13.03,4.55,15.23,0,0.0,13.73,20,0,bus_stop
1.73,0.02,16.48,5.12,0,0.0,31.74,35,0,depot
2.93,6.5,2.03,23.72,0,0.0,27.19,35,0,unknown
21.17,14.83,15.46,29.68,0,0.0,49.21,50,0,traffic_light
5.6,1.38,0.33,7.55,0,82.17,0.21,35,0,unknown
8.22,5.91,8.18,3.51,0,0.0,12.0,30,0,depot
84.09,57.43,65.72,435.33,1,0.0,27.29,35,0,school
1.25,15.94,8.02,6.41,0,0.0,31.24,50,0,bus_stop
0.74,12.14,2.93,11.97,0,0.0,11.19,40,0,traffic_light
14.54,15.93,15.93,20.75,0,0.0,12.29,20,0,school
5.05,15.18,17.14,6.45,0,0.0,12.41,40,0,bus_stop
9.25,16.46,8.24,27.51,0,0.0,21.38,20,0.29,unknown
4.7,1.86,13.05,23.9,0,0.0,8.75,20,0,bus_stop
10.72,13.08,1.93,15.61,0,56.47,0.12,40,0,traffic_light
2.31,1.0,15.68,4.56,0,0.0,18.49,30,0,bus_stop
3.12,4.64,5.78,10.79,0,0.0,18.99,45,0,unknown
0.48,7.05,13.86,15.94,0,294.42,0.64,20,0,depot
11.57,5.48,8.59,2.09,0,0.0,41.06,45,0,unknown
7.2,10.59,13.26,15.54,0,38.04,1.14,40,0,traffic_light
4.04,8.53,5.58,22.92,0,0.0,9.51,20,0,traffic_light
1.55,4.76,11.6,29.02,0,0.0,22.26,30,0,traffic_light
13.96,9.12,8.14,19.17,0,38.1,0.02,40,0,unknown
13.95,11.11,9.63,19.2,0,0.0,31.94,30,2.02,bus_stop
0.39,14.48,1.98,4.82,0,7.11,0.84,45,0,unknown
6.35,1.0,8.52,2.04,0,0.0,32.24,45,0,school
5.96,7.95,7.5,6.47,0,181.13,0.54,40,0,bus_stop
6.82,2.05,6.1,4.96,0,0.0,16.05,40,0,depot
3.72,0.47,1.32,28.55,0,169.33,0.92,35,0,school
38.71,21.12,72.91,79.8,0,0.0,13.6,20,0,depot
2.28,15.47,16.82,12.48,0,0.0,22.84,30,0,school
50.46,75.35,54.58,498.76,1,0.0,23.83,45,0,traffic_light
9.02,9.7,3.2,5.89,0,38.7,1.16,40,0,traffic_light
5.94,11.68,6.86,11.04,0,0.0,17.07,30,0,traffic_light
2.67,7.88,7.88,7.15,0,160.59,0.54,35,0,school
1.26,4.87,14.71,11.31,0,0.0,7.21,35,0,unknown
10.22,8.27,17.87,11.43,0,25.34,0.73,20,0,unknown
3.23,9.72,13.88,5.24,0,39.84,0.86,20,0,traffic_light
1.66,8.82,4.75,5.32,0,40.65,0.25,50,0,traffic_light
14.4,5.99,4.57,21.43,0,0.0,24.97,35,0,school
83.47,79.47,45.01,793.93,1,0.0,35.97,50,0,traffic_light
75.43,88.79,67.42,471.96,1,0.0,19.14,35,0,traffic_light
1.1,1.71,15.98,22.19,0,0.0,35.93,45,0,bus_stop
3.27,12.13,2.45,4.12,0,0.0,47.02,45,0.71,traffic_light
0.42,10.7,7.01,22.63,0,18.96,0.47,50,0,traffic_light
3.75,7.61,0.57,7.41,0,0.0,24.09,45,0,bus_stop
11.53,7.52,7.86,28.4,0,0.0,12.07,20,0,traffic_light
8.18,7.76,3.01,23.07,0,25.03,0.19,35,0,traffic_light
17.83,17.53,16.54,18.35,0,0.0,12.0,20,0,school
0.59,4.2,14.52,4.24,0,0.0,47.14,50,0,unknown
1.16,10.73,7.01,15.49,0,16.67,0.57,35,0,unknown
20.41,11.3,8.83,9.01,0,150.07,0.76,50,0,bus_stop
3.02,13.22,2.63,5.31,0,0.0,12.41,20,0,school
0.85,4.91,5.15,15.9,0,0.0,33.48,45,0,school
1.89,16.93,15.85,3.14,0,0.0,32.05,40,0,school
10.01,6.58,6.99,17.97,0,0.0,7.61,40,0,school
6.62,6.1,13.86,12.72,0,60.3,0.45,30,0,bus_stop
0.61,2.42,14.75,11.02,0,72.49,0.69,50,0,bus_stop
3.73,5.05,12.15,2.46,0,44.4,0.12,45,0,traffic_light
3.33,12.54,4.48,24.1,0,0.0,42.5,45,0,traffic_light
1.96,12.16,5.29,1.7,0,0.0,30.28,50,0,bus_stop
2.25,9.12,7.53,6.98,0,0.0,41.74,45,0,school
1.83,3.89,10.49,26.09,0,0.0,21.23,20,3.56,school
13.32,8.87,8.03,16.58,0,0.0,36.7,40,0,depot
4.24,7.54,2.41,0.33,0,51.4,0.45,35,0,traffic_light
18.34,9.77,16.87,9.49,0,0.0,15.87,20,0,bus_stop
8.28,17.62,0.13,14.4,0,0.0,29.96,35,0,unknown
5.0,0.8,0.79,19.12,0,319.85,1.17,20,0,depot
16.76,7.62,8.49,9.62,0,35.42,0.78,30,0,unknown
7.86,10.82,4.49,5.33,0,0.0,12.56,40,0,school
1.4,11.3,0.02,9.58,0,0.0,12.83,30,0,traffic_light
1.85,17.1,7.15,20.82,0,0.0,32.1,50,0,unknown
6.58,12.07,4.74,21.57,0,0.0,20.41,40,0,school
12.59,11.44,14.54,0.4,0,37.15,1.18,45,0,unknown
5.45,3.37,9.06,17.1,0,0.0,16.63,30,0,school
24.09,1.27,16.56,1.05,0,0.0,11.78,40,0,school
6.83,0.41,0.16,16.26,0,185.13,0.21,45,0,bus_stop
86.33,88.13,45.67,749.54,1,0.0,30.62,40,0,unknown
6.95,5.33,15.73,20.29,0,388.49,0.73,35,0,depot
2.16,4.62,14.17,2.14,0,272.81,0.79,50,0,bus_stop
25.71,4.77,14.49,26.67,0,450.9,0.79,45,0,school
4.8,6.93,10.84,9.53,0,0.0,21.02,20,3.08,bus_stop
15.88,16.45,3.66,8.96,0,0.0,29.6,50,0,unknown
2.81,11.0,13.66,9.56,0,0.0,9.8,45,0,traffic_light
8.87,7.51,7.41,6.41,0,53.14,0.35,40,0,unknown
9.55,1.59,5.19,2.46,0,0.0,41.52,45,0,unknown
48.29,70.9,63.27,486.5,0,0.0,24.7,45,0,school
5.05,17.39,7.73,12.26,0,0.0,11.53,45,0,unknown
11.95,6.0,9.28,4.36,0,0.0,16.74,20,0,school
12.3,9.0,3.02,29.5,0,0.0,30.02,30,3.29,traffic_light
6.5,9.75,12.84,0.44,0,0.0,9.43,20,0,school
18.38,16.22,13.23,2.8,0,0.0,11.1,20,0,school
35,11.46,5.38,9.16,0,523.38,0.57,40,0,school
7.21,17.34,12.2,18.48,0,0.0,24.37,45,0,traffic_light
2.32,17.89,11.65,17.46,0,0.0,35.94,40,0,unknown
13.98,16.52,3.24,27.72,0,0.0,22.85,30,0,bus_stop
0.72,3.99,14.69,20.54,0,0.0,26.3,50,0,bus_stop
1.22,3.72,7.65,28.97,0,0.0,28.18,30,0,traffic_light
7.12,9.27,15.93,27.83,0,0.0,40.59,40,1.26,school
0.46,12.28,2.51,14.85,0,0.0,18.54,35,0,traffic_light
21.45,16.92,14.1,9.12,0,0.0,9.76,30,0,depot
6.33,16.97,2.28,5.01,0,0.0,42.05,45,0,traffic_light
4.56,12.2,14.15,24.67,0,0.0,32.08,35,0,school
0.44,10.48,4.84,19.86,0,0.0,12.41,45,0,traffic_light
1.39,11.37,7.53,22.53,0,22.15,0.1,50,0,unknown
8.36,1.57,15.89,27.26,0,0.0,33.57,35,0,traffic_light
6.64,14.5,1.24,22.09,0,17.3,0.69,20,0,traffic_light
9.06,12.52,12.18,8.82,0,0.0,26.88,45,0,traffic_light
9.02,10.18,13.66,27.65,0,26.44,0.84,20,0,traffic_light
19.64,4.45,16.35,15.94,0,0.0,19.16,45,0,traffic_light
56.26,76.76,25.65,444.27,1,0.0,20.84,40,0,depot
1.94,13.71,10.79,16.51,0,189.61,0.97,45,0,depot
1.73,12.71,2.15,23.07,0,0.0,18.34,35,0,traffic_light
7.92,15.91,12.91,2.25,0,250.42,0.63,40,0,bus_stop
20.51,13.49,4.69,1.41,0,0.0,30.94,40,0,traffic_light
5.54,3.36,12.88,26.29,0,0.0,16.17,20,0,bus_stop
53.99,52.38,74.83,5.25,1,48.9,0.36,20,0,unknown
15.71,15.46,10.78,17.91,0,691.18,0.9,20,0,school
8.19,11.4,5.71,16.17,0,20.2,1.19,30,0,unknown
5.31,4.19,8.79,29.47,0,0.0,26.02,40,0,school
12.0,11.2,2.97,5.3,0,0.0,14.63,40,0,unknown
6.57,4.99,14.73,9.79,0,47.25,0.04,40,0,unknown
8.34,14.66,9.27,6.37,0,0.0,16.83,40,0,traffic_light
2.79,9.39,0.61,25.91,0,147.92,0.2,50,0,bus_stop
11.88,16.6,5.98,24.23,0,93.44,0.8,50,0,bus_stop
4.32,1.16,0.22,14.27,0,0.0,28.03,35,0,traffic_light
1.4,13.8,4.64,4.6,0,15.29,0.77,40,0,unknown
19.4,3.96,8.02,8.64,0,0.0,27.2,30,0,unknown
9.62,13.65,7.45,8.4,0,0.0,15.13,20,0,traffic_light
91.56,82.33,16.57,307.11,1,0.0,13.43,20,0,bus_stop
6.36,0.66,14.63,4.94,0,0.0,17.84,30,0,unknown
14.49,5.78,5.11,14.45,0,7.45,0.35,45,0,traffic_light
2.71,10.58,9.95,21.16,0,13.04,0.13,20,0,traffic_light
2.95,6.2,0.61,3.89,0,0.0,14.9,20,0,bus_stop
4.59,7.58,5.17,28.14,0,0.0,28.67,40,0,unknown
3.06,8.66,13.2,11.67,0,0.0,11.07,40,0,unknown
2.73,17.01,6.15,10.81,0,82.39,0.4,45,0,bus_stop
0.34,4.91,8.8,17.58,0,0.0,41.4,50,0,bus_stop
3.35,2.79,14.54,20.49,0,0.0,16.62,35,0,unknown
3.37,16.31,8.12,0.57,0,0.0,14.66,20,0,bus_stop
6.06,5.07,16.36,29.16,0,0.0,31.68,30,2.76,bus_stop
0.96,6.93,11.78,12.37,0,0.0,10.27,50,0,unknown
4.21,4.84,3.83,3.58,0,0.0,20.05,45,0,traffic_light
3.23,4.16,10.17,6.27,0,26.77,0.27,45,0,traffic_light
0.15,2.79,6.46,21.45,0,0.0,16.54,20,0,traffic_light
5.46,1.69,2.21,7.77,0,0.0,18.64,20,0,traffic_light
9.04,0.04,4.37,0.85,0,0.0,23.2,40,0,traffic_light
1.98,6.84,13.76,22.4,0,0.0,13.49,20,0,traffic_light
9.59,3.52,5.74,26.79,0,0.0,10.95,20,0,traffic_light
2.95,0.79,15.16,8.26,0,0.0,32.61,40,0,school
2.47,14.7,2.15,11.22,0,165.32,0.84,45,0,bus_stop
9.57,6.39,15.86,10.92,0,0.0,43.45,50,0,traffic_light
2.88,10.91,12.63,11.61,0,0.0,41.85,45,0,unknown
6.07,14.29,2.16,20.69,0,0.0,33.01,40,0,school
4.07,2.48,16.89,28.55,0,74.19,0.16,40,0,bus_stop
14.66,0.16,3.96,5.56,0,0.0,17.43,50,0,unknown
1.38,8.22,17.29,14.56,0,0.0,21.37,30,0,traffic_light
15.49,8.05,2.9,5.41,0,0.0,9.71,50,0,unknown
1.32,0.63,17.26,15.45,0,8.05,0.57,30,0,unknown
2.14,14.81,17.13,6.0,0,0.0,30.46,35,0,traffic_light
0.12,7.57,10.18,9.29,0,0.0,31.87,30,2.29,unknown
14.33,11.21,5.2,1.02,0,0.0,12.47,35,0,traffic_light
13.01,10.78,17.91,14.52,0,0.0,8.75,20,0,unknown
1.57,10.13,4.45,16.26,0,0.0,7.17,20,0,bus_stop
3.04,16.39,7.46,6.46,0,0.0,17.87,40,0,school
6.64,0.77,7.72,26.2,0,333.87,1.08,45,0,depot
11.78,14.69,6.72,29.49,0,0.0,14.14,35,0,traffic_light
5.24,13.38,3.21,15.82,0,43.35,1.0,20,0,traffic_light
22.55,11.86,12.98,18.09,0,0.0,16.2,30,0,unknown
0.47,8.53,7.61,16.1,0,0.0,38.85,45,0,traffic_light
5.43,4.21,14.98,14.85,0,0.0,14.67,20,0,unknown
2.21,4.09,10.42,10.59,0,10.77,0.78,40,0,traffic_light
5.76,9.82,12.37,18.37,0,0.0,25.52,35,0,unknown
4.37,8.33,1.27,6.99,0,0.0,20.32,20,0.34,depot
5.96,8.1,1.42,17.9,0,41.89,0.15,40,0,traffic_light
55.52,52.64,29.54,424.76,1,0.0,29.05,40,0,traffic_light
1.08,15.14,10.89,25.5,0,0.0,15.57,40,0,school
0.35,11.34,17.3,1.94,0,0.0,13.89,30,0,school
4.45,4.37,8.19,8.23,0,0.0,11.47,40,0,school
5.81,0.12,1.51,22.71,0,0.0,16.46,20,0,bus_stop
3.77,10.28,12.41,9.06,0,68.14,0.49,20,0,bus_stop
1.57,10.23,11.05,16.91,0,0.0,22.59,40,0,school
12.54,5.5,2.42,21.06,0,96.76,1.13,50,0,bus_stop
9.9,12.83,6.88,10.42,0,0.0,19.47,20,0,unknown
7.32,17.6,9.63,21.75,0,0.0,28.21,30,0,bus_stop
2.52,3.77,7.09,5.85,0,11.94,1.03,40,0,traffic_light
2.71,11.93,1.86,0.68,0,0.0,12.53,20,0,depot
1.51,4.77,9.48,27.33,0,483.92,1.02,30,0,depot
15.38,5.18,11.4,18.35,0,0.0,29.81,40,0,traffic_light
14.46,4.33,4.04,23.46,0,0.0,17.52,45,0,bus_stop
53.76,41.64,55.21,5.51,1,42.47,0.48,30,0,traffic_light
1.54,16.62,14.91,25.72,0,556.8,0.08,20,0,depot
38.7,81.2,15.53,8.88,1,23.13,0.39,50,0,traffic_light
29.49,15.36,56.88,177.99,1,0.0,41.72,50,0,unknown
3.14,4.34,8.98,9.63,0,0.0,7.66,30,0,school
5.31,13.57,13.24,2.43,0,106.4,0.67,40,0,bus_stop
0.94,2.94,4.86,19.71,0,57.29,0.39,30,0,traffic_light
0.41,5.87,13.78,25.64,0,0.0,25.17,30,0,traffic_light
3.39,6.8,7.25,4.74,0,0.0,20.85,30,0,traffic_light
35,11.26,14.53,0.15,0,20.8,1.17,50,0,traffic_light
33.47,10.31,3.89,0.9,0,0.0,38.43,40,0,unknown
10.18,10.95,9.98,4.8,0,51.02,0.83,50,0,unknown
13.58,14.3,8.46,25.19,0,80.57,0.81,50,0,school
3.42,15.49,1.45,17.97,0,0.0,17.9,35,0,traffic_light
5.88,8.19,9.51,9.58,0,0.0,32.12,50,0,traffic_light
7.53,16.57,9.8,24.12,0,0.0,19.39,20,0,traffic_light
7.47,4.5,5.22,15.4,0,604.64,0.92,35,0,school
2.11,5.4,13.93,11.99,0,0.0,24.52,45,0,traffic_light
2.7,6.23,8.03,8.1,0,0.0,37.3,35,2.8,school
0.28,10.93,16.95,27.45,0,564.88,0.76,50,0,school
1.97,14.91,2.1,25.42,0,62.47,0.5,45,0,traffic_light
2.63,1.69,12.36,4.57,0,0.0,22.71,35,0,school
1.7,17.99,7.87,27.79,0,0.0,31.23,50,0,school
0.55,3.9,0.42,8.12,0,0.0,10.87,50,0,traffic_light
11.81,6.93,17.88,22.68,0,0.0,32.2,40,0,school
7.43,16.35,1.73,24.34,0,533.72,0.75,30,0,school
8.87,2.38,14.27,11.68,0,0.0,16.11,30,0,traffic_light
26.39,13.89,5.51,5.41,0,0.0,16.01,20,0,depot
0.2,8.05,4.66,6.88,0,0.0,20.63,20,2.59,traffic_light
11.26,7.4,11.89,20.27,0,42.31,1.11,20,0,unknown
8.61,11.37,15.17,21.55,0,32.23,0.24,35,0,traffic_light
3.12,6.19,16.58,27.6,0,0.0,7.5,50,0,school
4.82,1.04,8.82,8.5,0,112.92,1.08,50,0,depot
3.57,5.33,6.53,10.33,0,0.0,18.99,30,0,bus_stop
8.65,7.93,9.03,15.22,0,25.44,0.61,35,0,traffic_light
6.4,4.16,13.41,17.06,0,0.0,18.24,20,0,unknown
4.63,6.1,16.09,2.22,0,0.0,14.37,20,0,traffic_light
4.84,5.82,1.88,25.61,0,61.62,0.05,30,0,traffic_light
3.18,16.09,9.02,14.38,0,0.0,18.31,30,0,traffic_light
1.32,11.46,5.68,22.53,0,251.48,1.09,20,0,depot
1.33,15.49,7.03,11.12,0,65.31,0.13,20,0,unknown
7.59,13.28,0.17,16.46,0,0.0,23.16,30,0,depot
2.71,4.49,12.3,10.9,0,0.0,10.02,40,0,school
22.07,11.46,0.46,22.63,0,0.0,13.93,40,0,traffic_light
3.05,6.72,17.97,4.35,0,0.0,7.78,20,0,traffic_light
5.74,15.7,12.38,1.0,0,25.36,0.69,50,0,traffic_light
12.82,9.74,6.18,3.51,0,0.0,37.65,40,0,traffic_light
1.25,10.11,9.16,20.0,0,0.0,21.93,50,0,traffic_light
5.71,3.35,17.19,4.47,0,0.0,12.35,20,0,school
90.05,25.49,36.39,122.5,1,0.0,17.3,35,0,depot
3.43,8.83,2.98,1.86,0,0.0,28.88,30,0,traffic_light
10.93,14.56,5.1,6.16,0,0.0,8.28,45,0,bus_stop
8.14,4.09,16.14,9.96,0,0.0,28.85,45,0,traffic_light
6.86,8.94,10.02,4.81,0,0.0,15.69,35,0,bus_stop
10.62,17.38,15.03,6.36,0,0.0,27.77,35,0,unknown
3.76,10.74,5.5,12.25,0,0.0,44.61,50,0,depot
15.76,14.26,10.63,26.26,0,64.44,0.41,50,0,traffic_light
4.56,7.65,1.02,2.94,0,0.0,35.56,50,0,traffic_light
0.11,2.83,0.71,20.22,0,228.3,0.55,45,0,depot
6.47,2.89,0.78,29.76,0,0.0,18.53,20,0,traffic_light
1.81,13.08,5.76,2.53,0,25.5,0.15,35,0,traffic_light
32.83,1.48,3.04,24.73,0,278.39,1.19,35,0,bus_stop
6.87,6.13,7.72,1.92,0,0.0,12.77,20,0,traffic_light
13.02,0.79,1.21,10.16,0,131.09,0.4,30,0,depot
10.98,12.33,0.54,1.29,0,0.0,16.77,40,0,unknown
11.76,10.54,5.43,13.74,0,0.0,25.93,30,0,unknown
3.72,16.33,6.08,15.2,0,0.0,23.57,30,0,depot
2.61,14.76,13.41,6.01,0,0.0,18.76,20,0,bus_stop
19.11,4.76,15.81,14.6,0,0.0,8.92,35,0,bus_stop
7.64,4.29,10.55,27.51,0,0.0,12.57,30,0,traffic_light
0.09,17.72,12.67,25.74,0,0.0,18.24,50,0,traffic_light
5.71,0.7,0.98,19.67,0,0.0,9.07,35,0,depot
6.09,6.01,10.53,12.76,0,190.83,0.38,30,0,bus_stop
1.48,5.28,9.23,7.04,0,0.0,11.8,30,0,traffic_light
43.81,16.39,53.84,40.65,1,0.0,8.93,45,0,unknown
31.78,22.28,54.09,6.92,1,30.77,1.12,20,0,traffic_light
2.39,11.87,14.18,6.82,0,0.0,42.61,40,0.14,school
1.95,9.58,8.92,13.89,0,0.0,7.1,20,0,unknown
8.68,6.28,13.31,26.89,0,0.0,21.27,20,2.38,traffic_light
16.47,10.98,1.55,29.65,0,168.1,0.93,45,0,depot
2.02,12.27,13.77,4.55,0,0.0,24.06,35,0,traffic_light
19.56,6.08,8.65,6.91,0,0.0,30.62,40,0,bus_stop
3.69,15.97,11.6,19.17,0,0.0,34.11,35,0,unknown
4.33,5.76,9.7,12.85,0,0.0,9.93,20,0,depot
2.47,14.15,10.57,29.72,0,0.0,34.27,35,0,unknown
6.81,16.05,7.05,16.45,0,70.38,0.29,40,0,bus_stop
2.06,2.48,13.61,8.59,0,0.0,11.11,35,0,traffic_light
0.46,10.72,6.84,13.09,0,21.9,1.08,45,0,traffic_light
5.07,10.26,6.73,11.95,0,0.0,9.46,50,0,bus_stop
11.33,14.56,11.43,18.57,0,0.0,26.33,30,0,school
8.36,7.87,3.7,10.89,0,0.0,10.89,40,0,traffic_light
1.77,8.69,16.32,10.48,0,31.34,0.16,50,0,unknown
0.59,16.79,6.09,19.29,0,183.33,0.33,50,0,school
2.93,15.51,7.65,26.08,0,0.0,12.99,45,0,unknown
3.42,12.24,4.39,15.23,0,0.0,10.75,45,0,depot
7.07,10.0,8.65,11.36,0,0.0,7.79,30,0,traffic_light
1.69,10.52,4.42,14.02,0,0.0,31.11,50,0,traffic_light
45.45,11.36,25.34,45.86,1,0.0,14.53,20,0,school
2.86,15.92,6.11,28.61,0,0.0,13.18,20,0,depot
0.77,1.62,13.52,26.84,0,0.0,12.62,30,0,unknown
21.88,7.1,3.92,13.29,0,0.0,15.1,35,0,bus_stop
6.65,13.14,13.58,0.06,0,0.0,30.79,50,0,bus_stop
18.97,13.18,1.61,28.2,0,0.0,36.38,50,0,bus_stop
0.63,11.97,0.51,12.07,0,28.59,0.19,35,0,unknown
8.79,7.57,0.26,5.07,0,0.0,13.49,30,0,traffic_light
3.6,17.68,0.86,20.83,0,0.0,10.53,20,0,traffic_light
1.33,11.29,15.49,29.01,0,61.29,1.1,30,0,traffic_light
8.78,6.81,13.65,23.9,0,0.0,20.86,50,0,bus_stop
0.45,17.05,5.29,19.51,0,147.36,0.39,45,0,bus_stop
11.47,17.39,0.11,2.56,0,0.0,19.28,20,0,school
6.29,17.8,16.73,28.72,0,0.0,10.45,40,0,bus_stop
5.81,3.22,8.83,22.99,0,0.0,16.79,35,0,depot
2.08,3.37,5.02,16.4,0,53.58,0.51,35,0,unknown
2.67,0.47,17.23,8.93,0,0.0,18.13,45,0,unknown
10.93,1.48,12.36,11.4,0,0.0,42.4,45,0,traffic_light
6.81,1.15,12.66,15.91,0,0.0,12.87,40,0,bus_stop
3.57,6.23,3.97,19.17,0,0.0,9.4,45,0,traffic_light
7.69,0.27,0.06,22.18,0,0.0,21.12,20,3.97,unknown
16.25,14.89,8.19,20.84,0,6.87,0.48,20,0,unknown
25.53,3.22,7.59,5.87,0,0.0,29.45,30,0,unknown
32.55,10.0,13.88,1.59,0,54.39,0.51,35,0,unknown
3.27,6.05,7.51,13.85,0,0.0,38.12,50,0,bus_stop
10.22,5.15,12.44,21.72,0,244.43,1.05,45,0,depot
2.33,1.85,6.43,2.95,0,35.85,1.14,40,0,bus_stop
5.65,0.92,6.41,20.7,0,0.0,42.37,50,0,bus_stop
16.32,8.77,16.96,27.74,0,0.0,32.0,30,2.28,school
5.1,7.63,2.71,27.38,0,0.0,28.88,35,0,traffic_light
7.01,4.8,4.42,19.74,0,42.03,0.26,50,0,unknown
1.28,6.13,6.59,9.29,0,0.0,36.37,45,0,depot
12.52,12.62,15.26,12.91,0,0.0,9.28,45,0,unknown
1.15,16.41,1.48,19.81,0,0.0,12.22,30,0,unknown
10.44,17.07,10.51,29.41,0,0.0,14.26,40,0,depot
3.03,5.27,15.58,21.57,0,0.0,11.57,50,0,unknown
28.46,0.96,1.35,28.49,0,0.0,32.86,35,0,traffic_light
3.59,10.04,4.09,5.49,0,0.0,30.52,35,0,unknown
35,1.63,12.15,11.38,0,22.5,1.16,40,0,traffic_light
4.16,6.82,13.7,6.12,0,0.0,8.67,40,0,school
2.65,16.04,2.46,13.88,0,0.0,12.6,30,0,traffic_light
1.28,16.87,17.11,17.34,0,35.83,0.49,45,0,unknown
8.12,1.33,7.18,24.64,0,0.0,21.71,20,0.38,bus_stop
6.8,13.76,2.77,9.07,0,0.0,14.87,20,0,unknown
33.1,79.57,65.76,2.52,1,169.25,0.11,20,0,school
2.7,7.61,10.58,2.45,0,101.48,0.74,30,0,bus_stop
35,11.39,6.36,12.31,0,0.0,15.2,35,0,traffic_light
0.39,1.72,12.11,11.59,0,25.62,0.94,40,0,unknown
12.75,3.66,5.34,0.1,0,0.0,12.45,30,0,school
20.28,10.84,5.81,21.75,0,17.0,0.96,35,0,traffic_light
32.44,10.07,15.6,19.66,0,168.52,0.68,35,0,depot
0.07,11.11,2.75,13.7,0,0.0,7.37,20,0,school
2.12,12.63,6.63,11.02,0,0.0,25.07,35,0,school
35,5.38,4.29,12.47,0,0.0,17.38,30,0,bus_stop
5.35,7.26,6.91,14.06,0,0.0,42.04,50,0,depot
7.21,15.04,15.55,11.43,0,169.51,0.67,50,0,bus_stop
0.21,3.3,10.01,27.0,0,0.0,17.68,20,0,school
23.26,3.68,13.81,25.67,0,45.91,1.05,35,0,unknown
16.01,8.49,10.99,1.75,0,11.62,1.19,45,0,traffic_light
0.55,8.36,0.51,24.2,0,0.0,20.01,45,0,unknown
12.56,14.18,10.76,5.25,0,33.33,0.43,50,0,traffic_light
10.23,4.17,13.13,4.28,0,0.0,29.96,30,0,unknown
11.57,5.59,6.04,8.9,0,589.91,0.78,45,0,school
2.18,6.49,15.28,7.4,0,214.74,1.18,50,0,depot
24.12,16.48,5.25,25.73,0,0.0,10.32,35,0,depot
0.3,6.91,10.96,20.04,0,24.69,0.17,40,0,traffic_light
2.91,17.04,6.42,24.8,0,0.0,16.94,30,0,school
1.24,3.5,13.74,17.98,0,22.62,0.63,20,0,unknown
5.63,8.55,13.18,25.79,0,19.01,0.24,35,0,traffic_light
5.02,1.6,7.93,26.54,0,0.0,33.29,35,0,unknown
2.11,1.03,11.8,15.67,0,0.0,28.44,40,0,traffic_light
73.78,93.87,50.65,5.31,1,9.88,0.2,50,0,traffic_light
12.13,7.53,16.13,24.66,0,0.0,31.86,45,0,bus_stop
5.77,11.15,8.15,0.11,0,0.0,10.44,30,0,school
10.26,17.99,1.59,3.27,0,0.0,29.4,30,0,traffic_light
4.19,13.06,11.04,12.89,0,0.0,24.47,50,0,traffic_light
8.84,17.47,8.46,28.24,0,0.0,29.11,40,0,school
3.53,17.91,9.38,7.25,0,0.0,25.55,35,0,traffic_light
0.51,14.57,7.39,12.11,0,0.0,13.21,30,0,traffic_light
3.64,4.39,5.23,1.28,0,0.0,8.82,30,0,traffic_light
10.34,0.99,10.53,3.32,0,571.33,0.27,45,0,depot
6.76,11.04,6.8,5.3,0,0.0,39.88,50,0,unknown
34.79,33.31,24.49,296.18,1,0.0,32.0,40,0,school
0.5,9.33,3.53,9.59,0,160.86,0.8,50,0,depot
3.71,5.98,6.98,1.79,0,0.0,12.28,35,0,school
1.92,12.98,11.88,6.21,0,0.0,9.09,20,0,bus_stop
9.14,10.16,9.52,8.07,0,142.92,0.57,40,0,depot
0.26,1.05,6.48,13.38,0,499.46,0.89,40,0,school
2.37,6.64,12.64,8.51,0,0.0,42.76,50,0,traffic_light
6.29,9.38,8.12,27.2,0,0.0,17.36,20,0,school
4.2,3.21,12.68,25.78,0,0.0,31.23,40,0,traffic_light
2.42,10.03,8.42,13.07,0,0.0,18.43,20,0,unknown
8.94,3.24,4.02,15.01,0,0.0,25.71,35,0,unknown
15.51,7.42,14.83,9.79,0,130.62,0.09,40,0,school
8.51,9.55,4.05,12.96,0,0.0,21.03,20,1.88,bus_stop
9.62,12.15,3.41,27.83,0,0.0,9.85,30,0,traffic_light
4.74,6.65,15.81,4.33,0,0.0,21.53,20,3.54,bus_stop
2.86,15.17,13.06,5.95,0,0.0,40.68,40,2.05,school
1.86,9.03,11.08,1.38,0,0.0,40.17,40,0.5,bus_stop
3.05,3.65,6.24,28.43,0,332.13,1.2,45,0,school
15.7,0.8,17.49,22.92,0,0.0,32.02,30,2.41,unknown
0.82,4.47,11.78,0.35,0,0.0,26.02,35,0,bus_stop
14.35,7.81,1.65,26.55,0,27.46,0.8,20,0,traffic_light
0.21,16.36,5.38,26.86,0,43.1,1.07,50,0,traffic_light
1.14,8.42,7.23,13.62,0,0.0,39.02,45,0,traffic_light
12.37,0.36,7.47,2.04,0,82.19,0.01,35,0,depot
2.86,2.57,15.47,20.34,0,0.0,18.86,30,0,unknown
5.16,16.15,17.08,21.64,0,558.03,0.22,30,0,depot
1.53,6.86,10.04,21.47,0,0.0,11.04,35,0,unknown
6.65,4.05,9.33,24.12,0,0.0,38.6,50,0,traffic_light
4.8,13.99,6.48,25.74,0,0.0,38.68,45,0,traffic_light
6.06,4.53,9.72,12.92,0,0.0,35.26,50,0,depot
0.23,11.11,13.31,1.1,0,0.0,14.38,40,0,traffic_light
1.85,1.36,9.95,28.12,0,0.0,14.87,35,0,bus_stop
2.21,0.19,11.48,23.6,0,48.32,1.09,50,0,unknown
5.18,1.24,9.59,17.4,0,0.0,9.27,50,0,unknown
11.36,0.74,8.58,21.35,0,0.0,40.42,50,0,bus_stop
6.82,10.69,10.57,25.17,0,659.41,0.64,30,0,school
2.36,8.84,10.6,27.15,0,0.0,36.14,45,0,bus_stop
2.16,17.97,5.57,7.29,0,78.66,0.57,20,0,bus_stop
2.12,5.57,13.52,12.13,0,0.0,11.03,40,0,bus_stop
4.63,1.36,4.1,14.54,0,0.0,10.97,50,0,bus_stop
2.72,10.98,2.09,22.75,0,0.0,12.81,20,0,school
6.76,6.29,8.36,26.14,0,0.0,11.8,35,0,unknown
53.21,95.14,67.37,817.5,1,0.0,30.93,50,0,traffic_light
0.61,2.95,9.04,19.21,0,0.0,13.12,35,0,unknown
0.62,16.02,11.16,15.91,0,34.96,0.47,45,0,unknown
6.82,1.24,5.95,9.71,0,0.0,11.97,20,0,unknown
8.69,16.11,10.53,7.16,0,0.0,32.72,40,0,school
0.02,3.59,12.76,19.91,0,0.0,24.84,50,0,school
9.15,14.49,2.77,22.24,0,0.0,37.52,35,0.36,traffic_light
0.85,16.78,4.39,2.92,0,0.0,13.68,20,0,unknown
1.17,9.25,11.46,26.51,0,0.0,37.54,45,0,depot
2.32,10.76,2.22,25.63,0,0.0,10.38,20,0,depot
35,8.87,9.98,17.43,0,0.0,16.9,20,0,school
6.65,11.11,17.3,1.35,0,0.0,16.96,30,0,bus_stop
10.08,7.51,3.41,25.41,0,0.0,13.9,40,0,traffic_light
3.47,14.64,17.38,10.49,0,0.0,16.64,45,0,school
0.54,6.84,9.98,28.73,0,34.72,0.95,50,0,unknown
0.92,0.99,16.53,8.41,0,228.3,0.83,50,0,bus_stop
8.49,14.03,9.31,15.95,0,557.12,0.05,45,0,school
5.26,10.61,10.79,11.64,0,208.9,0.33,45,0,bus_stop
4.12,4.61,10.36,27.56,0,0.0,35.83,50,0,traffic_light
4.67,6.26,17.41,23.76,0,0.0,38.26,40,0,bus_stop
11.44,8.13,12.87,5.48,0,216.44,0.49,35,0,depot
12.87,6.05,2.82,18.11,0,247.11,0.99,40,0,school
1.93,11.58,1.58,24.35,0,299.07,0.33,30,0,school
5.11,4.38,13.92,16.42,0,45.0,0.62,35,0,traffic_light
15.2,8.73,15.29,23.92,0,0.0,12.05,40,0,traffic_light
35,1.59,8.69,27.82,0,61.15,0.78,35,0,traffic_light
7.46,4.49,1.72,28.88,0,0.0,16.9,35,0,traffic_light
1.26,16.66,16.26,22.96,0,9.31,0.22,20,0,unknown
1.91,15.01,8.49,16.8,0,0.0,32.67,30,3.82,depot
7.65,15.63,6.91,2.49,0,33.76,0.9,20,0,traffic_light
11.0,13.62,4.95,6.94,0,0.0,25.24,50,0,school
16.0,1.8,14.51,17.45,0,32.72,1.08,35,0,traffic_light
3.88,8.27,14.57,20.47,0,302.11,0.09,50,0,school
33.85,0.35,11.57,11.98,0,0.0,17.21,45,0,traffic_light
0.93,13.76,1.16,4.73,0,20.57,0.31,20,0,traffic_light
1.52,16.55,15.99,13.31,0,0.0,29.39,40,0,unknown
9.94,2.54,1.44,18.81,0,0.0,31.3,35,0,bus_stop
1.12,9.65,2.97,15.32,0,28.96,0.78,35,0,traffic_light
2.94,2.2,13.06,25.0,0,0.0,19.67,35,0,unknown
0.87,4.56,6.25,7.93,0,0.0,7.27,40,0,unknown
79.44,9.73,25.56,48.65,0,0.0,17.99,20,0,bus_stop
4.12,14.48,17.22,9.59,0,28.66,0.13,35,0,unknown
87.52,18.04,41.09,57.55,0,0.0,11.48,20,0,school
5.3,11.3,9.92,19.37,0,16.78,0.55,40,0,traffic_light
0.24,9.78,16.74,26.7,0,623.03,0.2,35,0,depot
1.89,13.37,3.66,12.82,0,20.75,0.94,30,0,traffic_light
6.83,3.02,11.68,8.4,0,0.0,12.87,20,0,traffic_light
22.19,17.19,5.8,3.64,0,56.23,0.03,30,0,traffic_light
8.38,12.58,6.53,6.09,0,247.99,0.16,40,0,school
2.16,8.93,7.27,4.25,0,667.35,1.16,50,0,depot
0.49,15.33,11.81,9.2,0,0.0,27.15,40,0,unknown
7.1,15.67,13.26,24.49,0,0.0,15.29,30,0,unknown
3.09,14.79,3.21,13.79,0,0.0,27.63,45,0,unknown
1.0,7.4,15.31,22.14,0,0.0,22.95,20,2.13,bus_stop
11.71,16.49,0.13,11.14,0,0.0,15.23,45,0,school
5.16,7.88,3.26,19.47,0,0.0,38.98,40,0,traffic_light
92.6,55.93,53.76,17.12,1,21.63,1.1,30,0,traffic_light
1.38,14.29,1.61,5.22,0,0.0,35.09,50,0,unknown
0.32,9.01,17.12,29.94,0,0.0,12.93,35,0,traffic_light
4.2,2.87,12.42,9.72,0,499.07,1.11,50,0,school
11.91,12.86,12.16,25.38,0,0.0,8.69,45,0,bus_stop
1.16,9.68,1.22,14.78,0,0.0,14.58,20,0,traffic_light
0.7,6.94,16.73,12.73,0,0.0,40.8,40,0.01,traffic_light
1.11,2.88,8.45,10.8,0,0.0,36.94,35,3.92,traffic_light
4.0,7.16,1.17,28.08,0,507.21,0.33,20,0,depot
1.83,12.39,12.54,10.21,0,0.0,16.03,50,0,unknown
12.95,14.97,7.9,16.06,0,0.0,31.97,50,0,traffic_light
1.8,14.85,10.61,2.8,0,0.0,19.66,50,0,school
19.32,13.9,14.72,21.59,0,0.0,22.66,40,0,bus_stop
3.74,15.31,12.22,25.53,0,0.0,31.0,30,1.67,unknown
10.16,14.03,2.81,21.33,0,28.08,1.15,40,0,traffic_light
0.03,15.15,9.1,18.22,0,376.59,0.18,40,0,school
15.55,6.26,6.33,27.74,0,0.0,19.92,50,0,bus_stop
1.96,13.39,14.72,14.44,0,0.0,29.81,30,0,unknown
6.39,9.84,7.62,19.01,0,0.0,21.85,20,0.24,traffic_light
1.31,7.67,17.82,16.47,0,0.0,48.55,50,0,bus_stop
10.99,12.92,0.14,3.35,0,0.0,28.85,50,0,unknown
11.34,17.22,0.21,29.34,0,0.0,33.8,40,0,bus_stop
8.42,13.87,15.32,28.67,0,119.2,1.1,40,0,bus_stop
3.88,1.22,5.31,19.76,0,0.0,8.67,35,0,bus_stop
7.56,7.68,4.77,14.51,0,0.0,37.29,45,0,school
0.6,2.17,6.6,6.27,0,0.0,26.36,50,0,school
70.85,16.67,26.23,4.11,0,209.34,0.89,35,0,bus_stop
20.64,5.85,11.31,21.05,0,0.0,15.06,40,0,traffic_light
2.63,15.6,6.04,20.65,0,55.82,0.07,50,0,unknown
2.4,14.29,1.7,11.09,0,0.0,15.66,50,0,depot
11.06,14.84,5.9,9.97,0,137.49,1.02,30,0,bus_stop
13.36,10.74,11.59,22.42,0,0.0,17.53,20,0,bus_stop
10.13,3.92,0.83,24.26,0,0.0,10.8,45,0,traffic_light
1.89,5.45,15.16,19.93,0,0.0,18.66,20,0,unknown
1.75,14.52,14.86,24.46,0,214.15,0.11,40,0,school
8.89,17.6,6.26,18.73,0,0.0,29.59,45,0,school
5.77,13.69,8.25,24.21,0,0.0,15.79,30,0,bus_stop
6.31,8.79,1.24,13.2,0,0.0,9.33,30,0,bus_stop
1.14,1.16,13.11,3.02,0,0.0,25.88,30,0,traffic_light
4.15,6.59,9.03,18.12,0,0.0,39.21,50,0,traffic_light
1.17,13.65,12.18,2.31,0,0.0,47.11,50,0,traffic_light
1.28,8.77,9.82,0.85,0,0.0,21.45,20,3.21,bus_stop
2.16,3.68,16.61,1.31,0,0.0,36.1,40,0,unknown
56.72,14.76,61.97,0.42,1,631.43,0.1,50,0,school
4.7,7.92,0.63,21.87,0,0.0,16.29,40,0,depot
28.13,0.75,6.08,0.0,0,0.0,9.88,30,0,unknown
5.25,13.85,8.68,10.26,0,484.28,0.29,30,0,school
1.52,11.03,10.6,7.6,0,35.18,0.64,30,0,unknown
14.01,10.18,13.35,11.98,0,0.0,12.79,20,0,unknown
7.02,16.89,3.71,17.05,0,0.0,9.61,40,0,traffic_light
5.64,1.6,9.2,25.06,0,0.0,11.89,20,0,school
3.27,7.81,12.69,20.53,0,0.0,15.68,50,0,traffic_light
0.48,16.15,10.38,23.06,0,0.0,21.45,20,1.19,traffic_light
26.53,8.51,14.88,0.76,0,0.0,43.28,50,0,traffic_light
14.93,14.17,17.72,4.07,0,0.0,15.04,40,0,school
2.84,10.76,17.19,27.59,0,0.0,37.51,50,0,traffic_light
48.92,66.4,24.7,219.3,1,0.0,11.89,50,0,school
10.56,17.52,11.62,25.94,0,0.0,10.72,40,0,traffic_light
1.55,12.87,13.35,19.01,0,119.95,0.88,45,0,bus_stop
14.73,7.11,1.36,3.57,0,0.0,11.05,20,0,school
3.68,5.06,12.31,4.39,0,0.0,11.46,20,0,school
2.67,14.73,10.04,5.5,0,0.0,8.6,35,0,unknown
1.74,2.09,17.51,8.72,0,0.0,36.12,35,1.07,traffic_light
15.26,4.71,17.75,6.71,0,171.36,0.57,35,0,bus_stop
2.03,2.15,10.6,2.47,0,0.0,37.15,35,1.78,traffic_light
68.71,25.58,32.09,7.82,0,8.41,1.1,50,0,unknown
0.28,0.49,1.99,15.85,0,47.75,0.61,40,0,unknown
3.36,0.32,14.97,20.93,0,0.0,26.96,50,0,traffic_light
10.09,6.22,16.46,20.82,0,0.0,31.12,45,0,school
14.86,7.95,10.7,3.63,0,0.0,13.71,30,0,school
1.49,14.53,7.39,8.17,0,49.63,0.2,50,0,school
11.49,12.48,9.81,18.09,0,148.6,0.02,35,0,depot
43.18,11.52,51.62,2.91,1,472.84,0.91,50,0,depot
12.24,14.79,15.08,3.46,0,0.0,29.8,35,0,unknown
45.05,70.8,23.77,20.66,1,35.93,1.05,20,0,traffic_light
13.25,11.08,1.67,1.67,0,0.0,34.28,35,0,traffic_light
0.48,5.99,4.85,27.52,0,70.99,0.32,40,0,bus_stop
67.48,74.89,19.66,449.32,0,0.0,21.6,30,0,traffic_light
8.04,14.66,15.89,20.91,0,0.0,19.1,35,0,unknown
6.48,17.35,2.26,29.98,0,48.77,0.99,35,0,traffic_light
6.59,1.4,7.28,3.95,0,0.0,26.35,35,0,bus_stop
0.45,9.47,0.97,8.38,0,0.0,20.16,50,0,unknown
7.06,11.39,6.61,7.27,0,40.26,0.8,30,0,traffic_light
30.82,31.26,34.73,8.78,1,14.07,1.01,30,0,traffic_light
4.74,1.86,15.67,10.27,0,499.07,1.01,40,0,depot
10.89,11.55,9.26,0.53,0,149.11,0.29,40,0,school
2.17,6.02,5.78,24.1,0,0.0,20.39,30,0,depot
0.26,2.14,2.16,21.8,0,0.0,12.01,20,0,bus_stop
9.28,13.31,11.67,0.02,0,6.04,0.12,35,0,traffic_light
67.17,16.01,65.4,138.15,0,0.0,31.07,30,2.28,bus_stop
33.71,0.07,4.73,7.09,0,0.0,26.29,35,0,traffic_light
4.38,4.84,4.73,13.25,0,66.17,1.09,35,0,unknown
0.87,5.74,13.95,4.12,0,0.0,19.32,30,0,traffic_light
0.56,9.16,9.78,19.61,0,0.0,10.36,50,0,school
4.06,0.4,4.84,23.15,0,0.0,13.33,40,0,traffic_light
5.68,13.85,4.44,13.13,0,0.0,36.24,50,0,traffic_light
13.39,3.15,10.49,5.58,0,298.21,0.69,30,0,depot
2.35,1.53,14.33,9.78,0,0.0,22.43,50,0,traffic_light
0.61,0.24,13.56,11.06,0,0.0,26.26,40,0,traffic_light
3.0,16.62,15.15,12.67,0,0.0,11.41,50,0,unknown
7.64,8.24,17.17,19.97,0,22.12,0.37,35,0,traffic_light
3.05,14.14,7.62,10.39,0,653.43,0.48,35,0,depot
4.85,15.87,3.42,7.44,0,217.65,0.81,50,0,depot
2.13,12.26,12.11,14.65,0,0.0,34.12,50,0,unknown
10.23,10.34,10.48,19.55,0,20.43,0.67,50,0,unknown
9.56,9.95,14.1,2.89,0,14.24,0.4,20,0,traffic_light
0.23,13.53,17.58,25.26,0,0.0,10.25,35,0,bus_stop
24.6,0.64,11.12,29.94,0,0.0,18.04,50,0,bus_stop
5.22,10.59,2.34,29.63,0,0.0,9.94,20,0,traffic_light
2.69,17.94,17.79,11.46,0,0.0,28.99,35,0,depot
3.86,5.49,13.23,23.59,0,0.0,46.04,45,1.35,unknown
6.75,2.78,4.17,5.03,0,65.84,0.24,30,0,traffic_light
7.23,15.13,12.27,28.76,0,0.0,12.55,50,0,traffic_light
14.43,16.14,5.39,29.13,0,0.0,9.45,30,0,traffic_light
0.24,11.23,8.59,13.56,0,57.19,0.2,40,0,traffic_light
1.92,8.41,11.74,5.07,0,0.0,23.61,40,0,depot
5.04,4.09,4.87,16.32,0,0.0,38.24,50,0,depot
5.07,4.6,1.81,22.04,0,0.0,32.08,50,0,traffic_light
4.59,9.58,11.19,26.52,0,207.1,0.76,30,0,depot
4.59,10.0,4.62,21.38,0,0.0,15.95,35,0,unknown
17.24,17.08,12.74,5.96,0,67.07,0.22,40,0,unknown
5.66,6.68,13.35,7.99,0,0.0,22.49,50,0,school
54.48,18.27,53.09,206.07,1,0.0,40.61,45,0,bus_stop
4.49,4.35,17.25,3.37,0,0.0,22.84,30,0,bus_stop
8.19,14.34,0.19,18.03,0,75.92,1.05,35,0,unknown
18.83,9.55,15.74,28.02,0,0.0,14.11,30,0,unknown
0.26,16.81,12.82,23.77,0,0.0,7.47,20,0,traffic_light
35,13.3,15.83,24.55,0,0.0,39.39,40,0,depot
2.19,0.2,14.86,5.79,0,0.0,35.87,35,3.77,traffic_light
1.43,13.82,1.37,8.13,0,59.82,0.44,35,0,depot
4.9,4.32,14.1,17.02,0,0.0,9.53,30,0,traffic_light
0.95,0.16,8.65,27.95,0,29.07,0.83,45,0,traffic_light
4.3,2.39,15.94,19.85,0,43.49,0.33,40,0,unknown
19.69,2.9,13.0,4.89,0,270.85,0.53,45,0,school
7.05,3.26,12.87,9.82,0,399.57,0.48,40,0,school
16.58,0.93,14.72,7.23,0,0.0,12.22,45,0,depot
15.04,11.56,8.44,14.18,0,46.32,0.95,50,0,unknown
9.15,16.91,0.07,22.75,0,0.0,35.59,40,0,traffic_light
3.59,13.63,3.55,14.55,0,51.31,0.8,50,0,traffic_light
0.03,15.93,3.64,10.89,0,0.0,28.09,40,0,bus_stop
3.96,8.4,14.97,9.25,0,0.0,22.22,30,0,unknown
3.76,3.38,5.94,22.84,0,50.75,0.16,20,0,traffic_light
6.55,16.15,1.82,21.73,0,0.0,13.57,40,0,traffic_light
0.91,14.41,4.42,19.0,0,31.61,0.98,30,0,traffic_light
4.28,2.37,6.31,21.35,0,0.0,36.0,50,0,school
0.73,6.04,4.92,9.1,0,0.0,22.42,20,1.05,bus_stop
5.3,9.92,17.53,21.82,0,0.0,15.84,35,0,bus_stop
0.44,12.54,8.85,26.62,0,28.4,0.59,45,0,unknown
9.48,1.32,0.32,15.01,0,0.0,20.1,20,3.73,depot
7.5,16.11,15.31,11.48,0,0.0,19.57,40,0,traffic_light
6.12,11.18,10.24,15.23,0,38.09,0.67,50,0,bus_stop
4.86,10.45,12.56,17.5,0,429.84,0.92,30,0,school
16.09,0.8,9.84,10.55,0,0.0,11.24,20,0,bus_stop
35,5.92,1.3,4.57,0,0.0,21.83,20,2.32,traffic_light
21.52,15.18,12.09,21.93,0,9.71,1.01,45,0,traffic_light
2.33,16.66,8.68,24.39,0,0.0,11.37,20,0,bus_stop
0.03,14.08,11.82,17.08,0,0.0,11.1,20,0,traffic_light
1.68,9.07,8.47,10.6,0,0.0,14.24,45,0,unknown
6.62,11.21,3.43,21.46,0,0.0,29.34,45,0,bus_stop
0.0,2.44,3.86,29.58,0,0.0,43.98,50,0,bus_stop
8.82,0.14,17.28,6.98,0,12.0,0.24,50,0,unknown
8.78,1.27,12.83,26.22,0,0.0,20.08,30,0,school
0.46,2.91,5.99,17.74,0,0.0,39.53,45,0,school
3.02,14.14,2.52,6.85,0,0.0,39.75,40,0,traffic_light
3.32,5.49,5.45,23.92,0,0.0,42.48,50,0,unknown
84.34,59.45,73.94,431.41,1,0.0,26.12,35,0,depot
9.64,8.5,1.89,16.86,0,0.0,45.7,50,0,traffic_light
8.98,1.99,16.2,10.97,0,360.05,0.18,20,0,school
9.63,1.58,15.31,21.43,0,537.52,0.06,35,0,school
3.65,14.48,13.42,27.23,0,0.0,47.3,50,0,traffic_light
12.79,0.03,1.05,2.39,0,0.0,25.97,35,0,unknown
2.23,4.91,9.11,6.99,0,0.0,17.39,30,0,school
4.92,9.58,7.14,1.32,0,0.0,47.77,45,1.43,unknown
1.27,14.97,9.26,22.41,0,127.52,0.35,50,0,school
3.45,16.43,2.48,14.19,0,81.79,0.81,30,0,bus_stop
6.33,15.05,5.08,21.77,0,0.0,39.52,50,0,unknown
1.42,17.5,0.98,3.83,0,0.0,15.6,45,0,traffic_light
35,6.94,7.34,27.9,0,72.98,0.79,45,0,unknown
5.17,0.73,5.3,6.36,0,28.74,0.94,40,0,unknown
2.36,11.23,7.27,8.68,0,0.0,18.17,30,0,bus_stop
79.28,32.06,21.39,82.48,1,0.0,9.26,20,0,school
6.43,0.34,17.98,23.64,0,0.0,25.33,30,0,depot
6.65,8.43,9.47,19.3,0,112.16,0.83,20,0,bus_stop
1.16,4.99,12.31,19.0,0,28.6,0.49,50,0,traffic_light
21.52,9.05,8.0,6.26,0,0.0,12.91,50,0,school
1.68,0.79,13.5,15.89,0,0.0,40.72,40,3.16,bus_stop
9.27,15.01,7.66,13.38,0,0.0,21.44,50,0,unknown
2.05,5.82,9.01,18.49,0,0.0,37.0,45,0,unknown
4.14,5.44,14.69,11.62,0,0.0,15.02,30,0,unknown
4.45,9.63,10.45,6.42,0,0.0,8.0,45,0,bus_stop
4.08,7.11,1.83,24.01,0,34.06,0.1,50,0,unknown
6.26,9.82,15.28,3.76,0,0.0,31.07,50,0,traffic_light
0.03,15.28,16.28,5.32,0,0.0,44.75,50,0,school
2.24,15.68,15.15,24.44,0,0.0,33.51,50,0,school
2.97,2.2,2.22,27.87,0,0.0,13.92,20,0,traffic_light
93.06,23.57,54.02,98.61,1,0.0,15.06,45,0,depot
4.33,7.73,9.77,18.33,0,0.0,7.74,35,0,unknown
1.49,14.26,1.12,13.4,0,28.28,0.79,50,0,unknown
2.99,0.71,9.15,8.64,0,0.0,9.44,45,0,unknown
15.49,9.68,6.38,28.62,0,0.0,18.77,40,0,school
0.9,5.11,15.69,24.84,0,15.8,0.53,20,0,traffic_light
0.43,16.39,1.12,21.69,0,0.0,7.9,35,0,unknown
7.25,15.19,6.05,27.28,0,0.0,33.43,35,0,bus_stop
3.94,10.8,7.37,28.67,0,0.0,31.84,35,0,depot
2.86,9.95,10.78,3.21,0,0.0,16.57,30,0,school
3.08,9.41,9.87,28.39,0,0.0,39.97,40,0,depot
92.93,89.62,59.99,1186.12,1,0.0,47.65,50,0,bus_stop
10.63,2.35,12.68,9.83,0,0.0,18.23,50,0,bus_stop
2.65,10.33,3.94,13.79,0,0.0,37.13,35,1.06,school
7.81,7.87,17.55,6.69,0,24.59,0.94,30,0,traffic_light
2.48,10.73,2.54,18.43,0,0.0,14.33,30,0,traffic_light
1.57,4.96,3.31,11.34,0,505.35,0.41,40,0,school
26.18,7.64,11.24,11.21,0,0.0,13.95,30,0,depot
3.99,10.61,8.55,4.31,0,0.0,47.41,50,0,traffic_light
1.17,7.45,4.5,0.32,0,0.0,7.26,20,0,bus_stop
3.52,12.76,0.27,18.49,0,0.0,40.84,45,0,bus_stop
5.46,14.72,5.07,17.71,0,0.0,11.38,45,0,unknown
8.46,1.82,9.28,22.4,0,0.0,23.06,35,0,bus_stop
49.36,17.69,39.48,90.05,1,0.0,18.33,40,0,depot
1.41,9.79,11.15,5.37,0,0.0,23.59,50,0,bus_stop
1.23,12.71,2.25,24.86,0,0.0,12.54,45,0,depot
3.49,5.2,12.66,15.6,0,0.0,13.96,35,0,school
10.53,6.78,10.03,18.77,0,31.17,0.49,35,0,unknown
29.78,4.41,8.23,1.55,0,0.0,15.11,20,0,school
5.02,2.63,14.27,6.76,0,0.0,23.49,30,0,traffic_light
40.61,26.17,43.62,5.91,1,89.36,0.81,40,0,bus_stop
6.0,0.04,5.36,28.23,0,0.0,13.12,30,0,school
0.49,1.3,17.87,4.53,0,0.0,49.52,50,0,traffic_light
12.36,16.89,1.1,25.27,0,43.48,0.58,50,0,bus_stop
17.19,15.12,12.77,13.06,0,0.0,15.99,40,0,traffic_light
5.73,8.27,2.18,15.63,0,0.0,27.48,45,0,traffic_light
4.46,1.48,6.69,22.48,0,0.0,15.2,40,0,school
10.6,3.8,12.89,11.72,0,0.0,11.25,20,0,bus_stop
0.89,0.74,1.98,2.18,0,0.0,11.14,20,0,bus_stop
3.08,17.43,3.4,25.4,0,21.2,0.6,30,0,traffic_light
2.54,15.16,9.33,8.39,0,342.58,0.03,50,0,school
12.16,2.73,3.16,22.61,0,0.0,14.52,20,0,depot
2.0,0.29,1.85,0.15,0,117.33,0.59,35,0,bus_stop
4.33,8.72,1.2,0.14,0,0.0,44.64,50,0,school
1.88,2.6,4.62,12.1,0,0.0,25.16,30,0,depot
17.32,9.46,15.38,19.7,0,0.0,21.15,20,2.28,unknown
10.57,5.59,8.21,28.48,0,0.0,31.6,30,0.44,bus_stop
11.2,3.47,12.41,28.69,0,0.0,32.51,30,1.6,bus_stop
12.22,2.88,3.6,19.84,0,0.0,21.74,50,0,bus_stop
10.49,4.47,16.09,9.32,0,0.0,7.58,20,0,bus_stop
16.88,2.06,12.91,11.1,0,173.6,0.05,45,0,bus_stop
0.78,5.52,12.74,27.67,0,0.0,12.48,30,0,unknown
10.27,8.33,9.09,9.92,0,0.0,30.17,50,0,depot
2.03,10.44,17.01,10.5,0,0.0,13.91,20,0,bus_stop
2.16,3.38,2.82,23.03,0,475.8,0.91,40,0,school
3.22,2.49,17.72,21.79,0,42.67,0.02,35,0,unknown
5.96,4.21,11.66,1.77,0,0.0,19.14,20,0,school
2.94,8.32,2.32,26.55,0,0.0,8.8,30,0,unknown
1.58,10.46,12.1,18.06,0,0.0,30.25,40,0,depot
5.76,4.21,10.77,18.76,0,0.0,29.68,50,0,traffic_light
7.33,6.19,0.08,29.19,0,657.25,0.29,50,0,school
4.4,8.7,6.73,14.84,0,0.0,27.53,50,0,unknown
8.14,0.76,15.04,15.14,0,205.24,1.15,35,0,bus_stop
3.12,12.34,6.22,28.13,0,0.0,27.07,30,0,bus_stop
1.87,9.48,0.65,14.1,0,0.0,12.61,20,0,unknown
10.69,9.17,10.9,19.62,0,0.0,24.06,30,0,unknown
2.9,10.73,0.67,13.57,0,0.0,24.74,45,0,depot
18.41,5.54,0.58,10.68,0,16.94,1.03,50,0,traffic_light
1.42,9.93,7.77,15.51,0,0.0,24.59,40,0,bus_stop
2.59,13.73,0.19,29.31,0,22.8,0.96,40,0,traffic_light
4.79,5.35,17.83,24.34,0,30.25,0.24,20,0,unknown
7.49,6.45,9.16,5.65,0,26.09,0.74,45,0,unknown
0.32,5.28,9.28,12.81,0,0.0,8.4,20,0,unknown
1.4,14.96,7.93,12.36,0,0.0,31.78,45,0,depot
1.08,3.67,2.98,26.67,0,108.71,1.07,35,0,school
12.77,14.37,7.4,4.5,0,0.0,42.08,40,1.73,traffic_light
5.85,6.96,3.58,8.9,0,130.38,0.73,20,0,bus_stop
4.3,4.24,16.07,23.58,0,73.69,0.19,50,0,bus_stop
6.51,8.8,14.32,10.06,0,238.52,0.09,40,0,bus_stop
6.37,12.03,7.34,12.99,0,0.0,9.02,50,0,bus_stop
1.46,7.29,6.97,5.38,0,0.0,22.46,30,0,traffic_light
0.98,0.31,5.76,0.13,0,0.0,14.63,20,0,depot
46.5,16.9,44.29,83.65,1,0.0,17.82,45,0,school
5.88,13.47,0.43,21.78,0,63.37,0.47,40,0,school
6.22,1.97,5.57,26.38,0,0.0,14.25,40,0,traffic_light
2.41,2.2,8.02,12.48,0,0.0,11.51,40,0,traffic_light
12.14,2.12,4.15,11.34,0,0.0,15.52,45,0,traffic_light
16.74,15.42,14.78,16.39,0,0.0,12.64,30,0,bus_stop
2.62,9.71,11.13,19.37,0,0.0,12.86,20,0,unknown
3.27,1.85,9.89,20.65,0,0.0,30.75,50,0,bus_stop
21.31,3.5,7.57,6.92,0,229.59,0.85,35,0,bus_stop
1.99,16.3,16.03,12.19,0,547.42,0.16,35,0,school
9.17,14.41,12.21,0.34,0,0.0,25.33,30,0,bus_stop
7.39,17.46,6.12,27.76,0,0.0,27.03,45,0,bus_stop
2.69,16.72,14.29,5.04,0,0.0,22.2,50,0,unknown
0.78,11.78,13.41,27.7,0,0.0,14.96,30,0,traffic_light
8.26,11.37,9.03,5.74,0,0.0,36.39,45,0,unknown
6.95,7.43,13.7,0.86,0,0.0,10.24,50,0,traffic_light
43.91,83.9,31.38,16.82,1,720.13,0.72,50,0,school
10.52,5.52,1.76,20.59,0,0.0,37.84,40,0,unknown
8.34,14.96,2.6,22.92,0,19.13,0.13,20,0,unknown
4.55,8.7,5.92,17.32,0,0.0,42.4,50,0,depot
2.93,8.36,5.49,3.43,0,303.46,0.92,30,0,depot
3.84,17.98,8.55,24.14,0,0.0,14.39,35,0,traffic_light
6.23,2.07,10.11,4.77,0,53.18,0.85,35,0,unknown
14.04,5.15,15.17,18.15,0,22.51,0.14,50,0,traffic_light
5.78,12.83,16.96,19.44,0,251.53,1.11,45,0,depot
5.72,16.3,11.51,9.08,0,0.0,45.47,45,0.04,traffic_light
7.24,8.54,5.24,15.18,0,0.0,17.29,35,0,unknown
3.08,0.55,1.09,10.45,0,0.0,11.69,40,0,school
6.41,4.34,7.48,20.48,0,622.24,0.98,50,0,school
17.24,16.61,14.1,27.47,0,0.0,25.6,30,0,traffic_light
19.3,14.39,13.14,20.54,0,14.52,0.6,45,0,traffic_light
45.21,66.41,40.7,151.27,1,0.0,8.2,20,0,depot
12.37,12.71,12.25,28.69,0,23.05,0.38,20,0,unknown
8.72,5.64,17.91,6.11,0,0.0,12.62,50,0,traffic_light
7.45,2.08,12.28,26.44,0,0.0,12.27,50,0,bus_stop
6.13,15.04,17.19,0.16,0,180.09,0.71,35,0,school
30.94,10.88,7.16,10.32,0,30.16,0.23,35,0,traffic_light
7.61,7.25,10.3,12.52,0,0.0,12.83,20,0,traffic_light
11.23,17.4,5.66,14.98,0,204.85,1.02,40,0,bus_stop
14.45,6.03,8.61,26.2,0,0.0,11.94,30,0,bus_stop
4.51,5.31,6.61,9.03,0,0.0,31.43,35,0,unknown
4.48,16.46,1.11,11.41,0,0.0,19.03,50,0,traffic_light
10.06,17.92,11.69,26.46,0,103.18,0.43,40,0,bus_stop
19.07,13.41,5.86,23.12,0,0.0,15.84,35,0,traffic_light
3.33,10.18,4.58,5.45,0,0.0,29.16,35,0,depot
11.25,7.83,3.74,11.57,0,51.57,0.95,30,0,traffic_light
4.01,17.56,8.0,0.86,0,0.0,7.36,35,0,bus_stop
4.81,15.19,13.25,29.14,0,60.36,0.31,30,0,bus_stop
7.39,8.96,8.57,6.91,0,0.0,50.0,50,0,traffic_light
20.81,1.63,2.83,24.79,0,43.13,0.0,50,0,bus_stop
0.9,5.21,16.76,9.39,0,21.26,0.78,35,0,unknown
15.49,11.76,2.7,17.59,0,0.0,12.6,20,0,traffic_light
2.23,16.44,3.17,22.83,0,10.93,0.3,50,0,unknown
5.87,9.02,8.59,8.21,0,0.0,42.62,40,0.53,traffic_light
11.56,0.9,16.88,5.71,0,38.22,0.73,35,0,unknown
2.49,15.76,4.01,9.78,0,0.0,39.24,45,0,depot
1.72,16.05,6.4,16.11,0,66.23,0.56,50,0,traffic_light
90.41,76.09,56.64,11.38,0,94.93,0.54,50,0,bus_stop
9.33,2.96,1.61,2.99,0,65.17,1.18,35,0,unknown
8.47,13.38,13.01,23.08,0,0.0,20.68,20,2.94,traffic_light
11.2,4.72,0.23,16.22,0,0.0,18.34,40,0,school
6.29,17.77,4.54,9.0,0,61.81,1.09,20,0,traffic_light
9.42,11.63,9.44,4.3,0,175.76,0.36,35,0,school
3.63,17.35,1.86,24.11,0,0.0,31.37,50,0,traffic_light
0.84,3.53,10.8,5.03,0,0.0,12.32,45,0,traffic_light
1.4,14.14,5.79,10.2,0,0.0,38.89,40,0,traffic_light
6.03,11.39,13.03,16.59,0,0.0,21.82,20,1.59,bus_stop
1.04,15.45,5.7,24.01,0,5.53,1.06,35,0,traffic_light
42.79,66.55,51.09,541.02,0,0.0,29.27,45,0,traffic_light
3.75,6.66,0.75,16.8,0,15.86,0.77,45,0,traffic_light
12.05,8.64,6.59,19.7,0,31.97,0.34,35,0,traffic_light
8.62,13.61,5.41,13.42,0,0.0,34.42,45,0,bus_stop
0.62,6.15,0.67,18.62,0,0.0,40.18,50,0,unknown
13.77,1.68,11.54,20.97,0,0.0,23.9,45,0,bus_stop
7.63,7.44,17.49,9.8,0,421.98,0.32,40,0,depot
4.25,1.21,6.69,11.87,0,58.15,0.82,30,0,traffic_light
1.4,14.94,14.51,14.24,0,240.08,1.18,35,0,school
15.93,13.18,8.38,0.75,0,0.0,45.1,50,0,unknown
6.57,8.32,15.65,3.01,0,195.69,0.6,20,0,bus_stop
6.28,11.32,3.57,10.44,0,34.44,0.55,30,0,traffic_light
9.38,13.69,5.21,16.15,0,0.0,8.69,50,0,traffic_light
82.98,70.44,63.58,905.85,1,0.0,46.3,50,0,bus_stop
0.98,2.88,10.25,5.7,0,0.0,16.83,35,0,unknown
9.31,5.85,4.35,24.13,0,0.0,13.78,20,0,school
1.61,2.29,3.1,5.27,0,0.0,39.69,50,0,unknown
11.02,12.62,8.16,21.53,0,334.16,0.14,20,0,school
3.13,10.82,9.88,13.72,0,0.0,39.52,50,0,traffic_light
3.19,4.58,2.94,29.02,0,0.0,39.77,40,0,traffic_light
6.33,4.92,9.91,13.87,0,0.0,21.95,20,3.14,traffic_light
3.27,15.39,16.19,23.56,0,126.11,0.3,45,0,school
14.68,14.67,0.89,29.02,0,32.28,1.11,30,0,bus_stop
9.24,8.43,8.22,17.52,0,0.0,21.25,40,0,unknown
0.99,6.97,4.62,28.86,0,49.88,0.25,35,0,bus_stop
1.06,15.51,17.05,21.31,0,0.0,46.48,45,1.45,school
14.23,7.62,9.87,6.59,0,0.0,14.55,35,0,unknown
0.74,16.84,2.5,23.35,0,34.14,0.59,45,0,unknown
92.0,46.09,69.49,299.71,0,0.0,23.41,45,0,traffic_light
3.34,4.69,15.07,0.76,0,365.18,0.38,40,0,school
6.89,17.86,6.46,6.4,0,0.0,8.43,20,0,unknown
7.15,6.78,2.11,8.49,0,0.0,11.98,45,0,unknown
1.56,10.97,16.28,23.09,0,17.93,0.44,35,0,unknown
3.07,6.84,12.01,5.93,0,0.0,43.57,50,0,unknown
2.3,12.45,11.81,6.57,0,102.45,0.74,45,0,school
27.61,7.48,1.22,0.63,0,0.0,31.9,30,2.52,traffic_light
6.51,5.92,1.27,3.46,0,0.0,9.98,20,0,traffic_light
55.93,85.29,43.87,15.03,1,9.78,0.63,20,0,unknown
12.21,2.89,3.29,29.49,0,0.0,11.91,20,0,unknown
0.21,8.7,2.37,20.69,0,0.0,26.23,30,0,school
10.75,11.77,13.93,25.27,0,0.0,11.55,20,0,unknown
2.62,11.27,15.32,17.01,0,0.0,18.88,30,0,traffic_light
0.16,9.02,17.19,2.2,0,0.0,9.14,30,0,traffic_light
5.6,5.88,5.85,28.31,0,164.74,0.73,35,0,school
5.21,8.29,0.63,25.76,0,0.0,24.9,45,0,school
5.6,5.03,6.19,2.67,0,0.0,35.35,50,0,traffic_light
0.44,3.5,0.99,22.13,0,0.0,18.61,35,0,traffic_light
15.05,4.27,0.99,1.64,0,0.0,7.03,30,0,traffic_light
1.57,13.89,12.08,22.11,0,0.0,30.67,35,0,unknown
87.01,40.67,24.28,277.03,1,0.0,24.52,40,0,unknown
8.68,0.85,1.03,28.82,0,0.0,34.2,45,0,depot
0.88,13.95,3.19,19.17,0,0.0,23.2,35,0,traffic_light
6.18,7.94,9.27,26.04,0,161.01,0.88,50,0,bus_stop
13.75,11.61,13.02,11.03,0,505.39,0.4,30,0,school
2.84,5.94,7.58,10.56,0,0.0,18.68,20,0,bus_stop
4.37,14.36,3.42,29.3,0,34.84,0.56,45,0,unknown
17.0,16.46,3.96,23.06,0,99.25,1.17,35,0,bus_stop
5.25,17.55,3.2,2.74,0,0.0,11.16,50,0,bus_stop
6.6,17.75,16.98,9.39,0,0.0,16.73,30,0,depot
11.41,4.64,7.62,2.54,0,0.0,27.62,30,0,depot
9.78,0.71,5.58,3.48,0,0.0,24.27,40,0,unknown
1.13,8.37,14.81,2.26,0,0.0,23.5,35,0,traffic_light
8.91,9.88,2.57,17.72,0,60.56,1.13,45,0,unknown
1.11,13.81,13.82,6.59,0,0.0,21.07,20,1.32,school
2.01,14.05,15.99,23.9,0,23.51,0.33,50,0,traffic_light
1.63,13.14,9.19,9.43,0,0.0,47.19,45,3.84,school
10.01,15.74,2.27,12.3,0,0.0,7.43,35,0,unknown
1.55,8.33,4.13,19.45,0,0.0,9.57,35,0,traffic_light
4.55,0.0,12.96,25.17,0,327.54,0.43,20,0,school
17.98,8.5,4.79,3.77,0,0.0,32.78,45,0,unknown
7.81,2.87,11.33,14.67,0,0.0,22.18,20,0.66,school
15.96,1.05,16.13,22.14,0,0.0,22.21,20,3.8,school
1.6,0.14,10.47,10.03,0,29.84,0.18,20,0,traffic_light
0.02,14.53,7.21,4.4,0,0.0,46.3,45,1.03,traffic_light
4.73,16.92,5.03,22.3,0,0.0,24.58,45,0,traffic_light
41.95,41.34,42.93,148.19,1,0.0,12.9,40,0,bus_stop
2.34,15.63,6.11,13.13,0,124.84,1.14,35,0,bus_stop
60.44,84.94,61.19,1.37,1,9.93,0.06,45,0,traffic_light
4.91,0.07,16.19,5.83,0,0.0,10.12,45,0,bus_stop
29.52,51.12,55.96,9.39,0,19.68,0.66,35,0,traffic_light
25.32,4.97,1.24,24.38,0,0.0,21.21,40,0,unknown
8.56,11.33,17.08,0.89,0,0.0,13.19,40,0,traffic_light
35,8.33,16.8,28.9,0,0.0,35.0,40,0,bus_stop
10.73,13.19,1.22,23.29,0,0.0,14.45,20,0,bus_stop
5.25,1.92,0.94,24.39,0,390.92,0.53,50,0,school
6.97,0.4,17.28,19.03,0,0.0,13.9,35,0,traffic_light
30.02,8.69,3.58,4.31,0,0.0,38.34,40,0,school
6.55,11.23,9.79,21.88,0,25.14,0.21,35,0,traffic_light
3.25,9.63,16.62,10.68,0,13.45,0.28,20,0,unknown
24.92,11.52,14.54,21.26,0,0.0,16.38,20,0,unknown
5.61,0.62,9.43,3.75,0,36.84,1.16,30,0,bus_stop
8.52,14.4,3.81,19.62,0,368.97,0.19,50,0,school
11.56,5.13,5.61,25.35,0,0.0,8.64,30,0,unknown
1.59,3.87,1.65,1.53,0,0.0,20.23,20,2.56,traffic_light
10.6,13.87,4.5,6.85,0,35.53,0.09,45,0,unknown
2.98,13.95,5.96,20.97,0,31.12,0.67,40,0,unknown
6.69,7.65,17.69,18.76,0,0.0,30.73,50,0,traffic_light
7.97,10.1,15.71,9.05,0,0.0,22.23,20,1.51,unknown
8.69,15.74,11.13,24.95,0,0.0,26.24,30,0,bus_stop
5.93,2.02,4.94,22.42,0,554.27,0.23,50,0,depot
3.27,1.44,0.19,6.33,0,0.0,12.03,30,0,school
0.59,2.75,0.42,13.83,0,57.28,0.77,40,0,traffic_light
14.34,9.64,14.69,16.33,0,0.0,14.23,20,0,school
83.82,54.67,19.47,306.13,1,0.0,20.16,20,2.11,depot
1.92,9.48,12.11,10.37,0,0.0,8.81,20,0,unknown
16.7,7.57,9.96,1.73,0,0.0,20.08,20,1.29,depot
23.12,13.81,8.81,4.0,0,20.69,0.41,50,0,traffic_light
13.51,12.23,16.61,23.43,0,0.0,9.32,35,0,unknown
9.36,3.95,2.66,16.11,0,0.0,43.0,45,0,unknown
38.5,85.7,23.1,167.77,1,0.0,7.05,20,0,unknown
6.13,13.61,16.27,8.07,0,0.0,27.66,50,0,school
3.47,2.39,16.2,25.21,0,0.0,29.08,35,0,unknown
2.37,8.98,15.34,5.06,0,0.0,9.73,40,0,bus_stop
2.55,12.25,7.16,2.7,0,0.0,29.25,50,0,bus_stop
17.63,6.02,5.53,9.35,0,0.0,24.26,50,0,school
9.93,6.62,14.11,26.4,0,0.0,46.58,50,0,bus_stop
9.95,15.86,11.31,4.39,0,220.55,0.89,35,0,school
10.17,12.8,12.24,21.47,0,0.0,50.39,50,1.34,bus_stop
1.18,13.93,16.28,13.54,0,0.0,17.06,20,0,depot
0.95,12.66,2.65,3.24,0,0.0,21.86,20,2.85,traffic_light
43.77,66.26,16.97,508.0,0,0.0,27.6,30,0,bus_stop
13.25,6.74,13.3,8.29,0,539.88,0.66,50,0,depot
12.88,0.41,2.53,20.61,0,0.0,13.06,50,0,school
1.63,1.16,9.73,12.49,0,273.05,0.41,50,0,bus_stop
6.13,13.22,8.58,15.19,0,89.66,0.24,45,0,school
0.1,0.69,12.98,28.86,0,14.35,1.06,35,0,unknown
2.12,4.25,5.14,20.63,0,0.0,29.05,30,0,traffic_light
3.9,2.39,14.6,5.45,0,0.0,10.21,45,0,school
13.08,10.7,2.14,22.73,0,21.57,0.31,40,0,unknown
2.98,6.79,4.42,11.32,0,25.71,0.97,20,0,traffic_light
0.83,4.98,16.28,24.41,0,0.0,35.03,40,0,bus_stop
0.01,14.61,9.43,8.06,0,61.01,0.21,45,0,unknown
2.3,12.72,0.3,10.26,0,0.0,26.27,35,0,traffic_light
74.81,93.69,48.67,29.21,0,25.31,1.12,35,0,unknown
19.11,5.5,9.32,22.91,0,266.86,0.98,50,0,bus_stop
3.53,7.28,5.42,8.2,0,0.0,20.27,30,0,unknown
0.9,0.71,7.15,14.19,0,0.0,44.82,45,0,traffic_light
12.91,6.73,8.91,5.34,0,28.55,0.94,50,0,unknown
1.01,8.62,0.09,24.17,0,634.55,0.13,20,0,depot
19.65,4.62,7.09,8.68,0,0.0,28.45,45,0,unknown
9.09,15.0,10.21,5.37,0,0.0,34.43,50,0,unknown
17.5,2.86,14.25,22.9,0,0.0,42.75,40,3.84,traffic_light
0.98,8.94,5.43,3.35,0,0.0,52.56,50,0.75,unknown
0.04,3.75,0.54,24.55,0,0.0,23.08,35,0,traffic_light
4.87,0.6,5.57,23.8,0,140.96,0.07,20,0,depot
10.23,12.51,5.04,12.95,0,0.0,46.51,50,0,school
8.52,2.12,7.18,16.77,0,0.0,29.25,30,0,traffic_light
21.51,6.32,7.6,10.94,0,0.0,31.94,30,3.18,unknown
21.41,2.95,8.9,2.03,0,0.0,31.32,40,0,unknown
6.74,9.84,3.46,20.83,0,340.05,0.08,35,0,depot
1.95,2.05,3.34,18.8,0,78.29,0.19,35,0,unknown
2.85,2.94,15.04,2.98,0,0.0,30.97,45,0,unknown
2.49,13.88,9.86,22.38,0,0.0,35.14,45,0,unknown
1.4,15.13,8.78,25.58,0,0.0,40.51,45,0,depot
1.0,8.96,14.31,17.82,0,42.28,0.48,40,0,traffic_light
0.22,2.78,11.14,0.45,0,0.0,14.49,50,0,unknown
2.45,17.52,7.48,6.92,0,35.09,0.79,35,0,traffic_light
46.74,42.66,37.85,1.3,1,11.9,0.11,20,0,unknown
2.95,14.81,9.14,6.5,0,0.0,12.2,30,0,bus_stop
1.5,0.18,10.2,2.47,0,0.0,14.56,20,0,unknown
0.25,4.74,10.43,18.67,0,0.0,42.65,40,3.8,traffic_light
19.24,12.47,17.27,17.51,0,0.0,17.95,40,0,bus_stop
0.35,1.49,14.65,0.45,0,36.02,1.1,35,0,traffic_light
86.1,70.44,68.05,741.87,0,0.0,37.91,50,0,traffic_light
23.42,4.3,6.47,29.85,0,0.0,18.79,30,0,unknown
1.0,7.0,0.75,5.47,0,0.0,9.49,20,0,bus_stop
2.82,3.86,4.2,18.94,0,8.71,0.37,30,0,traffic_light
11.8,4.56,15.35,9.7,0,0.0,11.24,35,0,traffic_light
1.63,16.23,9.27,13.0,0,0.0,10.72,35,0,bus_stop
4.56,0.16,0.83,29.29,0,0.0,50.37,50,3.59,traffic_light
6.5,3.13,16.26,2.28,0,0.0,18.85,45,0,traffic_light
0.96,2.34,9.94,15.24,0,110.44,0.85,20,0,bus_stop
9.22,12.3,17.28,14.74,0,0.0,30.81,45,0,unknown
1.83,10.69,15.59,23.54,0,0.0,39.78,45,0,bus_stop
2.81,14.71,7.28,8.7,0,48.64,0.79,50,0,traffic_light
8.76,11.64,1.4,21.78,0,244.12,0.42,35,0,depot
2.4,9.71,1.09,19.31,0,0.0,35.08,45,0,unknown
6.71,12.1,11.41,9.85,0,0.0,18.42,20,0,depot
1.48,13.73,3.62,13.31,0,65.32,0.33,45,0,unknown
3.2,15.91,4.52,22.82,0,131.9,0.45,35,0,school
3.49,6.87,13.27,21.78,0,0.0,19.94,35,0,unknown
4.05,11.4,2.15,22.88,0,0.0,21.79,20,2.68,traffic_light
1.92,14.24,15.79,8.9,0,0.0,24.7,35,0,school
4.48,6.39,0.53,21.12,0,0.0,11.96,30,0,bus_stop
1.68,6.7,3.9,8.49,0,0.0,11.17,20,0,traffic_light
8.31,17.45,2.39,13.88,0,0.0,40.25,40,3.66,school
3.19,13.78,7.62,25.56,0,0.0,17.48,45,0,bus_stop
1.84,7.5,9.22,18.76,0,0.0,15.42,30,0,bus_stop
2.79,10.58,2.8,24.83,0,0.0,22.03,20,3.84,unknown
1.91,3.95,4.74,21.13,0,0.0,7.4,30,0,traffic_light
7.77,11.06,4.66,17.39,0,0.0,24.96,50,0,unknown
23.27,8.53,2.09,24.25,0,0.0,28.58,45,0,bus_stop
35,3.04,15.81,29.04,0,61.73,0.2,30,0,unknown
20.61,4.84,7.38,9.65,0,0.0,7.99,30,0,school
13.2,4.29,1.62,7.67,0,0.0,18.96,45,0,depot
11.39,10.82,10.91,16.04,0,25.93,0.94,45,0,traffic_light
10.27,12.33,8.46,27.72,0,12.8,0.69,35,0,unknown
3.23,3.98,5.05,8.07,0,35.67,1.16,40,0,unknown
6.39,5.39,10.65,6.29,0,829.63,0.48,45,0,school
3.56,17.85,17.27,17.45,0,0.0,15.54,30,0,bus_stop
2.21,8.55,8.58,13.27,0,0.0,29.8,40,0,traffic_light
0.9,16.02,9.95,10.01,0,0.0,31.22,40,0,school
4.73,15.12,11.34,16.92,0,328.03,0.69,20,0,school
11.51,14.14,14.6,26.01,0,0.0,37.27,45,0,school
5.08,9.4,6.07,19.69,0,0.0,26.0,50,0,school
5.06,11.82,5.43,6.87,0,29.59,0.36,20,0,traffic_light
0.9,6.4,8.96,10.91,0,0.0,7.03,45,0,school
0.79,4.31,5.74,7.77,0,28.71,1.19,35,0,traffic_light
12.22,1.84,11.84,19.82,0,0.0,23.63,30,0,traffic_light
16.31,1.0,15.15,13.52,0,0.0,36.41,50,0,bus_stop
0.48,8.47,16.54,9.21,0,279.81,0.69,50,0,school
3.91,10.61,8.8,6.77,0,0.0,7.25,50,0,traffic_light
10.13,12.59,13.19,3.05,0,0.0,10.23,35,0,school
11.94,3.65,4.48,25.16,0,184.87,0.72,35,0,bus_stop
3.7,3.71,0.19,29.0,0,0.0,44.45,50,0,unknown
6.73,7.78,11.72,28.06,0,0.0,37.91,50,0,school
0.03,1.41,10.96,2.44,0,0.0,12.32,50,0,unknown
0.02,0.8,6.78,3.48,0,0.0,23.34,45,0,school
5.43,11.73,3.08,21.27,0,31.08,0.2,30,0,unknown
3.93,11.63,7.64,21.83,0,354.67,0.16,35,0,school
6.96,0.8,13.12,16.6,0,0.0,13.47,20,0,unknown
1.46,7.43,10.33,10.16,0,0.0,51.61,50,3.52,school
0.2,12.09,5.12,14.94,0,0.0,8.22,30,0,unknown
6.7,0.48,10.53,24.88,0,0.0,20.89,45,0,school
7.13,13.88,7.04,0.42,0,0.0,16.67,35,0,bus_stop
3.11,4.08,14.48,0.15,0,0.0,9.74,45,0,school
7.52,2.04,15.83,3.89,0,0.0,12.95,45,0,school
2.06,15.68,2.35,29.82,0,15.19,0.88,40,0,unknown
14.64,6.74,13.67,13.82,0,0.0,43.03,45,0,unknown
0.65,14.45,4.74,14.06,0,35.71,0.92,30,0,unknown
6.96,7.41,7.15,0.93,0,0.0,27.66,40,0,unknown
33.21,6.32,15.33,27.94,0,36.31,0.29,45,0,traffic_light
4.24,4.87,12.0,23.68,0,0.0,13.73,35,0,depot
2.01,14.96,4.53,6.62,0,0.0,48.34,50,0,depot
5.39,16.78,13.65,6.73,0,13.8,0.31,30,0,traffic_light
2.7,0.58,4.23,22.76,0,0.0,41.6,40,3.07,depot
0.38,12.15,10.12,19.84,0,0.0,20.7,20,1.52,traffic_light
18.73,10.45,10.6,23.75,0,22.94,1.08,40,0,traffic_light
0.64,15.27,5.4,24.58,0,393.14,0.31,30,0,depot
78.94,62.16,50.46,623.9,1,0.0,36.13,50,0,school
35,5.05,9.37,17.12,0,134.69,0.76,35,0,bus_stop
4.85,9.42,2.29,17.48,0,71.97,1.16,50,0,traffic_light
2.55,1.61,12.44,13.59,0,0.0,8.75,40,0,depot
6.46,15.71,5.59,2.17,0,0.0,52.96,50,3.52,unknown
25.35,58.66,59.46,10.73,1,145.26,0.66,30,0,bus_stop
2.24,2.87,6.91,5.01,0,200.07,0.02,35,0,bus_stop
16.27,14.77,10.83,11.95,0,29.72,0.68,35,0,traffic_light
5.34,9.79,10.1,1.51,0,0.0,21.48,20,0.37,depot
17.4,17.1,6.38,4.66,0,0.0,38.38,40,0,traffic_light
3.92,6.2,7.01,4.91,0,46.15,0.67,35,0,traffic_light
52.39,16.6,21.74,139.34,0,0.0,30.22,40,0,unknown
2.76,1.2,9.89,9.87,0,104.32,0.73,30,0,bus_stop
0.61,6.45,11.87,12.05,0,23.54,0.57,20,0,traffic_light
6.29,16.93,5.93,9.74,0,57.87,0.63,30,0,traffic_light
15.59,1.44,2.2,12.2,0,17.77,1.09,35,0,unknown
74.49,65.91,41.51,249.1,1,0.0,13.61,30,0,bus_stop
4.3,16.52,11.84,15.48,0,0.0,34.8,35,0,unknown
4.8,14.51,1.49,28.9,0,0.0,37.46,40,0,unknown
32.51,16.74,12.59,26.32,0,0.0,24.5,35,0,traffic_light
2.56,6.33,3.4,18.05,0,15.58,0.89,45,0,traffic_light
0.72,0.45,1.56,19.73,0,0.0,44.77,45,0,school
0.62,3.78,2.1,2.53,0,0.0,21.89,20,3.07,bus_stop
0.64,17.27,15.31,23.56,0,0.0,14.26,30,0,school
8.31,14.77,10.16,18.62,0,136.64,0.99,35,0,bus_stop
13.15,3.53,0.34,17.14,0,0.0,42.89,45,0,unknown
6.96,6.71,17.05,1.54,0,0.0,16.83,20,0,unknown
7.08,4.19,0.72,0.06,0,0.0,16.04,20,0,unknown
79.29,58.58,49.69,9.41,1,65.27,0.58,40,0,unknown
3.03,1.88,8.36,23.72,0,356.91,0.92,30,0,school
24.86,10.16,11.78,14.09,0,0.0,16.04,20,0,unknown
0.37,14.07,1.21,26.61,0,0.0,30.91,50,0,unknown
6.79,11.13,14.99,7.55,0,0.0,8.07,20,0,traffic_light
5.64,3.04,13.4,1.29,0,0.0,18.64,35,0,traffic_light
6.12,17.54,11.18,19.51,0,0.0,36.03,45,0,bus_stop
2.51,15.01,0.78,26.7,0,52.53,0.98,50,0,unknown
16.19,11.79,2.02,13.32,0,0.0,34.1,50,0,depot
1.08,2.97,5.04,2.6,0,0.0,8.14,30,0,traffic_light
2.35,11.62,14.05,22.82,0,0.0,14.2,30,0,bus_stop
0.79,9.56,10.27,24.08,0,0.0,17.46,30,0,unknown
30.36,87.55,63.76,461.8,1,0.0,18.99,20,0,unknown
1.13,15.65,12.32,7.11,0,0.0,32.84,35,0,school
0.71,10.2,14.0,29.32,0,0.0,28.1,50,0,school
2.17,11.42,0.13,18.03,0,0.0,25.36,30,0,depot
12.45,0.92,17.77,16.16,0,0.0,17.43,45,0,traffic_light
2.39,2.56,11.82,4.93,0,0.0,38.93,45,0,bus_stop
1.36,2.11,6.97,26.67,0,0.0,25.09,45,0,depot
5.37,7.96,15.96,24.14,0,23.85,0.33,20,0,unknown
5.44,7.63,4.14,21.41,0,382.71,0.7,45,0,depot
7.43,0.64,17.18,5.49,0,0.0,31.19,30,2.7,bus_stop
0.16,16.79,9.04,0.72,0,0.0,11.49,30,0,bus_stop
6.34,16.69,0.62,16.71,0,0.0,18.95,20,0,school
0.32,10.85,4.23,18.95,0,9.19,0.21,35,0,traffic_light
10.79,7.29,10.48,11.4,0,0.0,18.11,20,0,unknown
22.66,8.08,10.29,10.12,0,0.0,21.34,45,0,unknown
1.55,16.61,7.98,6.97,0,0.0,47.27,45,3.42,bus_stop
4.0,16.73,14.64,10.6,0,59.22,0.49,50,0,traffic_light
7.97,11.48,17.42,18.41,0,0.0,21.24,20,0.8,traffic_light
6.98,10.01,3.68,19.13,0,0.0,22.56,20,2.75,traffic_light
6.31,5.32,15.52,3.4,0,0.0,13.65,50,0,traffic_light
27.84,7.18,10.43,8.35,0,0.0,8.48,30,0,school
12.62,8.8,15.68,26.42,0,0.0,10.84,20,0,depot
63.41,50.19,69.03,260.48,1,0.0,18.68,30,0,unknown
0.72,0.97,13.84,12.25,0,0.0,15.09,20,0,unknown
1.22,8.36,3.55,23.35,0,0.0,21.65,20,1.96,unknown
0.85,5.39,6.11,0.28,0,0.0,43.63,50,0,traffic_light
9.68,2.55,13.21,4.47,0,0.0,9.93,50,0,depot
13.76,2.97,4.32,21.46,0,25.71,0.71,40,0,unknown
1.94,7.32,16.68,8.55,0,0.0,38.1,50,0,unknown
14.9,6.64,16.42,8.95,0,10.26,0.77,20,0,unknown
2.55,14.51,14.14,15.76,0,0.0,24.1,50,0,depot
69.31,67.46,28.64,774.99,1,0.0,41.35,40,2.97,bus_stop
21.77,9.94,13.17,27.52,0,0.0,27.56,30,0,bus_stop
6.94,4.62,3.02,1.05,0,0.0,25.33,30,0,traffic_light
14.46,0.68,12.61,11.91,0,97.96,0.72,35,0,bus_stop
5.8,3.04,15.4,16.82,0,0.0,36.7,40,0,unknown
2.86,10.54,3.13,9.26,0,0.0,19.77,30,0,depot
0.01,10.73,14.8,18.17,0,0.0,8.1,30,0,traffic_light
7.67,5.42,4.29,29.42,0,0.0,29.03,35,0,traffic_light
20.89,9.14,4.87,5.61,0,0.0,37.64,40,0,bus_stop
8.82,1.76,1.9,23.56,0,0.0,15.12,40,0,depot
0.62,5.54,2.92,2.77,0,0.0,17.08,20,0,unknown
3.31,6.1,3.16,24.74,0,0.0,11.96,50,0,traffic_light
2.18,3.74,1.87,27.28,0,665.29,0.92,40,0,school
11.61,1.98,8.34,11.08,0,41.84,0.85,40,0,traffic_light
7.41,2.11,17.02,25.71,0,339.3,0.51,40,0,school
1.18,0.58,17.94,18.76,0,0.0,28.03,50,0,traffic_light
3.64,10.73,7.97,9.99,0,282.68,0.43,35,0,school
4.7,9.27,6.05,25.02,0,0.0,28.52,40,0,traffic_light
13.51,8.14,10.79,26.39,0,95.79,0.88,20,0,school
13.67,12.31,6.08,13.68,0,0.0,34.11,35,0,unknown
8.02,5.47,7.56,9.09,0,0.0,47.81,50,0,unknown
6.58,15.94,0.19,24.27,0,0.0,13.89,30,0,traffic_light
3.5,12.91,15.03,28.48,0,549.16,1.06,35,0,school
3.62,9.34,13.05,2.94,0,40.57,1.14,35,0,unknown
17.21,5.46,9.22,18.32,0,0.0,21.36,50,0,traffic_light
14.45,5.75,3.1,14.57,0,0.0,13.51,20,0,school
1.55,3.61,16.33,0.81,0,0.0,35.9,50,0,unknown
2.13,1.57,15.24,2.01,0,25.91,1.01,40,0,traffic_light
4.84,10.56,1.41,9.76,0,0.0,9.45,20,0,bus_stop
12.82,15.79,8.38,24.79,0,0.0,20.1,40,0,bus_stop
6.43,1.41,6.8,21.17,0,0.0,19.8,50,0,traffic_light
3.79,13.91,5.13,4.68,0,0.0,51.38,50,3.57,traffic_light
5.98,0.32,5.48,29.96,0,0.0,35.73,45,0,traffic_light
21.22,16.88,7.08,8.13,0,0.0,47.31,45,0.72,school
8.58,8.98,9.05,6.74,0,5.6,0.15,35,0,traffic_light
6.55,1.42,12.23,13.7,0,30.02,1.11,45,0,traffic_light
7.38,11.87,6.28,9.39,0,61.14,0.11,50,0,unknown
15.96,14.62,12.63,4.33,0,45.79,0.39,35,0,unknown
6.93,11.1,5.83,9.63,0,0.0,12.6,35,0,traffic_light
6.3,9.51,6.54,18.35,0,0.0,7.93,20,0,depot
9.02,1.68,4.05,12.15,0,89.32,0.6,45,0,bus_stop
7.78,8.38,3.66,19.3,0,37.46,0.87,40,0,traffic_light
15.94,12.89,9.47,28.69,0,0.0,20.98,20,2.23,bus_stop
9.15,16.05,11.89,17.13,0,0.0,50.31,50,1.33,unknown
0.62,12.1,5.36,15.76,0,0.0,23.06,30,0,school
5.7,2.63,13.07,3.94,0,5.9,0.86,20,0,unknown
0.46,17.6,12.54,13.83,0,0.0,27.4,35,0,traffic_light
14.75,3.3,6.95,21.91,0,0.0,9.37,20,0,depot
4.89,1.11,10.78,5.32,0,0.0,7.54,45,0,school
7.92,15.64,9.56,4.41,0,0.0,20.9,40,0,bus_stop
1.23,12.44,8.65,9.06,0,49.69,0.97,20,0,traffic_light
12.57,17.77,6.47,15.08,0,12.37,0.57,50,0,traffic_light
10.12,8.12,7.19,19.71,0,0.0,13.99,20,0,traffic_light
16.86,5.71,6.04,19.6,0,10.26,1.13,50,0,unknown
2.83,17.27,17.5,26.12,0,0.0,37.29,50,0,unknown
16.65,3.3,11.99,28.82,0,0.0,36.91,40,0,school
2.3,5.05,10.38,11.7,0,60.47,0.69,30,0,bus_stop
3.07,7.53,7.14,0.74,0,0.0,18.06,20,0,unknown
22.95,5.92,5.45,20.26,0,272.29,0.66,45,0,school
6.95,10.93,12.66,1.02,0,0.0,11.63,20,0,bus_stop
0.34,12.13,1.58,1.44,0,311.22,0.29,50,0,school
4.48,7.76,10.88,28.55,0,433.68,0.79,35,0,school
3.43,0.4,5.98,19.87,0,0.0,11.97,40,0,bus_stop
92.66,70.42,72.27,541.42,1,0.0,27.68,30,0,school
7.9,10.55,3.98,20.57,0,0.0,19.45,35,0,school
1.11,6.12,13.51,6.1,0,0.0,9.93,50,0,school
3.46,15.9,9.13,16.94,0,0.0,41.82,40,1.39,traffic_light
13.49,15.75,9.24,13.98,0,0.0,9.75,45,0,traffic_light
0.41,12.01,7.58,14.34,0,0.0,30.33,50,0,depot
3.64,4.23,7.81,1.61,0,0.0,19.36,45,0,bus_stop
13.41,8.82,13.1,27.73,0,0.0,43.56,50,0,bus_stop
2.46,1.15,0.79,22.75,0,316.13,0.01,30,0,school
47.53,9.16,40.81,53.22,0,0.0,20.91,20,3.3,school
12.32,14.93,3.51,22.3,0,68.75,0.53,35,0,unknown
14.33,13.79,0.79,27.42,0,0.0,16.15,30,0,school
11.05,1.23,8.33,3.23,0,0.0,27.88,30,0,unknown
13.45,6.56,15.37,6.6,0,0.0,37.73,35,2.89,bus_stop
6.04,0.99,1.02,1.19,0,0.0,22.97,30,0,depot
89.43,59.67,22.42,18.54,1,51.12,1.12,50,0,bus_stop
13.74,17.87,12.57,20.85,0,298.12,0.28,40,0,school
50.32,89.31,32.28,0.8,0,16.7,0.03,50,0,traffic_light
3.11,0.5,2.17,1.66,0,0.0,31.37,35,0,bus_stop
6.62,3.08,6.01,1.41,0,0.0,21.35,20,1.46,traffic_light
0.16,8.94,3.02,27.88,0,0.0,14.1,40,0,school
69.22,22.47,18.37,140.51,1,0.0,22.52,40,0,unknown
10.73,11.8,10.13,7.07,0,0.0,27.42,45,0,unknown
5.2,3.09,2.9,28.45,0,0.0,36.13,40,0,unknown
76.74,82.08,24.32,685.37,1,0.0,30.06,35,0,school
2.22,9.52,15.18,11.59,0,0.0,19.19,30,0,bus_stop
0.64,7.99,8.5,23.19,0,30.45,0.76,50,0,unknown
6.11,6.28,12.06,23.51,0,55.77,0.53,50,0,traffic_light
5.93,5.46,0.78,17.94,0,0.0,15.64,35,0,traffic_light
4.1,3.79,2.07,22.54,0,0.0,26.11,35,0,traffic_light
10.52,3.53,3.8,21.4,0,0.0,8.5,20,0,bus_stop
6.73,5.69,15.16,18.48,0,0.0,19.96,20,0,school
6.4,3.0,7.37,26.15,0,0.0,19.62,40,0,school
9.84,16.57,13.14,18.61,0,82.45,0.13,20,0,bus_stop
4.77,6.88,4.86,13.7,0,0.0,20.06,40,0,depot
0.12,11.82,3.41,2.89,0,18.02,0.9,30,0,traffic_light
14.86,7.33,3.6,28.91,0,0.0,13.07,30,0,unknown
10.55,4.96,12.12,13.67,0,0.0,45.21,45,2.74,unknown
6.24,13.07,3.95,12.64,0,244.4,0.01,45,0,school
4.19,14.36,12.27,16.37,0,0.0,13.07,35,0,unknown
6.52,17.32,7.39,15.73,0,0.0,48.76,50,0,traffic_light
18.34,9.41,3.01,3.8,0,538.18,1.14,30,0,depot
83.18,71.71,66.43,639.47,1,0.0,32.1,35,0,school
29.28,56.13,38.93,7.51,1,372.38,0.48,50,0,school
20.9,0.9,3.44,6.42,0,20.35,0.63,20,0,traffic_light
0.63,16.58,14.04,15.65,0,38.98,1.08,40,0,traffic_light
3.58,14.71,5.55,16.54,0,0.0,8.83,45,0,school
11.24,3.98,13.35,0.84,0,0.0,7.78,50,0,unknown
3.95,11.41,17.37,24.5,0,0.0,15.31,20,0,unknown
8.7,6.0,9.77,23.78,0,204.25,1.07,40,0,school
0.76,0.01,2.81,10.24,0,12.5,0.26,45,0,traffic_light
2.97,10.31,11.73,18.15,0,0.0,41.5,40,2.23,traffic_light
54.45,35.37,48.09,138.21,1,0.0,14.07,35,0,traffic_light
25.39,5.34,2.43,27.41,0,4.42,0.14,50,0,traffic_light
11.26,0.24,17.58,23.1,0,0.0,10.51,40,0,unknown
28.45,73.55,35.84,7.13,1,50.61,0.35,45,0,unknown
70.15,62.25,55.08,726.23,0,0.0,42.0,40,0.94,traffic_light
0.33,16.65,4.74,19.84,0,42.79,0.3,50,0,traffic_light
8.91,16.64,17.37,13.58,0,447.83,0.81,50,0,school
7.17,3.58,17.28,10.23,0,0.0,13.13,30,0,traffic_light
11.16,3.09,13.21,6.7,0,0.0,10.17,30,0,unknown
6.86,13.39,6.86,19.17,0,0.0,44.95,45,0,school
1.21,7.91,16.95,11.07,0,0.0,34.09,45,0,traffic_light
0.59,11.63,9.17,14.54,0,0.0,46.56,45,3.78,traffic_light
1.82,16.22,6.61,17.05,0,43.89,0.7,20,0,traffic_light
1.08,15.38,13.13,29.74,0,0.0,31.26,30,1.38,unknown
23.0,0.37,10.57,14.52,0,310.34,1.1,50,0,school
1.82,16.6,17.07,0.77,0,674.9,0.86,50,0,school
0.54,13.42,15.54,15.72,0,295.63,1.09,20,0,school
11.7,11.61,9.14,24.15,0,0.0,22.83,45,0,traffic_light
8.7,7.39,12.42,25.52,0,154.13,0.93,30,0,depot
0.63,3.43,15.34,12.78,0,0.0,21.1,50,0,bus_stop
2.88,14.87,5.92,9.06,0,0.0,21.04,30,0,unknown
15.64,0.77,11.21,14.28,0,205.56,0.43,45,0,school
2.52,7.63,0.23,12.61,0,167.56,0.04,35,0,bus_stop
1.36,8.01,9.31,24.5,0,0.0,16.55,20,0,traffic_light
2.82,6.33,0.63,8.9,0,0.0,38.7,40,0,unknown
18.09,0.35,5.16,26.41,0,0.0,29.4,35,0,school
1.46,2.53,9.84,20.47,0,0.0,9.23,35,0,bus_stop
15.37,6.98,3.65,19.95,0,0.0,24.52,40,0,depot
3.04,1.78,13.21,9.1,0,0.0,31.21,35,0,bus_stop
3.16,4.37,17.87,16.03,0,501.6,0.32,20,0,school
5.63,11.3,0.16,28.42,0,12.71,1.02,20,0,traffic_light
11.72,5.61,0.97,25.9,0,19.54,0.91,30,0,traffic_light
3.99,0.43,5.69,8.32,0,0.0,12.02,35,0,traffic_light
15.86,16.78,3.55,13.3,0,123.41,0.1,35,0,bus_stop
3.64,2.28,16.94,25.16,0,0.0,17.06,30,0,bus_stop
14.56,17.09,8.56,6.17,0,38.35,1.01,50,0,traffic_light
5.83,5.17,9.99,21.91,0,0.0,20.47,45,0,traffic_light
0.62,10.84,3.05,6.04,0,0.0,27.03,35,0,school
0.66,8.54,4.62,9.05,0,0.0,18.6,45,0,unknown
92.37,36.53,33.68,4.85,1,130.02,0.48,50,0,bus_stop
14.33,13.28,6.02,6.18,0,0.0,31.92,40,0,school
7.58,8.6,3.28,7.63,0,36.2,1.01,40,0,unknown
0.77,8.86,6.68,0.1,0,0.0,46.81,50,0,traffic_light
48.43,34.77,62.11,5.48,1,112.34,0.57,50,0,bus_stop
2.1,12.81,1.57,3.57,0,252.93,1.11,50,0,school
40.04,26.97,60.92,189.6,1,0.0,25.31,35,0,bus_stop
4.95,6.72,9.84,21.13,0,147.04,0.78,50,0,bus_stop
1.42,4.79,1.44,9.52,0,0.0,21.11,20,1.76,traffic_light
4.55,10.63,9.71,22.18,0,0.0,21.78,30,0,traffic_light
12.34,10.46,9.74,13.19,0,20.61,0.81,40,0,traffic_light
1.01,4.36,12.81,10.28,0,0.0,25.08,30,0,bus_stop
2.09,13.81,8.12,14.98,0,34.52,0.93,40,0,traffic_light
61.36,18.11,45.46,119.3,1,0.0,23.72,50,0,traffic_light
0.56,15.51,1.04,17.58,0,21.83,0.6,20,0,traffic_light
0.13,12.04,15.4,8.1,0,0.0,22.69,40,0,bus_stop
11.59,16.94,13.94,12.98,0,48.88,0.93,35,0,traffic_light
5.62,1.94,9.87,10.91,0,0.0,25.17,35,0,school
57.47,34.49,39.9,226.85,1,0.0,23.68,30,0,bus_stop
5.69,8.14,7.45,14.38,0,205.67,0.43,20,0,bus_stop
2.17,8.2,5.47,14.78,0,53.12,0.04,30,0,traffic_light
17.64,1.97,15.2,9.61,0,0.0,13.77,50,0,traffic_light
18.15,3.76,13.42,28.02,0,0.0,29.43,30,0,bus_stop
7.77,0.6,7.61,26.96,0,0.0,19.25,30,0,school
8.3,7.05,16.58,15.6,0,0.0,14.77,35,0,bus_stop
3.71,2.83,3.22,25.02,0,0.0,35.14,35,0.16,traffic_light
1.94,16.18,9.15,17.27,0,0.0,18.06,20,0,traffic_light
15.4,6.28,1.67,23.6,0,0.0,40.82,40,1.4,traffic_light
11.9,11.67,4.12,29.19,0,0.0,14.65,20,0,traffic_light
5.95,17.45,7.96,20.97,0,16.03,0.15,50,0,traffic_light
3.73,11.81,6.35,19.33,0,728.82,0.37,45,0,school
1.38,4.37,8.13,1.29,0,0.0,49.07,50,0,depot
8.73,3.82,8.41,13.65,0,21.83,0.03,20,0,traffic_light
76.26,34.79,34.54,143.37,1,0.0,14.84,40,0,school
14.7,9.89,7.86,24.16,0,0.0,14.51,35,0,traffic_light
3.94,8.32,9.58,26.26,0,69.76,1.1,50,0,bus_stop
0.72,11.21,0.19,14.34,0,0.0,22.79,50,0,traffic_light
6.61,0.89,16.4,10.85,0,0.0,16.65,30,0,traffic_light
4.59,15.72,13.47,4.61,0,85.35,0.56,20,0,bus_stop
1.33,7.53,9.54,11.18,0,38.56,0.56,50,0,traffic_light
88.86,40.4,33.86,283.95,1,0.0,25.3,45,0,traffic_light
6.09,13.82,8.43,1.15,0,45.26,0.44,20,0,traffic_light
0.99,8.94,10.28,5.24,0,0.0,39.96,50,0,bus_stop
11.5,12.58,4.32,26.26,0,0.0,34.41,50,0,bus_stop
6.77,5.5,5.57,13.61,0,0.0,8.25,35,0,unknown
7.42,14.31,0.04,0.56,0,256.45,0.29,20,0,depot
22.38,16.29,11.88,26.76,0,0.0,12.23,50,0,bus_stop
23.56,6.42,12.97,13.26,0,0.0,10.87,45,0,depot
2.03,7.4,12.89,3.44,0,0.0,23.46,35,0,traffic_light
7.07,1.7,14.19,25.26,0,0.0,16.76,40,0,school
8.92,7.78,1.03,5.08,0,0.0,27.38,45,0,traffic_light
11.57,7.24,8.26,7.68,0,0.0,33.97,45,0,traffic_light
11.53,5.53,2.08,4.65,0,0.0,22.47,45,0,school
0.32,11.73,15.23,4.7,0,0.0,13.27,30,0,school
10.57,6.53,3.41,10.16,0,0.0,23.7,50,0,bus_stop
1.21,6.45,11.37,4.62,0,0.0,21.44,50,0,school
8.83,14.8,16.32,9.37,0,0.0,27.67,45,0,school
13.99,1.75,17.33,20.68,0,0.0,31.13,40,0,traffic_light
2.23,6.76,6.31,12.76,0,0.0,36.36,35,2.42,school
0.85,14.98,13.71,9.18,0,54.93,0.68,45,0,traffic_light
13.28,3.08,4.7,23.24,0,175.18,0.11,45,0,bus_stop
12.99,6.92,5.6,18.4,0,0.0,13.81,20,0,school
5.99,3.73,1.87,1.88,0,0.0,29.58,40,0,traffic_light
2.28,10.61,13.79,3.66,0,28.76,0.5,35,0,traffic_light
25.76,17.15,10.13,24.43,0,87.45,0.9,50,0,bus_stop
2.23,16.59,5.17,28.79,0,0.0,20.97,50,0,traffic_light
0.08,9.37,5.88,7.36,0,0.0,7.35,30,0,traffic_light
4.31,7.29,4.45,18.18,0,0.0,14.2,35,0,traffic_light
4.35,9.18,12.82,16.0,0,0.0,20.33,40,0,school
0.03,9.2,12.17,5.71,0,0.0,22.13,20,3.51,school
1.48,14.14,1.59,2.35,0,0.0,50.47,50,0.04,bus_stop
1.71,6.67,10.25,12.17,0,0.0,25.58,35,0,depot
1.58,3.76,15.34,10.98,0,0.0,15.05,20,0,traffic_light
0.53,10.92,1.89,16.99,0,0.0,47.99,50,0,traffic_light
6.93,2.84,12.58,16.61,0,0.0,9.22,35,0,bus_stop
4.55,11.32,12.93,4.29,0,70.93,0.03,35,0,school
80.15,75.2,28.96,379.22,1,0.0,18.16,40,0,unknown
88.23,19.87,31.98,289.6,0,0.0,52.46,50,1.11,school
7.08,17.03,13.0,15.66,0,0.0,46.32,50,0,traffic_light
0.18,13.94,3.25,8.65,0,26.33,0.62,20,0,unknown
1.0,14.57,1.04,20.6,0,34.21,1.12,35,0,traffic_light
20.15,9.17,1.3,24.69,0,304.67,1.11,35,0,school
2.24,8.07,1.99,24.7,0,8.93,0.44,50,0,unknown
12.37,3.04,12.88,17.16,0,0.0,26.01,35,0,traffic_light
51.98,60.25,22.73,2.76,0,23.48,0.16,40,0,traffic_light
3.08,14.17,3.04,25.4,0,0.0,17.31,50,0,traffic_light
0.16,14.06,6.05,28.17,0,0.0,36.41,40,0,depot
1.06,5.32,9.21,3.46,0,0.0,10.98,50,0,traffic_light
6.76,7.05,14.71,11.55,0,0.0,47.89,45,1.21,school
17.09,13.6,7.39,13.62,0,0.0,18.42,45,0,bus_stop
4.35,14.54,8.11,8.14,0,41.63,0.44,50,0,depot
4.12,9.93,13.16,12.39,0,173.79,0.88,45,0,bus_stop
1.25,9.03,5.18,22.05,0,0.0,14.47,20,0,depot
5.04,1.46,10.28,5.03,0,0.0,27.76,35,0,unknown
3.86,8.67,1.44,13.07,0,0.0,9.61,35,0,school
3.18,5.83,13.4,26.33,0,0.0,8.58,20,0,school
1.37,0.98,4.36,21.59,0,0.0,15.53,40,0,bus_stop
2.3,8.24,11.75,4.3,0,0.0,23.62,45,0,traffic_light
2.38,9.08,14.35,25.63,0,0.0,16.14,30,0,school
13.93,9.46,17.45,7.91,0,163.27,1.15,35,0,school
0.47,14.07,2.13,21.52,0,29.85,1.03,20,0,traffic_light
4.23,6.96,11.05,17.78,0,52.99,0.02,20,0,bus_stop
2.78,0.71,6.49,0.77,0,46.02,1.2,30,0,traffic_light
5.96,4.28,1.07,28.8,0,0.0,23.14,30,0,traffic_light
5.49,17.56,9.54,13.22,0,0.0,25.5,45,0,school
5.28,13.79,7.78,9.39,0,40.68,0.76,35,0,bus_stop
1.7,1.51,3.86,1.22,0,140.69,0.49,40,0,bus_stop
5.9,17.57,11.59,7.12,0,0.0,19.77,30,0,unknown
9.02,1.82,11.48,19.96,0,0.0,37.68,45,0,traffic_light
4.39,9.54,0.66,13.66,0,0.0,46.47,45,3.35,bus_stop
18.62,3.46,1.73,29.85,0,449.8,0.69,45,0,school
2.03,12.3,14.62,27.27,0,0.0,35.25,35,3.59,bus_stop
14.98,9.16,2.93,28.52,0,22.71,1.06,45,0,traffic_light
5.03,7.24,1.37,22.99,0,129.35,1.01,50,0,bus_stop
9.66,0.25,16.21,18.29,0,0.0,14.64,40,0,bus_stop
1.61,15.68,16.58,25.71,0,0.0,13.08,30,0,unknown
2.21,4.3,4.91,19.75,0,0.0,8.35,45,0,unknown
15.9,15.77,6.58,22.01,0,23.38,0.05,45,0,unknown
17.16,11.25,3.37,1.73,0,0.0,48.38,50,0,unknown
0.09,2.73,3.65,29.19,0,17.74,0.86,35,0,traffic_light
5.91,12.5,8.63,0.83,0,0.0,19.81,40,0,unknown
3.63,13.99,14.96,12.34,0,0.0,32.11,50,0,traffic_light
11.26,0.84,10.03,14.82,0,0.0,17.35,30,0,depot
26.24,14.49,10.32,9.26,0,726.24,1.03,50,0,depot
31.66,7.4,14.83,0.14,0,61.69,0.3,20,0,unknown
12.59,7.29,6.5,11.36,0,0.0,46.28,45,1.09,traffic_light
1.99,9.09,11.49,19.15,0,0.0,50.48,50,1.12,traffic_light
0.24,14.95,2.21,3.75,0,0.0,17.11,50,0,bus_stop
5.61,9.21,4.82,25.87,0,54.04,0.69,20,0,school
4.23,14.36,4.62,21.07,0,0.0,19.56,35,0,school
9.49,11.24,11.28,8.38,0,0.0,26.05,30,0,traffic_light
9.92,3.56,14.59,22.79,0,168.34,0.7,50,0,school
17.52,11.0,14.15,4.28,0,0.0,12.88,50,0,bus_stop
15.79,10.08,6.33,29.92,0,27.77,0.01,50,0,unknown
3.36,9.8,1.89,1.85,0,0.0,8.1,50,0,bus_stop
12.39,6.96,15.66,2.96,0,0.0,20.44,30,0,traffic_light
7.32,0.5,3.73,24.17,0,12.01,0.4,30,0,traffic_light
1.57,10.19,14.32,7.91,0,0.0,13.03,20,0,traffic_light
4.94,8.17,5.66,2.96,0,55.24,1.07,50,0,traffic_light
2.82,16.51,6.04,29.86,0,0.0,35.73,50,0,traffic_light
4.25,3.4,14.83,29.93,0,71.98,0.68,40,0,bus_stop
31.68,38.93,24.07,5.28,1,200.14,0.49,40,0,depot
28.76,78.18,46.85,374.33,1,0.0,17.24,30,0,traffic_light
2.77,1.43,16.41,18.61,0,0.0,28.0,35,0,school
1.51,2.4,1.48,29.37,0,0.0,51.27,50,1.63,bus_stop
3.55,13.36,7.59,26.22,0,0.0,18.66,35,0,school
4.88,11.69,9.51,25.43,0,0.0,7.54,20,0,bus_stop
3.25,17.62,7.58,4.59,0,0.0,11.3,20,0,unknown
6.33,11.26,3.06,13.32,0,14.19,0.02,35,0,traffic_light
2.04,0.96,13.17,18.43,0,0.0,20.63,30,0,unknown
2.17,7.1,3.0,29.01,0,158.82,1.04,35,0,depot
2.39,10.97,5.04,24.21,0,0.0,21.94,45,0,school
29.34,5.46,9.56,22.51,0,0.0,35.38,50,0,unknown
5.15,5.43,16.8,23.11,0,0.0,7.28,20,0,unknown
73.48,30.98,43.33,447.74,1,0.0,52.03,50,1.63,unknown
19.29,1.7,8.1,17.6,0,39.88,0.02,30,0,traffic_light
3.12,15.04,17.5,18.23,0,0.0,36.9,35,2.41,unknown
8.14,17.06,1.68,20.51,0,0.0,9.28,30,0,depot
82.42,92.23,39.23,5.46,1,358.78,0.21,50,0,school
11.62,14.99,1.54,26.73,0,0.0,9.85,20,0,depot
2.46,5.9,4.03,4.47,0,0.0,16.84,40,0,bus_stop
4.8,12.12,7.68,7.29,0,544.74,0.51,35,0,school
3.81,12.48,5.29,22.11,0,24.53,0.24,20,0,unknown
5.56,7.83,1.88,16.8,0,0.0,17.17,40,0,school
2.46,12.75,10.51,17.21,0,0.0,41.72,50,0,unknown
15.94,14.96,17.78,6.88,0,0.0,41.3,45,0,unknown
19.8,6.76,2.43,23.07,0,0.0,11.5,45,0,traffic_light
20.23,12.52,11.3,3.31,0,0.0,8.51,30,0,school
11.57,15.01,1.31,28.44,0,0.0,22.16,35,0,unknown
1.92,16.03,15.89,3.4,0,45.77,0.31,45,0,traffic_light
4.65,16.58,7.66,24.34,0,22.5,1.2,50,0,traffic_light
2.3,9.07,7.14,0.53,0,0.0,43.0,45,0,bus_stop
1.1,9.91,6.58,18.23,0,0.0,20.13,20,0.93,traffic_light
1.11,16.19,7.31,11.62,0,22.09,0.87,45,0,traffic_light
3.52,1.81,2.18,2.32,0,50.91,0.84,20,0,traffic_light
7.01,17.46,15.9,12.23,0,0.0,21.65,30,0,unknown
0.88,13.9,16.52,14.8,0,0.0,18.2,45,0,school
6.34,16.67,16.53,13.57,0,0.0,46.78,50,0,unknown
85.19,42.29,55.28,230.64,1,0.0,19.63,30,0,unknown
1.49,15.59,8.18,19.2,0,26.59,0.87,50,0,traffic_light
10.25,2.65,16.88,14.86,0,0.0,30.93,45,0,traffic_light
1.99,7.77,15.73,29.95,0,0.0,20.32,20,2.01,bus_stop
2.76,4.62,4.71,4.29,0,494.04,1.07,35,0,depot
4.65,2.63,9.02,2.82,0,0.0,13.86,20,0,unknown
0.03,6.88,10.0,25.92,0,0.0,19.63,35,0,unknown
0.52,11.06,12.22,5.52,0,49.71,0.26,50,0,unknown
9.73,16.4,2.13,23.87,0,169.81,0.6,40,0,school
16.79,1.28,13.3,14.55,0,461.66,0.74,45,0,school
1.8,2.49,8.47,6.9,0,0.0,14.36,50,0,bus_stop
35.11,54.0,61.4,131.11,0,0.0,8.74,20,0,unknown
2.71,3.39,11.85,10.41,0,56.69,0.38,20,0,traffic_light
0.2,8.27,9.64,17.15,0,63.12,0.24,40,0,traffic_light
9.94,4.94,1.91,3.69,0,323.14,0.62,35,0,depot
5.61,10.83,12.72,20.86,0,0.0,43.25,50,0,bus_stop
38.92,23.95,56.95,66.7,0,0.0,10.02,35,0,traffic_light
1.92,5.7,10.22,17.55,0,700.97,0.31,50,0,depot
15.51,13.17,16.77,7.05,0,0.0,10.67,45,0,depot
25.66,11.48,13.19,12.66,0,0.0,16.14,50,0,bus_stop
8.28,11.82,8.08,24.41,0,16.67,0.3,45,0,traffic_light
0.93,0.58,9.33,18.47,0,0.0,8.25,20,0,school
18.48,15.9,17.24,4.8,0,0.0,31.47,50,0,bus_stop
1.5,1.57,6.29,17.9,0,0.0,15.9,50,0,traffic_light
7.67,17.56,5.34,22.15,0,29.61,1.06,35,0,unknown
2.94,3.86,9.72,24.56,0,0.0,15.07,50,0,traffic_light
4.65,0.58,5.49,16.01,0,0.0,24.42,45,0,unknown
0.8,4.7,11.99,25.21,0,0.0,8.26,50,0,bus_stop
6.39,16.37,16.71,9.45,0,0.0,34.08,40,0,traffic_light
6.85,11.44,17.85,0.04,0,0.0,46.23,45,3.68,traffic_light
15.34,2.47,1.29,1.44,0,0.0,36.21,45,0,depot
3.76,12.76,9.23,1.99,0,60.1,0.35,20,0,unknown
2.16,17.44,9.48,27.76,0,0.0,37.58,35,1.69,bus_stop
6.15,17.59,1.62,29.81,0,0.0,19.64,50,0,unknown
45.59,68.93,69.56,346.33,1,0.0,18.09,45,0,depot
13.0,14.25,0.88,2.26,0,0.0,7.38,30,0,unknown
19.02,9.72,10.35,18.81,0,45.03,0.69,35,0,traffic_light
1.54,15.87,4.97,5.5,0,0.0,51.92,50,3.43,traffic_light
1.59,17.51,15.74,23.78,0,38.83,0.39,30,0,unknown
22.74,9.27,5.98,1.33,0,13.59,0.77,50,0,unknown
1.0,7.55,1.62,14.54,0,0.0,26.8,30,0,traffic_light
16.45,1.85,2.4,21.64,0,0.0,22.44,20,0.82,school
0.2,11.45,0.95,19.45,0,60.83,0.62,30,0,unknown
1.41,12.6,17.73,1.83,0,0.0,38.29,50,0,traffic_light
6.12,7.25,13.93,17.23,0,0.0,11.07,40,0,traffic_light
6.68,0.4,1.14,9.29,0,0.0,18.25,20,0,bus_stop
4.22,6.56,1.05,14.81,0,0.0,39.54,40,0,traffic_light
5.94,0.6,13.98,19.29,0,0.0,15.88,35,0,bus_stop
7.93,7.52,2.52,15.63,0,0.0,18.82,35,0,bus_stop
5.0,11.61,0.91,16.46,0,25.37,0.1,20,0,traffic_light
9.51,6.9,16.62,0.08,0,0.0,16.3,30,0,depot
86.93,76.77,23.67,0.75,1,21.38,0.04,50,0,unknown
1.51,9.42,16.5,13.71,0,0.0,31.95,50,0,depot
21.64,10.47,11.01,7.69,0,63.39,1.19,45,0,unknown
7.38,7.71,7.91,11.69,0,0.0,12.91,35,0,bus_stop
9.55,10.93,2.01,1.98,0,93.28,0.34,20,0,bus_stop
2.07,1.81,13.83,15.0,0,102.94,1.14,35,0,depot
1.06,9.3,2.21,16.04,0,0.0,14.97,30,0,school
3.39,10.46,17.52,1.45,0,0.0,39.27,40,0,traffic_light
77.68,17.15,23.76,57.89,1,0.0,12.15,50,0,unknown
0.0,14.82,17.36,9.52,0,18.9,1.1,30,0,traffic_light
10.3,13.94,8.77,5.82,0,67.15,0.77,20,0,traffic_light
0.03,17.28,12.68,22.87,0,0.0,23.47,40,0,unknown
20.37,16.41,11.48,2.41,0,0.0,28.52,30,0,bus_stop
5.06,4.05,11.18,9.82,0,99.26,0.8,50,0,bus_stop
0.98,10.92,2.63,18.68,0,0.0,42.7,45,0,bus_stop
3.65,7.05,11.46,15.93,0,22.12,0.91,20,0,unknown
2.52,17.29,12.28,29.58,0,497.02,0.83,45,0,school
2.57,6.53,7.89,22.03,0,0.0,11.22,50,0,school
5.47,0.8,15.21,21.05,0,19.36,0.01,45,0,unknown
0.56,4.14,0.94,1.02,0,0.0,30.17,45,0,school
15.01,8.05,10.02,10.47,0,0.0,28.99,45,0,traffic_light
8.45,14.7,3.28,8.21,0,0.0,21.46,50,0,school
10.84,6.07,0.88,2.02,0,0.0,27.88,30,0,unknown
8.43,3.84,15.77,26.4,0,613.21,0.36,50,0,school
20.77,17.91,6.75,4.93,0,523.99,0.39,20,0,school
2.76,3.85,11.27,24.58,0,0.0,17.77,20,0,unknown
14.31,16.0,3.08,25.69,0,0.0,11.64,20,0,bus_stop
14.55,10.49,4.12,13.17,0,0.0,32.59,30,2.25,bus_stop
5.24,0.31,17.08,25.76,0,0.0,8.64,35,0,school
3.69,14.41,9.58,20.47,0,0.0,8.31,35,0,traffic_light
5.32,17.48,11.04,4.13,0,0.0,25.9,40,0,depot
9.98,8.24,6.76,6.56,0,0.0,45.45,50,0,school
9.0,2.83,13.39,6.69,0,0.0,9.16,45,0,traffic_light
7.23,8.78,7.96,8.6,0,0.0,23.58,30,0,bus_stop
13.91,10.98,2.75,15.98,0,20.94,0.37,50,0,traffic_light
18.83,12.86,5.0,27.87,0,0.0,32.37,45,0,traffic_light
12.71,1.04,17.86,21.14,0,0.0,28.39,35,0,school
2.52,14.98,6.44,6.36,0,0.0,28.22,30,0,traffic_light
9.72,4.73,14.17,13.73,0,124.63,0.4,50,0,bus_stop
2.14,6.16,16.24,6.0,0,63.85,0.1,40,0,bus_stop
13.68,9.52,13.23,8.32,0,0.0,31.71,50,0,depot
1.29,13.33,9.34,11.49,0,165.58,1.16,45,0,bus_stop
24.32,10.29,0.45,5.21,0,0.0,29.85,35,0,traffic_light
13.39,13.69,15.59,13.43,0,200.44,0.97,45,0,bus_stop
2.89,16.53,6.96,21.81,0,21.72,0.6,45,0,unknown
0.76,7.45,13.58,5.06,0,0.0,26.31,40,0,school
11.99,11.03,14.61,14.42,0,0.0,21.28,30,0,unknown
0.19,11.96,14.43,14.0,0,26.33,1.18,45,0,traffic_light
0.09,8.61,15.18,26.98,0,0.0,24.01,35,0,school
5.68,2.75,17.93,23.5,0,0.0,19.64,45,0,unknown
1.0,16.94,1.15,28.4,0,0.0,40.08,50,0,school
9.67,4.89,1.31,7.95,0,213.57,0.34,20,0,bus_stop
7.61,7.6,6.91,16.66,0,0.0,47.28,50,0,depot
7.66,7.27,10.12,16.11,0,0.0,8.25,45,0,depot
1.04,7.24,9.27,12.94,0,0.0,32.87,35,0,depot
5.34,4.3,3.97,0.27,0,0.0,12.65,45,0,unknown
18.41,4.38,7.54,22.07,0,0.0,19.75,35,0,traffic_light
56.19,24.14,72.46,348.64,1,0.0,51.99,50,1.0,school
10.11,0.99,17.87,16.62,0,0.0,44.69,50,0,traffic_light
7.85,15.09,6.9,26.84,0,0.0,32.5,30,3.55,bus_stop
25.18,15.92,15.5,17.81,0,0.0,30.06,30,0.32,unknown
13.53,1.73,12.76,23.29,0,0.0,29.62,35,0,unknown
0.34,1.37,5.28,21.46,0,15.73,1.12,40,0,unknown
0.07,13.36,17.05,24.04,0,566.09,1.05,40,0,depot
4.73,1.98,16.22,5.46,0,23.62,0.62,20,0,traffic_light
77.98,9.82,71.49,89.64,1,0.0,32.86,30,2.28,unknown
2.09,8.16,16.1,0.1,0,481.08,0.63,30,0,school
0.42,17.96,6.25,14.46,0,466.76,0.02,50,0,school
2.83,17.04,12.31,13.74,0,0.0,32.97,45,0,traffic_light
0.86,4.28,11.26,22.1,0,0.0,12.48,30,0,unknown
6.07,12.16,2.83,26.39,0,0.0,7.54,30,0,school
8.25,11.87,9.64,8.31,0,12.19,1.17,45,0,unknown
5.33,12.36,5.7,4.43,0,0.0,19.87,35,0,traffic_light
1.48,2.21,4.06,8.84,0,0.0,47.06,50,0,traffic_light
12.93,0.56,16.07,1.49,0,0.0,7.48,50,0,unknown
5.13,9.01,15.43,10.31,0,0.0,25.6,40,0,depot
12.54,15.96,11.62,3.14,0,0.0,16.76,30,0,bus_stop
1.0,11.67,11.05,11.86,0,57.82,0.26,30,0,school
7.95,4.29,13.52,1.09,0,0.0,21.29,30,0,traffic_light
68.88,94.22,25.78,753.93,1,0.0,28.81,50,0,traffic_light
7.3,10.93,12.94,23.18,0,0.0,13.8,20,0,unknown
1.6,5.35,3.59,12.47,0,44.13,1.06,20,0,traffic_light
2.98,15.82,14.17,3.09,0,0.0,10.22,20,0,unknown
23.73,4.27,8.85,2.41,0,0.0,23.34,45,0,bus_stop
15.45,15.07,9.05,8.04,0,0.0,28.7,40,0,school
7.57,6.17,3.53,4.52,0,0.0,14.23,50,0,school
2.21,6.26,12.54,24.96,0,0.0,34.52,40,0,traffic_light
8.13,11.67,11.43,1.71,0,0.0,44.83,50,0,traffic_light
0.33,10.43,15.75,11.65,0,0.0,26.3,40,0,depot
1.28,3.96,1.2,14.87,0,0.0,33.96,50,0,bus_stop
4.22,17.04,15.22,20.11,0,78.31,1.08,40,0,bus_stop
87.67,68.14,33.74,225.19,1,0.0,11.9,40,0,unknown
2.45,3.45,17.95,2.11,0,0.0,17.28,20,0,depot
2.91,15.34,15.95,23.08,0,178.77,0.65,45,0,bus_stop
16.44,6.36,8.64,19.62,0,0.0,30.61,40,0,unknown
2.04,16.02,0.79,2.95,0,141.42,0.66,40,0,school
30.16,15.73,5.2,28.15,0,0.0,9.32,20,0,school
5.2,7.63,13.06,3.12,0,47.0,0.42,30,0,traffic_light
4.05,1.6,4.04,5.24,0,0.0,13.0,20,0,school
7.21,9.89,7.37,25.96,0,0.0,7.99,35,0,school
6.29,15.93,6.05,17.35,0,79.31,0.88,30,0,unknown
1.53,12.19,13.76,17.27,0,0.0,46.54,45,3.43,bus_stop
5.66,1.85,8.03,6.31,0,0.0,19.93,45,0,unknown
0.95,5.66,14.29,7.4,0,0.0,19.41,35,0,traffic_light
37.47,34.82,34.0,9.39,1,35.62,0.97,40,0,unknown
4.98,4.41,12.47,8.06,0,0.0,19.5,20,0,school
3.55,4.55,2.79,9.41,0,15.97,0.89,50,0,traffic_light
11.64,10.91,11.54,25.63,0,0.0,26.79,45,0,bus_stop
0.89,8.25,7.36,19.38,0,806.0,0.99,30,0,school
3.26,9.95,16.24,6.96,0,0.0,35.91,40,0,school
2.42,6.7,9.95,7.7,0,0.0,15.16,35,0,unknown
66.29,99.1,54.93,917.1,1,0.0,33.31,50,0,unknown
17.72,12.9,9.55,9.28,0,0.0,14.37,30,0,traffic_light
2.33,8.17,15.68,8.29,0,0.0,10.65,35,0,depot
10.47,17.13,0.02,19.3,0,0.0,8.07,45,0,traffic_light
47.33,91.01,15.46,1060.97,0,0.0,41.97,45,0,depot
0.16,7.8,11.35,29.49,0,0.0,11.75,20,0,unknown
5.3,16.42,12.06,12.92,0,471.05,1.0,35,0,depot
17.12,14.57,9.14,28.84,0,0.0,12.54,35,0,bus_stop
10.64,17.83,15.91,8.43,0,0.0,16.55,35,0,bus_stop
10.25,17.9,16.24,1.67,0,0.0,35.55,50,0,bus_stop
1.23,6.4,2.53,12.0,0,55.86,0.77,20,0,traffic_light
8.46,17.72,3.4,2.41,0,0.0,8.67,40,0,depot
2.24,13.97,17.57,21.56,0,114.86,0.5,45,0,bus_stop
45.18,10.34,36.73,23.62,1,0.0,8.22,40,0,bus_stop
1.54,7.91,3.25,15.63,0,0.0,32.05,45,0,bus_stop
1.3,16.65,5.77,3.18,0,0.0,38.1,50,0,traffic_light
15.22,5.56,2.57,12.74,0,116.95,0.35,20,0,depot
24.39,8.76,16.21,10.47,0,0.0,18.04,40,0,bus_stop
15.53,9.36,5.74,1.0,0,58.42,1.03,40,0,bus_stop
10.79,13.74,16.98,6.7,0,0.0,34.86,50,0,depot
1.27,6.95,15.45,25.7,0,601.15,0.32,35,0,school
5.37,3.01,11.21,17.42,0,37.11,0.4,45,0,traffic_light
5.88,12.46,11.91,14.05,0,0.0,17.08,20,0,traffic_light
4.18,13.01,4.41,20.2,0,44.38,0.92,30,0,traffic_light
2.85,0.74,13.0,6.07,0,0.0,19.52,20,0,depot
34.05,13.25,1.83,18.63,0,24.23,0.65,40,0,traffic_light
0.03,5.69,8.45,10.54,0,0.0,27.46,50,0,depot
14.58,1.23,0.74,15.06,0,0.0,14.81,35,0,unknown
18.1,1.74,5.92,12.97,0,0.0,31.8,35,0,traffic_light
5.83,16.74,14.17,28.4,0,19.11,1.11,45,0,traffic_light
7.85,15.69,1.3,10.89,0,0.0,9.53,20,0,unknown
18.09,16.11,16.49,19.42,0,0.0,19.68,30,0,school
14.64,5.04,0.19,0.53,0,21.95,0.23,45,0,traffic_light
2.78,2.01,4.73,28.36,0,30.73,0.13,30,0,school
5.68,5.85,10.99,27.63,0,53.64,0.32,35,0,traffic_light
12.33,17.57,15.2,3.53,0,76.88,1.1,35,0,bus_stop
34.26,14.46,15.04,21.38,0,10.89,0.4,45,0,unknown
3.92,15.92,9.05,1.04,0,14.44,0.74,35,0,traffic_light
0.91,10.73,0.06,7.62,0,0.0,27.71,35,0,depot
4.74,1.24,7.89,8.47,0,0.0,17.07,20,0,bus_stop
68.15,36.78,21.19,423.37,1,0.0,41.44,50,0,traffic_light
0.97,16.19,5.61,27.22,0,396.58,0.74,45,0,school
1.82,0.64,15.07,10.25,0,0.0,15.62,20,0,unknown
20.7,5.21,12.66,27.06,0,0.0,45.78,45,1.79,bus_stop
2.68,2.68,3.75,20.43,0,0.0,12.77,35,0,depot
8.84,16.7,7.92,24.56,0,192.46,0.45,20,0,bus_stop
5.21,13.93,6.62,5.37,0,0.0,12.3,45,0,traffic_light
2.59,17.62,14.07,11.24,0,0.0,17.47,40,0,depot
1.85,13.23,8.41,25.71,0,55.82,0.45,30,0,traffic_light
6.87,16.24,12.16,24.26,0,0.0,18.06,50,0,depot
12.67,0.46,14.37,27.54,0,0.0,23.91,50,0,school
1.59,7.12,3.84,7.67,0,0.0,23.5,35,0,school
0.86,17.3,7.86,19.85,0,7.08,0.54,45,0,traffic_light
22.16,10.83,14.07,8.46,0,80.39,0.63,35,0,school
3.87,14.09,3.08,5.42,0,65.63,0.42,40,0,unknown
11.16,2.42,16.28,14.81,0,0.0,8.27,20,0,traffic_light
7.24,7.17,12.78,5.56,0,215.87,0.18,35,0,bus_stop
6.76,7.19,6.69,6.65,0,59.65,0.18,45,0,traffic_light
1.6,14.07,16.06,16.35,0,0.0,12.33,40,0,school
92.35,52.52,71.51,9.2,0,100.19,0.63,30,0,bus_stop
1.69,11.37,7.43,9.39,0,0.0,22.51,50,0,school
10.33,16.28,7.42,19.56,0,0.0,40.55,45,0,traffic_light
5.07,11.52,10.59,24.77,0,0.0,26.74,45,0,depot
6.52,14.59,2.11,26.13,0,0.0,35.0,50,0,traffic_light
6.41,12.17,7.42,16.64,0,391.85,0.22,35,0,school
6.79,9.92,4.35,22.77,0,0.0,18.54,20,0,unknown
8.44,6.33,8.6,15.23,0,132.79,0.21,20,0,bus_stop
1.67,15.41,15.13,11.55,0,20.59,0.01,30,0,unknown
2.24,3.21,6.52,28.84,0,372.1,0.82,40,0,school
14.66,11.65,13.69,21.41,0,0.0,7.4,20,0,school
1.03,14.32,1.38,10.2,0,0.0,48.45,50,0,school
10.93,9.36,3.12,2.84,0,598.63,0.52,20,0,school
3.74,5.97,5.0,18.19,0,0.0,35.63,45,0,traffic_light
3.9,7.28,17.94,23.33,0,32.64,0.88,50,0,unknown
3.02,14.04,14.86,26.53,0,0.0,20.8,50,0,traffic_light
1.46,16.09,17.04,7.21,0,85.58,1.08,20,0,bus_stop
8.97,10.16,14.23,19.65,0,0.0,18.25,35,0,unknown
5.04,15.85,0.15,0.03,0,0.0,39.94,45,0,depot
1.86,5.69,5.39,10.04,0,0.0,18.02,20,0,bus_stop
73.74,91.95,30.33,428.81,1,0.0,16.79,40,0,unknown
7.39,9.95,5.89,4.33,0,0.0,21.48,40,0,traffic_light
13.59,6.37,15.8,19.13,0,0.0,14.65,50,0,bus_stop
5.39,2.78,16.88,11.67,0,0.0,44.46,45,0,bus_stop
2.2,17.04,1.57,15.97,0,0.0,33.3,35,0,depot
3.13,0.43,7.69,21.83,0,0.0,39.92,45,0,bus_stop
0.69,12.27,2.02,18.38,0,0.0,33.55,50,0,bus_stop
5.03,7.84,13.04,26.02,0,0.0,36.41,45,0,unknown
22.76,0.27,15.52,28.33,0,0.0,38.02,45,0,traffic_light
37.0,43.19,36.48,2.69,1,100.39,0.22,30,0,bus_stop
3.12,6.52,17.77,21.21,0,0.0,46.82,45,2.01,school
3.25,14.17,11.8,6.21,0,0.0,16.94,30,0,bus_stop
3.56,8.84,12.99,1.71,0,0.0,20.99,30,0,school
1.36,10.32,6.76,18.98,0,29.84,0.41,40,0,traffic_light
18.41,12.48,15.37,8.5,0,0.0,13.76,30,0,bus_stop
9.66,1.76,10.96,13.82,0,51.67,0.67,45,0,unknown
12.35,5.04,10.27,6.25,0,0.0,48.96,50,0,unknown
4.4,10.08,0.92,19.02,0,0.0,15.94,20,0,school
14.89,16.23,17.58,26.22,0,616.26,0.8,20,0,school
8.46,13.01,15.13,16.74,0,0.0,10.72,20,0,bus_stop
24.92,0.74,6.74,29.38,0,42.87,0.38,50,0,unknown
7.1,5.13,10.58,5.14,0,0.0,19.99,40,0,school
2.06,1.81,9.57,16.28,0,0.0,16.08,30,0,school
5.85,13.95,4.14,2.18,0,0.0,9.47,30,0,depot
84.23,8.78,40.54,23.27,1,0.0,9.54,30,0,unknown
3.01,1.93,16.98,16.8,0,0.0,31.03,45,0,traffic_light
3.54,11.24,6.56,14.94,0,52.45,0.1,30,0,unknown
3.12,15.23,4.73,27.68,0,520.0,0.69,35,0,school
10.74,6.66,3.75,17.13,0,0.0,19.9,20,0,bus_stop
0.58,3.8,12.12,27.74,0,0.0,17.37,20,0,bus_stop
44.57,38.51,65.86,79.25,1,0.0,7.41,35,0,bus_stop
1.2,2.74,0.03,11.9,0,19.96,0.62,35,0,unknown
22.01,6.89,5.26,11.59,0,350.85,0.46,50,0,school
6.66,3.36,11.13,3.87,0,0.0,12.64,40,0,traffic_light
0.33,4.57,0.02,28.57,0,38.73,0.31,35,0,traffic_light
1.44,13.52,17.53,7.57,0,485.53,0.25,45,0,school
2.81,17.63,8.1,3.81,0,0.0,31.58,30,2.4,school
9.06,10.03,6.17,14.77,0,0.0,20.42,20,0.54,unknown
4.89,7.37,15.35,19.98,0,58.49,0.23,35,0,traffic_light
8.01,1.01,10.72,9.02,0,0.0,18.43,20,0,bus_stop
2.87,11.35,12.62,27.26,0,0.0,29.64,35,0,unknown
4.96,17.19,1.55,15.75,0,0.0,19.9,45,0,traffic_light
9.2,7.79,15.63,10.39,0,0.0,8.9,35,0,school
10.94,6.69,10.69,16.58,0,0.0,36.87,50,0,traffic_light
5.92,12.82,16.38,12.6,0,0.0,17.43,20,0,unknown
31.7,11.98,0.44,1.07,0,0.0,40.6,40,2.1,traffic_light
13.99,7.3,8.34,24.1,0,303.18,0.4,20,0,depot
7.41,4.59,9.08,3.24,0,19.5,0.63,45,0,traffic_light
5.11,11.35,5.09,15.09,0,244.31,0.6,40,0,school
21.9,12.22,1.98,29.3,0,0.0,33.92,35,0,unknown
3.46,7.36,5.47,27.38,0,0.0,19.35,30,0,depot
14.23,4.11,16.7,6.81,0,20.92,1.15,45,0,unknown
0.08,9.06,15.95,1.28,0,0.0,23.17,35,0,traffic_light
25.08,13.3,6.7,21.38,0,27.28,0.66,30,0,unknown
71.5,45.91,18.69,2.54,1,198.44,0.2,45,0,bus_stop
5.39,10.12,1.08,22.08,0,0.0,25.97,35,0,traffic_light
3.84,6.45,17.07,27.17,0,54.14,0.91,50,0,bus_stop
74.65,72.97,31.52,299.33,1,0.0,14.77,35,0,bus_stop
3.84,3.48,8.38,23.76,0,701.45,1.08,45,0,depot
1.92,17.09,14.69,5.28,0,0.0,10.83,35,0,depot
14.16,14.89,13.89,23.95,0,0.0,10.07,35,0,bus_stop
1.67,4.45,2.97,8.0,0,338.83,0.76,50,0,depot
6.63,3.23,10.11,18.41,0,13.15,1.0,20,0,traffic_light
3.7,15.19,5.21,28.71,0,0.0,37.19,35,1.94,unknown
8.53,11.66,3.41,20.26,0,0.0,30.54,30,1.24,unknown
58.11,18.2,35.24,131.05,0,0.0,25.93,50,0,unknown
0.92,14.97,6.49,21.65,0,0.0,38.7,40,0,school
32.19,9.77,13.56,5.89,0,0.0,8.36,45,0,bus_stop
84.42,46.84,32.17,12.42,0,622.44,0.95,50,0,depot
2.18,1.55,1.2,26.78,0,0.0,8.4,20,0,bus_stop
8.98,16.22,11.23,26.44,0,41.61,1.1,40,0,traffic_light
15.75,9.11,14.67,27.9,0,0.0,31.95,50,0,depot
3.25,5.45,16.34,25.03,0,6.19,0.59,30,0,traffic_light
8.1,1.74,13.43,21.29,0,0.0,7.65,35,0,bus_stop
10.44,10.11,4.43,25.79,0,0.0,17.96,30,0,bus_stop
5.56,9.48,8.84,12.39,0,29.11,0.48,20,0,unknown
4.52,14.66,0.25,11.89,0,0.0,26.54,40,0,traffic_light
8.42,2.26,4.47,22.71,0,0.0,27.22,35,0,school
1.28,17.74,12.65,4.2,0,0.0,32.65,35,0,unknown
48.33,17.61,71.95,220.62,0,0.0,45.1,50,0,depot
1.52,17.81,11.49,8.57,0,0.0,30.73,35,0,depot
6.52,4.67,6.56,9.69,0,0.0,41.77,40,3.35,unknown
1.93,8.13,1.67,28.99,0,252.6,0.81,20,0,bus_stop
3.22,15.74,17.25,21.65,0,0.0,7.54,20,0,traffic_light
2.22,1.76,0.73,6.03,0,373.67,0.44,50,0,depot
1.51,16.99,9.0,20.26,0,68.96,0.41,20,0,bus_stop
58.15,28.65,22.16,1.16,1,90.04,0.15,45,0,bus_stop
2.39,7.81,10.73,15.35,0,0.0,10.52,30,0,school
1.68,11.63,13.66,13.97,0,114.29,0.68,40,0,bus_stop
1.29,9.57,15.83,28.55,0,0.0,15.84,40,0,unknown
10.84,13.94,13.19,23.34,0,38.3,0.85,35,0,traffic_light
7.15,11.14,2.5,15.96,0,751.06,0.22,30,0,depot
4.07,12.38,7.7,13.76,0,0.0,20.65,20,0.32,school
10.96,5.9,14.96,27.86,0,2.35,0.44,30,0,unknown
2.72,7.93,6.21,16.62,0,56.88,0.39,40,0,unknown
6.52,17.26,2.55,17.41,0,0.0,11.0,40,0,school
5.18,11.16,9.6,20.72,0,16.66,0.37,20,0,traffic_light
3.08,9.54,8.48,20.79,0,0.0,25.55,30,0,traffic_light
35,8.33,6.44,19.41,0,250.49,0.22,40,0,bus_stop
29.53,3.16,9.54,9.02,0,0.0,43.05,45,0,traffic_light
1.13,16.42,2.39,7.44,0,0.0,31.6,50,0,traffic_light
20.87,3.39,11.47,16.91,0,0.0,33.52,40,0,traffic_light
0.58,13.6,6.37,23.81,0,0.0,22.66,50,0,depot
0.99,17.85,17.27,19.96,0,122.69,0.99,40,0,bus_stop
9.03,4.44,15.81,9.71,0,86.95,1.04,30,0,bus_stop
15.08,15.38,0.7,17.33,0,79.12,0.19,40,0,bus_stop
11.56,3.87,13.52,23.36,0,0.0,37.08,35,0.94,unknown
10.53,17.68,12.49,15.26,0,17.74,0.31,40,0,traffic_light
12.59,4.9,7.49,7.07,0,144.73,0.98,30,0,bus_stop
3.11,3.01,4.7,16.65,0,45.12,1.16,35,0,unknown
5.84,8.61,1.39,2.13,0,0.0,11.8,20,0,traffic_light
17.48,1.23,16.04,6.23,0,0.0,32.09,50,0,traffic_light
4.69,10.71,17.64,1.16,0,0.0,23.14,40,0,unknown
13.68,14.71,1.77,18.63,0,0.0,51.36,50,2.19,traffic_light
0.33,9.52,2.51,19.33,0,0.0,11.6,35,0,unknown
22.12,6.82,15.4,25.47,0,141.09,0.13,20,0,depot
0.06,9.59,10.72,19.16,0,626.84,0.7,50,0,school
5.36,1.71,8.34,15.38,0,182.26,0.25,35,0,depot
2.32,9.65,4.14,0.25,0,4.06,0.83,20,0,traffic_light
3.73,3.97,5.66,7.11,0,33.78,0.41,35,0,unknown
18.48,0.39,5.12,24.31,0,133.07,1.04,40,0,bus_stop
65.7,86.76,46.68,2.01,1,78.73,0.08,30,0,bus_stop
12.88,1.44,4.42,29.96,0,0.0,9.62,35,0,unknown
3.87,16.43,12.8,27.57,0,295.01,0.46,45,0,depot
7.33,15.95,10.71,20.59,0,0.0,19.82,40,0,school
1.57,4.66,6.05,26.33,0,0.0,32.19,35,0,school
15.12,3.27,12.92,13.21,0,0.0,33.5,35,0,unknown
6.51,4.01,3.77,13.28,0,50.34,0.07,40,0,unknown
5.88,0.28,4.72,17.58,0,0.0,17.72,40,0,traffic_light
7.06,17.6,1.08,25.16,0,23.16,0.62,35,0,traffic_light
7.22,11.55,10.36,25.81,0,0.0,11.86,40,0,traffic_light
12.84,14.98,7.34,16.47,0,0.0,27.07,35,0,traffic_light
9.03,8.39,14.43,10.16,0,18.69,0.81,35,0,traffic_light
14.16,1.93,5.77,24.81,0,39.7,1.11,45,0,unknown
6.14,7.14,6.66,11.77,0,0.0,17.39,45,0,traffic_light
2.45,6.86,9.28,24.59,0,0.0,18.81,30,0,depot
6.0,7.02,15.61,22.29,0,0.0,31.24,40,0,traffic_light
55.33,8.86,66.44,2.69,0,38.12,1.09,45,0,traffic_light
4.52,6.46,12.44,8.13,0,0.0,21.4,30,0,school
14.87,2.34,16.93,1.36,0,35.32,0.71,30,0,unknown
20.31,0.39,12.43,20.92,0,44.86,1.01,35,0,traffic_light
2.58,9.4,12.01,24.91,0,0.0,14.98,20,0,traffic_light
0.07,1.13,0.65,15.0,0,56.23,0.37,35,0,traffic_light
2.34,2.51,17.9,19.61,0,0.0,40.73,45,0,traffic_light
4.91,5.22,10.09,8.5,0,66.4,0.13,35,0,depot
9.59,12.96,1.8,12.95,0,8.47,0.34,20,0,traffic_light
2.0,9.58,5.54,10.05,0,59.03,1.11,35,0,traffic_light
4.46,17.06,4.66,21.29,0,0.0,9.55,20,0,bus_stop
14.12,1.75,2.67,22.37,0,48.02,0.12,40,0,traffic_light
13.92,9.35,9.69,28.82,0,0.0,9.2,20,0,unknown
0.66,4.97,8.59,3.53,0,0.0,19.31,20,0,traffic_light
5.24,14.76,13.8,28.21,0,79.64,1.14,45,0,unknown
16.56,13.34,13.03,3.21,0,36.92,0.3,45,0,traffic_light
5.92,5.13,4.43,27.43,0,0.0,17.43,50,0,depot
5.95,11.7,16.5,29.61,0,440.32,0.48,45,0,depot
89.92,44.47,66.28,258.7,0,0.0,20.94,50,0,bus_stop
35,11.91,1.95,24.25,0,0.0,20.59,35,0,school
9.6,7.17,13.9,23.48,0,0.0,31.58,30,1.89,depot
10.08,11.35,9.81,10.21,0,35.06,0.73,40,0,traffic_light
4.54,4.52,0.41,4.81,0,0.0,28.73,40,0,traffic_light
94.76,69.83,53.26,293.76,1,0.0,15.15,40,0,unknown
3.28,15.89,16.47,19.93,0,225.82,0.88,20,0,bus_stop
26.1,10.95,8.3,10.01,0,0.0,26.59,50,0,traffic_light
12.53,12.25,9.89,26.01,0,0.0,12.17,35,0,school
35,10.8,13.81,3.52,0,0.0,25.1,45,0,school
1.3,7.47,6.13,18.2,0,0.0,28.31,40,0,depot
0.15,13.25,2.99,2.35,0,11.52,0.97,45,0,unknown
12.28,6.71,1.11,12.0,0,0.0,21.39,50,0,traffic_light
2.59,5.11,1.26,20.25,0,0.0,21.37,20,1.0,traffic_light
8.56,3.1,6.24,23.93,0,0.0,45.5,50,0,traffic_light
5.16,16.34,9.77,26.23,0,0.0,30.14,35,0,school
34.5,38.62,52.28,9.3,1,30.68,0.87,20,0,traffic_light
4.4,16.72,0.41,18.55,0,0.0,33.57,35,0,depot
7.74,8.35,10.58,10.28,0,50.92,0.02,30,0,unknown
1.47,8.58,16.97,8.35,0,0.0,42.0,40,0.31,traffic_light
6.1,13.82,11.63,4.59,0,0.0,19.15,40,0,traffic_light
0.84,16.57,10.85,17.35,0,123.69,0.26,45,0,bus_stop
11.66,17.28,11.96,1.42,0,0.0,31.74,35,0,unknown
9.71,6.02,7.46,22.83,0,0.0,11.81,45,0,traffic_light
2.67,8.15,17.61,10.36,0,107.23,0.42,45,0,bus_stop
14.4,9.64,8.86,22.48,0,15.54,1.07,30,0,traffic_light
0.34,12.73,17.49,7.35,0,0.0,29.82,30,0,unknown
7.9,4.79,5.92,16.75,0,18.36,0.83,45,0,traffic_light
12.13,12.11,0.49,25.75,0,0.0,23.08,50,0,unknown
19.51,4.49,0.27,4.32,0,0.0,25.4,30,0,bus_stop
29.91,9.65,13.14,8.59,0,0.0,20.25,20,1.08,traffic_light
0.84,9.13,7.11,20.51,0,0.0,9.79,30,0,unknown
6.06,9.62,2.83,22.72,0,11.33,0.13,40,0,traffic_light
2.24,15.93,15.36,19.15,0,58.03,1.19,40,0,traffic_light
2.78,16.49,11.89,17.23,0,15.88,0.13,45,0,unknown
2.48,10.29,2.08,6.84,0,0.0,29.36,45,0,bus_stop
4.14,15.68,10.25,18.0,0,0.0,39.44,50,0,traffic_light
1.9,9.07,15.86,2.59,0,0.0,21.19,40,0,depot
26.07,10.08,2.65,12.65,0,0.0,12.65,30,0,school
1.52,1.19,16.15,0.42,0,0.0,30.95,35,0,unknown
0.0,5.2,1.47,8.15,0,0.0,30.39,30,3.43,school
5.37,12.81,1.91,17.91,0,0.0,15.79,20,0,unknown
14.17,7.24,13.57,14.16,0,0.0,18.0,20,0,traffic_light
19.6,8.34,9.57,18.81,0,0.0,30.44,45,0,traffic_light
6.8,8.72,13.01,0.01,0,0.0,32.95,30,0.34,traffic_light
10.46,1.59,12.11,28.65,0,0.0,17.32,35,0,unknown
9.74,14.09,7.45,28.45,0,0.0,14.15,30,0,school
0.49,11.16,0.97,6.75,0,616.65,0.9,30,0,school
9.5,10.41,10.22,9.36,0,0.0,12.23,45,0,bus_stop
35,4.33,16.23,15.7,0,0.0,18.5,35,0,depot
75.42,69.72,61.75,11.26,1,8.53,0.58,35,0,unknown
1.46,4.65,11.37,26.18,0,0.0,25.3,40,0,bus_stop
1.15,10.79,3.49,22.5,0,31.94,0.09,45,0,unknown
28.86,17.45,12.72,8.95,0,0.0,37.97,35,0.5,school
16.15,5.92,8.49,4.66,0,0.0,32.8,30,2.85,traffic_light
7.87,5.32,9.58,24.78,0,293.73,0.07,20,0,depot
5.74,0.23,5.05,29.58,0,0.0,15.44,40,0,school
3.0,6.49,7.0,17.22,0,0.0,14.43,20,0,depot
1.57,17.92,8.71,20.71,0,0.0,39.89,50,0,depot
4.3,5.25,8.89,1.84,0,114.3,0.86,35,0,bus_stop
7.0,2.45,2.25,23.92,0,0.0,17.11,30,0,traffic_light
10.92,13.81,6.04,13.83,0,0.0,42.16,50,0,bus_stop
59.4,32.67,68.61,132.16,1,0.0,14.56,50,0,bus_stop
2.75,3.31,17.14,3.95,0,0.0,20.25,50,0,traffic_light
1.07,10.17,3.25,3.37,0,0.0,33.0,50,0,traffic_light
5.09,0.39,13.35,9.66,0,0.0,15.35,35,0,bus_stop
8.34,1.2,0.2,12.79,0,610.48,0.79,20,0,depot
9.76,17.88,4.27,5.55,0,6.57,1.13,50,0,unknown
0.9,11.02,6.16,13.33,0,0.0,49.22,50,0,unknown
37.41,81.65,39.24,7.66,1,36.22,0.34,20,0,unknown
4.66,5.8,3.21,15.08,0,0.0,24.09,40,0,bus_stop
20.19,15.96,15.92,6.44,0,466.68,0.32,30,0,depot
4.28,14.09,3.02,25.71,0,0.0,32.7,35,0,traffic_light
19.1,0.25,2.25,3.26,0,61.2,0.91,45,0,bus_stop
0.4,12.21,15.64,17.26,0,0.0,12.02,20,0,bus_stop
1.39,17.8,14.4,12.59,0,0.0,28.68,50,0,school
0.79,0.77,16.32,1.7,0,0.0,10.17,50,0,traffic_light
4.65,12.3,8.21,16.23,0,0.0,27.28,45,0,unknown
3.88,11.87,11.82,17.39,0,10.56,0.3,50,0,traffic_light
13.53,6.99,6.85,18.86,0,0.0,37.82,40,0,bus_stop
6.74,5.87,4.61,20.83,0,0.0,14.66,20,0,depot
4.27,14.53,9.16,5.68,0,0.0,21.46,30,0,unknown
74.22,90.15,60.11,29.7,1,35.31,1.19,40,0,bus_stop
0.83,14.7,15.49,26.98,0,0.0,37.43,35,1.52,depot
3.65,7.67,12.21,0.78,0,0.0,17.69,45,0,unknown
5.17,8.92,14.63,19.85,0,0.0,23.87,35,0,traffic_light
7.22,14.44,15.53,18.03,0,0.0,9.41,50,0,traffic_light
0.15,13.27,8.94,14.16,0,0.0,29.14,35,0,school
12.4,12.51,17.38,15.95,0,0.0,25.26,50,0,unknown
35,6.77,6.78,8.13,0,0.0,50.36,50,3.54,school
35,16.16,9.46,8.35,0,34.55,1.01,20,0,traffic_light
2.69,7.89,1.84,11.53,0,169.35,1.12,20,0,bus_stop
7.21,14.02,3.36,20.44,0,0.0,30.24,50,0,traffic_light
8.07,12.75,16.52,19.8,0,0.0,35.68,40,0,traffic_light
4.78,0.22,1.99,18.43,0,551.31,1.15,35,0,school
0.3,7.45,5.18,23.82,0,31.74,0.95,20,0,traffic_light
0.4,14.37,8.27,21.1,0,201.78,0.37,45,0,school
22.2,16.74,9.01,4.88,0,0.0,31.58,35,0,bus_stop
65.43,77.95,17.4,14.21,1,24.18,0.66,45,0,unknown
7.93,5.55,0.97,27.81,0,140.67,0.04,35,0,school
22.69,11.64,13.72,1.73,0,57.18,0.24,50,0,traffic_light
0.28,1.22,2.26,27.11,0,0.0,20.48,30,0,traffic_light
1.37,17.18,12.52,12.15,0,51.57,0.88,40,0,traffic_light
19.36,7.8,14.15,26.5,0,0.0,20.38,20,1.58,traffic_light
4.95,15.22,14.4,6.09,0,0.0,39.54,45,0,bus_stop
9.47,6.74,8.35,12.7,0,0.0,27.22,50,0,bus_stop
15.58,11.3,4.02,12.55,0,11.66,0.3,40,0,traffic_light
8.04,14.61,5.12,10.1,0,0.0,8.65,20,0,unknown
2.09,0.51,5.96,5.26,0,0.0,20.43,30,0,traffic_light
14.62,0.66,13.57,1.65,0,0.0,15.82,40,0,bus_stop
6.82,12.43,6.02,1.43,0,0.0,23.67,50,0,school
2.65,5.3,16.59,27.12,0,0.0,35.79,40,0,bus_stop
7.49,0.33,14.1,6.52,0,34.18,0.68,30,0,traffic_light
1.26,6.55,4.1,28.41,0,0.0,20.33,20,0.49,traffic_light
0.9,14.94,8.32,15.22,0,112.18,0.01,30,0,bus_stop
13.41,14.03,1.07,3.92,0,0.0,12.78,30,0,unknown
0.97,7.63,0.95,20.13,0,382.94,0.02,45,0,school
16.88,3.44,8.91,8.65,0,283.86,0.0,50,0,depot
2.49,11.31,15.01,16.45,0,0.0,20.03,40,0,school
2.68,0.2,11.78,7.87,0,477.53,0.31,50,0,school
19.08,13.38,1.87,28.67,0,7.32,1.07,20,0,unknown
8.46,6.44,16.92,28.96,0,251.75,0.68,30,0,bus_stop
5.87,11.53,10.11,24.4,0,0.0,19.29,20,0,traffic_light
2.8,2.1,0.41,29.94,0,0.0,20.85,20,0.47,unknown
15.5,4.37,1.19,26.67,0,0.0,38.88,40,0,unknown
0.74,9.58,13.18,11.9,0,0.0,13.97,20,0,school
51.77,92.58,65.7,273.83,1,0.0,10.65,20,0,school
5.39,0.13,0.39,20.29,0,0.0,23.22,40,0,traffic_light
0.92,5.01,3.46,2.09,0,115.22,0.64,45,0,bus_stop
3.89,9.71,7.22,19.07,0,0.0,28.89,35,0,traffic_light
3.78,11.82,10.72,10.7,0,0.0,19.08,45,0,depot
7.37,1.86,12.86,26.05,0,0.0,11.35,40,0,traffic_light
0.6,5.2,11.81,8.56,0,0.0,12.09,20,0,traffic_light
1.35,3.67,15.14,17.65,0,0.0,33.02,50,0,traffic_light
2.15,1.66,5.13,12.06,0,0.0,19.72,30,0,traffic_light
8.1,0.84,12.95,2.84,0,19.02,0.89,35,0,unknown
3.89,9.89,15.33,16.89,0,0.0,19.34,20,0,bus_stop
1.41,12.67,14.2,13.78,0,0.0,45.11,50,0,unknown
5.03,13.47,2.4,14.53,0,249.02,0.7,45,0,depot
0.48,0.21,5.34,4.4,0,0.0,10.9,30,0,traffic_light
0.39,17.07,12.75,17.46,0,0.0,31.44,35,0,traffic_light
1.77,15.53,0.73,1.57,0,0.0,8.01,20,0,school
5.8,10.9,13.1,15.88,0,505.9,0.4,35,0,school
5.65,11.02,14.38,14.82,0,0.0,34.17,50,0,traffic_light
10.11,6.01,15.83,2.95,0,0.0,37.01,45,0,unknown
1.61,11.03,7.49,5.01,0,0.0,9.5,20,0,bus_stop
13.03,13.5,8.1,27.93,0,0.0,22.54,20,1.85,unknown
20.92,3.36,11.91,3.15,0,0.0,30.68,35,0,school
8.03,15.64,16.72,21.46,0,0.0,30.05,30,2.75,depot
6.87,14.36,3.77,27.33,0,676.27,1.11,50,0,school
2.54,13.99,14.82,9.71,0,17.59,0.45,40,0,traffic_light
0.33,17.07,14.27,10.76,0,0.0,30.89,45,0,depot
0.61,9.75,12.78,14.63,0,0.0,22.33,35,0,unknown
4.1,1.76,14.55,22.95,0,32.41,0.07,35,0,traffic_light
4.92,5.74,12.8,2.37,0,0.0,39.83,50,0,bus_stop
48.28,39.18,38.32,105.08,0,0.0,9.65,20,0,bus_stop
0.32,5.18,8.34,16.09,0,65.75,1.15,45,0,unknown
8.43,12.57,3.78,11.76,0,19.14,0.18,50,0,traffic_light
1.63,15.76,15.21,21.26,0,0.0,34.06,35,0,traffic_light
7.4,1.2,16.89,25.57,0,58.29,0.41,30,0,unknown
10.89,3.78,10.15,8.72,0,221.87,0.63,30,0,bus_stop
9.17,17.96,8.21,26.5,0,0.0,18.53,30,0,traffic_light
8.48,3.96,11.99,7.17,0,450.52,0.06,45,0,school
1.37,10.35,6.77,21.64,0,0.0,34.26,45,0,unknown
0.9,7.39,0.48,19.15,0,263.79,0.31,30,0,bus_stop
2.16,8.74,17.58,9.75,0,0.0,8.16,35,0,traffic_light
0.36,17.05,15.2,0.24,0,0.0,24.5,35,0,school
0.99,2.27,0.37,15.38,0,22.47,1.18,45,0,unknown
6.3,15.92,11.31,17.39,0,0.0,14.05,35,0,unknown
3.09,0.67,1.3,20.22,0,0.0,39.6,45,0,bus_stop
8.11,17.39,6.06,12.16,0,0.0,51.15,50,0.49,traffic_light
0.97,5.02,5.19,15.58,0,49.56,0.98,45,0,unknown
6.3,17.0,9.61,5.41,0,0.0,35.8,35,1.88,traffic_light
4.17,7.17,16.1,24.69,0,0.0,37.82,35,0.94,traffic_light
15.09,0.42,4.44,9.29,0,0.0,23.03,50,0,school
15.59,6.72,0.61,8.87,0,0.0,35.05,40,0,traffic_light
5.84,9.57,14.28,1.63,0,0.0,23.27,45,0,unknown
1.49,4.48,12.95,24.6,0,60.03,0.12,40,0,unknown
13.56,0.98,11.59,29.23,0,0.0,7.12,50,0,bus_stop
4.11,10.88,13.54,12.68,0,0.0,26.63,40,0,bus_stop
2.86,2.0,1.14,26.64,0,0.0,35.48,50,0,school
5.88,8.81,6.52,20.57,0,303.09,0.55,45,0,school
3.95,6.39,9.06,29.73,0,0.0,35.26,45,0,traffic_light
2.84,9.72,1.79,9.33,0,0.0,22.93,35,0,traffic_light
3.19,4.19,10.78,10.64,0,0.0,39.92,40,0,traffic_light
1.21,2.21,7.86,3.57,0,41.12,0.09,30,0,traffic_light
85.58,9.78,68.06,22.45,1,0.0,8.26,40,0,traffic_light
2.14,16.09,7.15,21.38,0,0.0,8.41,35,0,bus_stop
3.08,1.02,17.38,25.28,0,52.64,0.26,35,0,unknown
94.28,19.47,49.72,152.72,0,0.0,28.24,30,0,bus_stop
0.62,14.27,4.21,9.63,0,26.1,0.48,40,0,traffic_light
4.75,6.72,4.48,1.12,0,62.81,0.88,30,0,traffic_light
18.74,6.99,14.24,26.93,0,109.81,0.95,30,0,bus_stop
10.01,4.15,7.58,3.73,0,0.0,47.43,45,2.34,school
14.24,10.91,0.0,26.04,0,0.0,9.35,20,0,bus_stop
13.49,0.42,10.65,25.47,0,0.0,35.58,45,0,school
2.75,6.67,17.62,24.36,0,0.0,32.63,35,0,bus_stop
0.19,13.87,7.65,18.87,0,68.49,0.43,30,0,bus_stop
3.65,12.23,17.75,13.43,0,0.0,8.8,40,0,unknown
18.21,2.99,4.73,5.39,0,0.0,15.03,35,0,unknown
22.4,11.91,3.65,19.33,0,0.0,16.01,35,0,depot
4.0,17.94,2.33,17.29,0,435.58,1.07,30,0,school
0.45,4.28,3.32,20.19,0,0.0,11.09,35,0,depot
5.5,15.79,16.06,24.04,0,0.0,32.98,45,0,unknown
2.48,3.12,1.57,1.45,0,5.01,0.65,40,0,traffic_light
1.93,9.83,4.79,1.69,0,297.21,1.07,35,0,depot
4.09,13.87,6.72,15.7,0,26.8,0.64,40,0,traffic_light
0.11,17.66,2.27,28.69,0,47.8,0.09,30,0,traffic_light
1.37,5.78,4.1,12.47,0,0.0,25.66,30,0,school
3.37,10.49,7.64,14.84,0,0.0,39.71,50,0,traffic_light
43.89,79.86,32.88,19.4,1,10.6,0.87,45,0,unknown
2.8,12.72,8.56,27.92,0,0.0,46.39,50,0,bus_stop
1.29,0.49,17.69,27.64,0,0.0,28.44,50,0,depot
1.2,7.88,4.87,2.55,0,0.0,20.72,35,0,school
1.06,0.25,8.55,12.54,0,0.0,20.63,45,0,unknown
7.02,8.91,5.62,9.24,0,0.0,11.29,35,0,unknown
10.92,13.33,12.27,3.25,0,670.57,0.91,50,0,school
2.11,3.83,10.74,14.35,0,41.08,0.85,35,0,unknown
0.97,5.9,2.61,15.64,0,26.05,0.51,40,0,unknown
2.13,8.97,0.68,13.59,0,0.0,41.39,50,0,unknown
16.47,4.85,15.27,26.6,0,24.47,1.09,45,0,traffic_light
6.69,1.53,15.49,15.29,0,0.0,13.74,45,0,unknown
0.48,15.87,7.31,9.59,0,0.0,13.6,50,0,traffic_light
14.15,9.33,5.92,8.87,0,0.0,29.41,50,0,school
3.22,3.7,12.54,20.91,0,149.01,0.41,40,0,school
1.15,7.47,5.99,28.3,0,0.0,20.34,20,3.56,bus_stop
3.99,15.54,17.22,2.94,0,67.91,0.13,45,0,unknown
4.02,4.84,10.32,16.68,0,0.0,19.78,20,0,traffic_light
3.53,8.15,13.84,21.5,0,143.01,0.18,45,0,school
1.91,9.36,14.06,26.03,0,0.0,9.81,35,0,traffic_light
15.3,9.86,9.45,3.03,0,0.0,10.02,30,0,traffic_light
12.61,8.08,1.05,5.63,0,0.0,29.17,45,0,unknown
1.56,4.54,7.32,13.49,0,0.0,19.92,30,0,unknown
10.88,14.08,17.1,9.29,0,66.54,1.08,20,0,traffic_light
0.61,7.55,15.5,8.82,0,11.01,0.78,20,0,unknown
5.71,16.94,5.13,7.16,0,0.0,34.77,35,0,unknown
5.99,10.96,14.14,12.99,0,178.82,0.13,50,0,school
3.91,6.09,13.59,25.17,0,0.0,10.64,30,0,school
7.39,16.69,7.63,12.35,0,84.27,0.95,30,0,bus_stop
3.05,12.17,15.56,2.16,0,0.0,29.55,30,0,traffic_light
0.9,11.73,0.14,29.56,0,0.0,8.62,20,0,school
16.01,8.11,8.33,22.58,0,0.0,47.27,45,0.18,school
23.51,2.34,5.37,7.97,0,0.0,26.95,40,0,traffic_light
29.96,8.49,13.04,8.87,0,11.64,0.22,30,0,traffic_light
0.77,4.84,8.81,25.5,0,0.0,36.62,45,0,bus_stop
80.48,48.69,26.43,265.7,1,0.0,19.65,30,0,traffic_light
24.09,9.29,0.15,24.05,0,0.0,27.35,35,0,traffic_light
33.4,7.34,11.39,24.27,0,0.0,12.67,30,0,depot
5.99,8.74,16.39,16.47,0,178.25,1.0,35,0,bus_stop
4.96,3.72,10.13,23.33,0,0.0,42.33,45,0,bus_stop
29.17,4.23,2.37,18.96,0,0.0,11.38,30,0,bus_stop
0.07,0.69,14.34,14.35,0,0.0,23.59,30,0,school
51.63,48.48,31.82,322.11,1,0.0,23.92,50,0,unknown
7.19,9.8,11.56,17.55,0,0.0,38.65,50,0,unknown
10.76,11.11,14.2,28.79,0,0.0,16.92,20,0,traffic_light
45.92,87.27,36.76,28.3,1,24.71,1.17,40,0,traffic_light
11.58,12.27,0.21,2.68,0,0.0,14.43,40,0,school
9.01,1.68,13.97,28.56,0,0.0,26.87,50,0,unknown
25.37,7.81,12.54,12.12,0,0.0,15.72,35,0,depot
1.92,2.34,0.77,26.26,0,44.12,0.6,50,0,school
48.5,47.47,20.1,184.32,0,0.0,13.98,20,0,unknown
2.59,8.98,15.83,19.42,0,0.0,37.65,45,0,unknown
4.15,16.9,7.5,10.67,0,43.14,0.9,30,0,traffic_light
1.62,9.86,17.04,5.78,0,0.0,37.31,40,0,traffic_light
7.08,16.86,9.05,14.12,0,0.0,43.91,45,0,school
1.52,3.68,3.12,12.88,0,0.0,37.46,40,0,bus_stop
16.99,12.57,13.96,28.65,0,0.0,13.19,20,0,depot
2.71,4.32,3.96,3.57,0,108.58,0.94,40,0,bus_stop
2.76,11.0,6.09,3.73,0,32.26,1.07,30,0,traffic_light
30.15,11.62,17.15,23.26,0,0.0,9.41,40,0,unknown
11.13,4.81,14.25,20.39,0,16.81,1.05,45,0,unknown
4.59,6.07,15.51,1.37,0,0.0,23.52,35,0,traffic_light
6.1,4.5,4.55,1.38,0,50.76,0.98,20,0,traffic_light
26.22,14.85,45.11,126.79,1,0.0,30.73,40,0,unknown
0.75,4.14,11.33,28.63,0,0.0,14.32,40,0,bus_stop
0.82,17.35,5.23,8.18,0,0.0,34.33,40,0,depot
2.18,12.85,9.24,11.68,0,0.0,21.47,20,1.8,unknown
23.09,17.72,7.58,1.81,0,19.33,0.28,45,0,traffic_light
1.73,9.0,6.77,27.47,0,6.03,0.23,20,0,traffic_light
3.36,4.64,6.41,17.47,0,0.0,11.76,30,0,unknown
2.18,15.59,12.33,18.16,0,42.85,0.59,35,0,traffic_light
6.16,9.32,8.81,14.0,0,0.0,28.76,35,0,unknown
9.24,9.89,10.59,1.66,0,0.0,9.59,20,0,bus_stop
4.51,2.21,3.47,22.33,0,108.24,0.6,35,0,depot
5.76,5.86,9.76,25.08,0,0.0,43.48,45,0,traffic_light
7.45,15.45,13.3,11.0,0,28.51,0.4,45,0,unknown
0.44,2.36,12.58,2.35,0,0.0,15.19,20,0,bus_stop
1.66,16.05,1.37,15.51,0,0.0,7.52,20,0,bus_stop
8.83,8.97,8.27,8.68,0,17.74,1.06,35,0,unknown
2.32,13.91,0.3,11.76,0,7.5,0.23,20,0,unknown
0.03,9.99,11.34,17.16,0,0.0,18.82,20,0,bus_stop
0.2,8.88,3.25,11.11,0,0.0,21.76,20,3.7,traffic_light
6.11,2.81,9.52,25.05,0,270.04,0.79,35,0,school
1.51,9.94,1.7,10.26,0,0.0,7.41,20,0,depot
3.14,14.9,16.29,10.98,0,0.0,22.62,40,0,bus_stop
5.76,3.59,8.96,13.72,0,0.0,9.43,30,0,traffic_light
13.53,12.97,4.97,14.66,0,0.0,18.72,20,0,traffic_light
13.78,7.42,4.63,26.83,0,0.0,38.85,45,0,unknown
1.55,14.53,7.5,28.89,0,43.31,0.76,20,0,traffic_light
4.03,0.37,5.82,9.92,0,0.0,33.96,35,0,unknown
2.72,3.24,8.47,28.62,0,0.0,25.14,30,0,bus_stop
70.51,76.29,62.71,525.8,1,0.0,24.81,30,0,school
0.01,0.97,7.85,16.61,0,0.0,17.13,30,0,unknown
6.94,16.07,3.52,4.47,0,69.6,0.26,40,0,unknown
3.58,9.26,14.14,27.02,0,0.0,42.86,40,0.79,depot
15.8,7.95,8.04,15.86,0,0.0,19.29,40,0,traffic_light
2.86,13.62,14.82,23.57,0,0.0,29.06,35,0,unknown
10.17,16.63,10.08,8.56,0,50.91,0.86,45,0,unknown
0.1,7.38,13.52,4.38,0,0.0,14.44,20,0,bus_stop
7.95,3.94,5.31,13.53,0,0.0,19.5,50,0,traffic_light
6.01,1.92,4.13,18.35,0,0.0,29.65,30,0,traffic_light
28.85,15.63,12.54,4.4,0,426.04,0.49,50,0,school
25.41,4.49,10.59,19.78,0,0.0,24.3,30,0,unknown
10.62,2.32,13.03,2.9,0,0.0,10.8,35,0,school
27.54,0.09,8.33,16.86,0,0.0,43.69,50,0,traffic_light
23.76,6.72,17.71,4.17,0,0.0,18.98,20,0,depot
6.02,5.89,14.18,24.37,0,91.75,0.51,50,0,bus_stop
8.88,0.62,8.33,4.24,0,0.0,47.25,45,1.23,unknown
0.22,14.5,17.34,13.83,0,0.0,20.94,35,0,depot
5.59,3.21,13.33,6.18,0,32.6,0.69,30,0,traffic_light
0.06,4.3,3.97,28.49,0,0.0,11.11,20,0,unknown
5.95,14.27,16.18,3.99,0,0.0,23.94,40,0,traffic_light
0.11,5.57,15.53,18.08,0,12.78,0.6,45,0,traffic_light
2.48,15.59,0.68,11.36,0,202.66,1.14,40,0,school
43.28,86.87,34.38,348.39,1,0.0,14.44,40,0,traffic_light
0.23,9.74,12.73,12.38,0,0.0,41.76,50,0,bus_stop
8.08,0.15,10.42,17.58,0,14.73,0.45,40,0,unknown
5.81,5.34,4.49,13.7,0,0.0,24.59,50,0,bus_stop
93.6,30.12,43.55,2.83,1,139.01,0.34,40,0,school
12.75,15.85,5.74,28.55,0,15.9,0.4,50,0,traffic_light
2.92,8.33,16.95,0.22,0,0.0,16.02,50,0,traffic_light
3.29,2.3,10.85,2.28,0,0.0,11.9,30,0,bus_stop
8.12,5.86,13.92,14.66,0,0.0,34.87,40,0,traffic_light
1.54,2.04,8.41,7.08,0,0.0,14.57,35,0,traffic_light
1.02,1.94,16.91,29.06,0,0.0,15.02,35,0,unknown
12.13,1.84,3.85,10.37,0,45.81,0.63,35,0,traffic_light
3.56,5.77,8.48,10.5,0,0.0,15.3,40,0,bus_stop
3.45,17.67,17.14,2.01,0,25.36,0.97,35,0,traffic_light
4.87,15.1,9.51,6.77,0,0.0,40.88,50,0,bus_stop
5.68,16.56,13.06,25.86,0,0.0,12.91,30,0,school
3.66,12.71,0.95,27.71,0,0.0,16.88,45,0,bus_stop
12.26,4.96,12.08,2.47,0,770.69,0.42,40,0,depot
5.71,14.16,12.72,0.58,0,0.0,29.53,45,0,traffic_light
0.09,7.95,15.88,28.0,0,505.1,0.11,50,0,school
6.27,10.23,11.48,9.22,0,0.0,32.08,30,0.37,school
5.62,11.41,16.47,0.53,0,0.0,22.17,30,0,depot
2.24,4.58,5.18,11.74,0,0.0,29.72,35,0,traffic_light
1.07,13.51,2.88,18.62,0,0.0,29.8,35,0,depot
9.59,0.84,5.09,27.97,0,0.0,50.44,50,3.45,bus_stop
3.5,0.21,16.03,9.45,0,0.0,30.54,40,0,unknown
0.92,1.03,4.92,4.43,0,0.0,29.42,40,0,school
0.95,17.29,17.12,29.08,0,0.0,18.89,50,0,bus_stop
0.55,12.62,11.91,28.46,0,0.0,39.03,50,0,unknown
16.06,3.3,17.99,22.8,0,45.69,0.71,40,0,unknown
12.3,13.91,1.66,1.37,0,33.6,0.64,20,0,traffic_light
1.51,4.98,9.82,5.52,0,0.0,22.01,20,1.25,school
2.56,1.01,8.74,27.04,0,17.1,0.57,45,0,unknown
31.59,9.55,7.71,10.01,0,22.31,0.07,50,0,traffic_light
7.21,15.14,2.63,5.64,0,0.0,7.66,30,0,depot
21.29,11.01,3.3,27.94,0,0.0,23.95,35,0,traffic_light
6.68,15.28,12.39,29.4,0,0.0,14.87,20,0,bus_stop
10.42,6.65,3.91,2.73,0,27.14,0.08,30,0,traffic_light
0.24,4.94,6.7,24.99,0,318.6,0.85,30,0,depot
26.34,16.93,12.0,8.26,0,368.8,0.16,40,0,school
2.25,4.85,13.16,0.56,0,0.0,27.37,30,0,unknown
5.05,4.08,0.9,10.13,0,0.0,47.57,50,0,school
2.26,11.2,7.73,22.61,0,0.0,21.31,50,0,traffic_light
2.72,4.06,10.69,1.88,0,0.0,11.18,20,0,traffic_light
10.67,6.52,4.3,4.57,0,10.43,0.22,20,0,traffic_light
3.09,15.08,11.13,11.35,0,0.0,11.61,40,0,bus_stop
5.68,5.74,15.22,3.53,0,0.0,29.24,50,0,unknown
6.98,11.34,11.55,28.56,0,0.0,25.33,50,0,unknown
77.76,84.35,71.6,11.28,1,23.46,0.48,30,0,traffic_light
3.59,16.7,6.66,1.55,0,0.0,10.46,50,0,unknown
3.17,1.03,8.18,0.65,0,0.0,34.62,35,0,depot
15.55,3.18,3.22,19.25,0,0.0,21.12,30,0,bus_stop
83.18,45.44,17.12,241.71,0,0.0,19.15,40,0,traffic_light
5.16,15.83,6.46,13.95,0,310.12,0.28,30,0,depot
32.14,10.18,14.65,7.86,0,0.0,7.29,30,0,bus_stop
9.38,7.12,3.88,8.91,0,383.73,1.04,30,0,depot
14.46,14.68,0.14,3.91,0,0.0,41.6,40,0.01,school
0.45,0.57,9.2,25.6,0,28.99,0.7,30,0,traffic_light
89.95,51.31,35.14,574.37,1,0.0,40.3,40,2.3,unknown
8.4,4.0,1.96,20.47,0,71.7,0.59,20,0,bus_stop
6.38,4.8,11.94,23.23,0,11.8,0.23,40,0,traffic_light
0.27,5.36,17.67,23.26,0,23.66,1.19,45,0,traffic_light
0.63,17.72,2.4,18.18,0,180.31,0.68,50,0,depot
2.22,17.12,17.37,11.08,0,0.0,34.41,35,0,school
12.89,7.42,8.21,14.06,0,0.0,36.14,40,0,school
2.44,9.29,3.34,13.41,0,210.16,1.0,45,0,school
1.58,1.94,3.63,22.99,0,0.0,33.45,40,0,bus_stop
3.84,15.61,16.0,6.88,0,270.81,1.09,50,0,school
67.66,30.92,28.25,2.45,0,392.29,0.28,50,0,depot
18.07,3.05,9.18,4.33,0,0.0,15.15,20,0,traffic_light
2.91,11.84,5.77,26.62,0,41.26,0.1,45,0,traffic_light
9.22,3.4,6.13,2.63,0,0.0,9.5,30,0,depot
10.63,2.77,6.16,28.83,0,12.06,0.48,45,0,unknown
85.91,42.53,32.89,232.71,0,0.0,19.7,35,0,traffic_light
7.81,3.59,1.17,2.2,0,0.0,27.86,30,0,traffic_light
14.32,10.82,14.95,28.37,0,0.0,40.89,40,1.63,traffic_light
2.54,6.6,15.12,22.22,0,0.0,32.95,40,0,traffic_light
9.64,7.74,8.75,5.91,0,42.33,0.24,35,0,traffic_light
15.54,15.45,15.28,6.77,0,0.0,47.32,50,0,school
1.01,13.61,2.57,5.04,0,0.0,35.9,35,2.19,bus_stop
16.38,4.02,8.08,21.08,0,0.0,48.24,50,0,school
5.13,15.22,16.12,19.46,0,0.0,47.54,50,0,school
0.1,3.08,3.83,4.48,0,0.0,9.76,20,0,depot
6.05,17.46,10.64,28.7,0,218.87,0.0,40,0,bus_stop
2.6,1.42,4.46,5.48,0,0.0,16.41,30,0,school
5.91,15.67,8.8,28.14,0,0.0,27.7,50,0,traffic_light
1.41,0.32,15.31,15.74,0,0.0,27.53,35,0,school
18.81,17.04,15.49,13.15,0,0.0,12.21,30,0,traffic_light
1.28,5.92,5.56,10.0,0,0.0,29.06,40,0,school
5.94,1.26,13.23,11.88,0,0.0,14.57,20,0,traffic_light
17.37,1.39,1.58,6.94,0,0.0,11.65,35,0,bus_stop
11.76,8.93,11.27,25.48,0,0.0,25.5,40,0,school
5.75,9.45,0.75,3.46,0,0.0,20.69,20,3.83,bus_stop
11.89,15.42,14.72,18.43,0,21.57,0.55,30,0,traffic_light
4.11,8.67,13.67,1.2,0,48.26,1.03,20,0,unknown
0.16,6.42,17.33,15.1,0,280.65,0.59,30,0,school
2.47,0.56,5.07,15.6,0,0.0,32.08,45,0,traffic_light
4.33,6.77,4.95,24.53,0,0.0,11.03,20,0,traffic_light
2.8,4.99,17.04,3.8,0,25.78,0.68,35,0,traffic_light
3.75,14.72,14.1,19.28,0,0.0,16.7,40,0,unknown
14.03,1.36,3.43,10.47,0,26.25,0.79,30,0,traffic_light
1.3,4.62,14.73,16.1,0,0.0,44.54,50,0,traffic_light
2.33,5.7,0.64,18.23,0,0.0,10.44,20,0,bus_stop
5.5,11.21,13.68,29.57,0,0.0,38.13,50,0,traffic_light
12.55,10.53,17.06,10.03,0,93.25,0.88,40,0,bus_stop
0.42,10.9,8.09,18.33,0,0.0,10.84,40,0,traffic_light
20.24,8.46,9.45,26.78,0,9.7,0.31,50,0,unknown
5.1,3.66,8.68,8.82,0,0.0,29.6,35,0,school
3.66,15.52,1.28,12.26,0,0.0,23.72,35,0,traffic_light
0.26,7.96,8.14,25.11,0,0.0,19.71,30,0,bus_stop
7.91,4.39,1.08,3.77,0,15.41,0.91,50,0,traffic_light
65.52,90.32,21.71,234.9,1,0.0,9.36,45,0,traffic_light
3.0,11.79,5.38,19.46,0,0.0,16.52,35,0,traffic_light
13.2,15.9,0.47,19.86,0,25.4,0.28,50,0,traffic_light
14.31,16.72,2.42,21.79,0,0.0,21.1,20,3.84,unknown
16.06,13.14,2.3,13.52,0,9.13,0.37,40,0,traffic_light
2.7,6.07,2.78,21.64,0,101.46,1.01,35,0,bus_stop
6.63,12.85,4.03,22.52,0,0.0,19.29,50,0,traffic_light
1.42,2.2,12.46,24.32,0,0.0,15.59,30,0,depot
19.56,4.47,13.19,12.11,0,62.16,0.88,30,0,unknown
6.29,1.0,6.41,15.41,0,0.0,15.36,35,0,unknown
3.58,13.34,9.95,18.69,0,353.14,0.19,35,0,school
6.4,15.42,9.21,5.22,0,0.0,42.04,40,1.91,traffic_light
7.65,8.32,17.49,3.92,0,0.0,11.15,35,0,school
8.71,3.53,2.55,16.55,0,29.2,0.64,40,0,unknown
3.34,15.97,4.61,3.37,0,0.0,21.8,20,0.71,bus_stop
10.32,11.91,3.74,24.65,0,0.0,13.16,20,0,traffic_light
0.68,1.5,9.45,29.26,0,0.0,26.74,35,0,traffic_light
2.32,6.03,0.82,15.06,0,0.0,8.83,35,0,bus_stop
2.34,12.41,15.04,6.28,0,21.56,0.92,35,0,unknown
6.24,16.48,8.3,14.22,0,0.0,18.1,30,0,bus_stop
1.12,13.27,12.84,26.92,0,0.0,42.99,40,2.58,unknown
3.12,14.06,8.07,14.7,0,0.0,21.54,50,0,unknown
0.32,12.17,17.59,20.36,0,0.0,11.03,50,0,school
1.91,8.06,11.34,4.33,0,0.0,18.1,20,0,depot
21.04,2.51,9.18,6.28,0,0.0,33.66,40,0,bus_stop
11.84,15.4,12.44,8.8,0,0.0,10.98,35,0,unknown
3.68,15.49,6.82,6.99,0,44.3,0.66,45,0,bus_stop
3.76,7.48,10.02,9.03,0,381.65,1.03,20,0,school
10.42,2.36,12.43,3.01,0,0.0,26.6,45,0,traffic_light
7.58,15.0,16.23,11.43,0,43.36,0.75,30,0,traffic_light
8.94,12.37,4.4,21.68,0,36.25,0.63,40,0,unknown
12.48,15.6,4.78,15.57,0,0.0,26.89,30,0,school
12.52,1.52,13.89,19.04,0,0.0,15.23,35,0,traffic_light
0.18,4.87,12.44,17.14,0,0.0,14.1,35,0,bus_stop
7.85,13.47,4.18,13.88,0,0.0,19.59,30,0,traffic_light
7.72,9.33,13.81,25.11,0,0.0,17.16,50,0,traffic_light
6.2,15.13,17.57,6.5,0,0.0,20.8,20,3.0,traffic_light
6.96,10.29,14.74,26.34,0,119.91,0.78,40,0,bus_stop
11.79,12.35,16.11,5.74,0,0.0,44.94,50,0,traffic_light
5.15,4.0,12.3,26.36,0,0.0,15.84,35,0,depot
4.12,8.61,16.65,26.96,0,0.0,15.81,50,0,traffic_light
5.7,17.65,6.32,7.21,0,0.0,8.11,30,0,traffic_light
7.79,4.03,16.53,7.86,0,0.0,9.14,20,0,traffic_light
8.56,17.02,7.02,3.3,0,22.95,0.08,40,0,traffic_light
14.41,14.02,2.38,19.22,0,0.0,11.9,20,0,traffic_light
7.59,0.96,8.89,25.04,0,280.44,1.1,35,0,depot
3.23,14.94,1.21,11.32,0,0.0,9.73,20,0,unknown
18.24,1.64,5.7,20.64,0,0.0,7.76,40,0,traffic_light
3.05,15.27,6.47,11.28,0,0.0,30.13,30,2.21,unknown
1.76,10.58,4.98,3.87,0,221.91,1.08,50,0,bus_stop
13.7,6.01,9.2,26.61,0,0.0,23.47,30,0,school
1.54,17.42,8.18,3.16,0,0.0,29.23,45,0,unknown
3.59,0.27,6.84,19.49,0,30.75,0.44,45,0,traffic_light
8.31,5.72,14.64,19.39,0,0.0,40.89,50,0,traffic_light
1.3,12.16,11.14,1.84,0,0.0,22.96,50,0,traffic_light
6.35,17.77,3.82,28.77,0,0.0,29.53,30,0,school
13.84,14.45,15.55,15.75,0,77.85,0.29,45,0,bus_stop
1.65,5.66,6.49,11.05,0,61.64,0.76,35,0,bus_stop
3.58,16.4,8.76,0.95,0,0.0,29.94,35,0,unknown
5.25,17.13,0.66,24.88,0,0.0,19.67,35,0,unknown
87.83,11.27,35.64,3.64,0,124.73,1.16,50,0,bus_stop
9.5,16.93,15.66,4.27,0,47.09,0.62,20,0,unknown
18.31,12.71,3.49,14.23,0,0.0,9.5,30,0,school
81.48,73.52,23.55,22.52,1,52.48,1.1,35,0,bus_stop
3.01,9.67,11.61,14.22,0,0.0,27.81,30,0,school
3.7,5.6,17.2,15.08,0,0.0,16.3,30,0,bus_stop
10.37,1.77,2.76,24.66,0,0.0,11.85,20,0,traffic_light
0.11,17.87,11.6,1.39,0,34.99,0.43,30,0,traffic_light
0.33,7.61,7.51,21.96,0,88.15,0.28,45,0,school
1.32,2.47,1.56,27.61,0,71.86,0.57,35,0,bus_stop
8.89,12.44,11.64,21.01,0,47.84,0.4,45,0,traffic_light
2.31,4.63,4.0,6.65,0,0.0,9.64,30,0,traffic_light
1.2,15.73,1.7,25.66,0,0.0,29.98,40,0,school
42.06,81.6,26.76,15.37,1,195.54,0.68,50,0,bus_stop
3.29,1.12,14.41,23.4,0,0.0,11.85,30,0,unknown
5.28,12.96,15.44,3.16,0,0.0,15.79,40,0,bus_stop
25.64,0.27,15.72,6.86,0,25.82,0.2,45,0,traffic_light
4.22,6.03,12.31,27.15,0,0.0,18.22,40,0,school
9.97,2.9,4.18,9.81,0,0.0,18.17,45,0,traffic_light
2.33,4.04,13.87,29.02,0,0.0,40.09,40,1.77,depot
9.13,12.54,6.95,2.91,0,17.72,0.16,45,0,traffic_light
10.53,9.4,7.94,2.64,0,0.0,23.53,35,0,bus_stop
1.24,12.3,17.14,18.21,0,0.0,15.5,20,0,school
1.87,4.25,8.31,8.29,0,0.0,17.69,20,0,school
0.22,7.85,1.21,12.09,0,0.0,25.27,40,0,unknown
5.44,17.3,6.16,16.46,0,32.37,0.52,50,0,unknown
21.44,2.46,1.07,16.86,0,0.0,18.95,20,0,unknown
3.47,17.36,6.39,7.02,0,63.71,0.97,45,0,unknown
0.42,5.82,6.5,18.08,0,237.69,0.55,50,0,school
13.75,8.06,8.97,0.69,0,0.0,49.85,50,0,school
0.88,2.11,7.33,17.45,0,0.0,37.37,45,0,school
3.84,6.23,11.93,13.48,0,0.0,10.36,30,0,unknown
1.64,7.43,12.19,28.47,0,13.57,0.95,40,0,unknown
3.92,2.02,0.54,13.57,0,0.0,16.01,35,0,traffic_light
12.45,8.67,16.27,17.34,0,0.0,23.69,30,0,bus_stop
17.64,7.13,5.58,23.24,0,0.0,10.29,30,0,bus_stop
6.4,8.97,17.46,26.57,0,0.0,13.87,30,0,unknown
7.86,17.86,3.62,29.99,0,0.0,22.93,35,0,school
2.48,3.46,5.0,10.1,0,0.0,43.48,45,0,unknown
70.48,11.87,22.83,1.91,1,12.35,0.58,30,0,traffic_light
13.8,12.47,5.35,10.35,0,0.0,31.79,40,0,bus_stop
7.01,17.47,14.96,14.74,0,0.0,7.92,45,0,depot
24.43,3.91,16.77,1.22,0,75.25,0.02,20,0,bus_stop
9.93,7.99,16.44,11.06,0,0.0,10.75,20,0,depot
84.84,25.0,28.31,5.77,0,360.44,0.83,35,0,school
3.13,7.81,4.56,7.78,0,0.0,42.14,45,0,traffic_light
1.29,15.25,6.58,14.58,0,0.0,26.27,45,0,school
2.6,3.19,6.11,29.76,0,0.0,9.7,20,0,school
22.61,6.17,5.51,3.41,0,565.8,0.93,35,0,school
5.61,6.66,1.89,24.51,0,213.12,0.57,20,0,bus_stop
3.47,17.36,2.33,15.38,0,0.0,18.53,50,0,unknown
20.1,11.86,14.83,6.8,0,0.0,25.24,35,0,unknown
2.16,13.55,8.43,1.6,0,633.83,0.01,45,0,depot
17.08,8.92,11.12,1.36,0,0.0,23.3,50,0,bus_stop
4.4,14.82,3.08,28.69,0,0.0,24.95,30,0,bus_stop
0.05,14.11,7.89,22.98,0,8.7,1.12,35,0,unknown
15.89,2.84,3.2,4.51,0,0.0,33.83,45,0,unknown
0.21,9.82,13.92,15.71,0,0.0,25.69,30,0,bus_stop
1.2,14.32,16.65,28.97,0,0.0,16.47,40,0,traffic_light
25.52,16.9,6.99,6.44,0,0.0,35.93,35,1.1,traffic_light
4.91,17.73,12.78,4.59,0,0.0,24.79,30,0,unknown
4.41,3.96,15.15,26.73,0,0.0,30.37,40,0,school
11.79,11.05,8.34,13.05,0,0.0,17.82,35,0,unknown
2.68,0.48,8.72,17.11,0,0.0,27.03,30,0,depot
14.55,13.76,8.27,16.01,0,0.0,8.35,30,0,traffic_light
27.91,77.58,61.46,411.8,1,0.0,19.11,35,0,unknown
74.53,12.86,63.85,182.08,1,0.0,50.98,50,1.46,traffic_light
0.98,7.6,7.6,4.92,0,0.0,7.91,45,0,unknown
8.17,4.62,8.47,20.76,0,0.0,31.55,45,0,depot
15.61,11.83,4.67,14.91,0,0.0,19.33,35,0,traffic_light
27.81,8.27,4.67,21.61,0,200.18,0.21,40,0,depot
1.54,3.49,1.38,7.04,0,55.48,0.34,20,0,traffic_light
33.12,95.18,63.92,12.64,1,25.63,0.48,20,0,traffic_light
8.42,14.8,17.79,11.83,0,0.0,12.0,20,0,depot
2.47,1.74,8.0,12.87,0,0.0,16.35,20,0,depot
7.97,7.52,8.36,11.78,0,0.0,24.11,45,0,traffic_light
4.88,12.46,8.11,26.82,0,14.89,0.3,45,0,unknown
0.58,3.88,6.03,20.34,0,0.0,45.1,45,3.4,traffic_light
3.5,5.62,1.73,24.34,0,0.0,40.02,40,1.07,unknown
3.36,14.83,6.31,13.09,0,0.0,11.65,50,0,depot
5.92,11.78,8.05,0.15,0,14.08,0.29,35,0,unknown
5.35,17.42,2.52,6.28,0,0.0,19.61,50,0,bus_stop
59.1,64.86,17.16,388.32,0,0.0,21.55,35,0,school
1.57,8.48,0.74,18.5,0,0.0,16.29,20,0,bus_stop
1.79,11.53,17.95,4.82,0,33.43,0.74,50,0,traffic_light
4.88,7.53,9.49,27.74,0,0.0,24.82,45,0,unknown
7.71,0.37,2.93,17.21,0,47.85,0.72,20,0,traffic_light
12.67,3.83,8.52,4.99,0,0.0,15.86,35,0,traffic_light
11.34,16.74,9.29,16.43,0,23.95,0.69,45,0,traffic_light
32.93,60.36,69.54,230.12,1,0.0,13.72,20,0,bus_stop
6.2,4.59,9.89,0.58,0,25.49,0.75,50,0,traffic_light
4.22,7.27,5.41,23.33,0,0.0,44.27,45,0,traffic_light
3.42,6.71,0.43,23.28,0,208.49,0.25,50,0,school
4.73,0.69,9.5,8.48,0,19.15,1.05,35,0,traffic_light
2.24,15.65,2.04,15.78,0,335.89,0.28,35,0,school
2.51,1.2,3.69,7.86,0,0.0,8.43,50,0,bus_stop
85.97,58.1,40.8,510.83,1,0.0,31.65,45,0,unknown
6.5,17.28,3.15,14.74,0,613.51,0.11,40,0,school
17.66,6.94,2.42,22.77,0,0.0,14.63,50,0,traffic_light
5.32,15.5,9.62,11.21,0,0.0,21.76,20,0.51,school
4.68,16.6,14.43,4.41,0,0.0,17.49,20,0,bus_stop
2.16,13.76,11.99,4.78,0,104.84,0.93,30,0,bus_stop
16.22,8.44,11.23,0.96,0,0.0,10.36,35,0,bus_stop
2.89,1.02,15.24,0.59,0,0.0,14.02,45,0,depot
5.88,3.4,11.9,4.2,0,0.0,22.38,35,0,traffic_light
8.76,0.05,17.57,24.4,0,0.0,27.98,30,0,school
1.29,5.73,6.55,1.0,0,31.55,0.0,20,0,traffic_light
17.27,11.53,15.1,17.31,0,0.0,18.83,20,0,traffic_light
72.71,65.82,64.64,155.19,1,0.0,8.49,45,0,school
1.65,11.26,14.47,21.72,0,160.25,0.78,45,0,bus_stop
2.29,6.4,16.24,6.72,0,0.0,14.83,45,0,school
3.25,17.17,14.15,23.91,0,0.0,12.52,40,0,bus_stop
2.18,17.47,4.97,16.2,0,34.02,0.1,20,0,traffic_light
4.11,8.24,13.24,6.38,0,69.86,1.05,35,0,traffic_light
2.31,4.72,11.0,10.52,0,0.0,16.64,20,0,unknown
27.61,13.64,10.89,14.41,0,0.0,17.96,20,0,traffic_light
5.51,1.23,1.34,27.34,0,0.0,36.81,50,0,school
5.04,7.77,11.77,27.58,0,0.0,46.17,45,0.95,unknown
0.57,14.3,13.5,7.44,0,0.0,46.35,50,0,unknown
0.35,0.87,12.99,12.64,0,28.38,0.4,40,0,unknown
12.59,15.33,1.04,28.38,0,21.68,0.09,40,0,traffic_light
4.46,14.71,14.48,5.1,0,29.15,0.67,40,0,traffic_light
1.53,0.08,4.08,29.76,0,0.0,18.44,35,0,traffic_light
0.4,5.97,14.34,0.64,0,0.0,11.41,45,0,traffic_light
0.81,3.49,8.1,6.27,0,0.0,7.48,30,0,traffic_light
0.78,4.3,7.08,5.22,0,5.41,0.32,35,0,traffic_light
11.88,12.94,14.24,23.3,0,385.03,1.18,35,0,school
5.39,13.99,2.83,23.17,0,67.55,0.79,45,0,unknown
5.0,1.55,1.24,0.36,0,26.61,0.47,35,0,unknown
2.03,7.9,2.29,29.99,0,0.0,12.56,20,0,school
13.39,9.15,4.14,15.93,0,0.0,16.39,20,0,bus_stop
3.47,0.77,4.58,1.39,0,23.0,1.09,20,0,traffic_light
2.1,4.5,14.08,15.48,0,0.0,26.8,50,0,traffic_light
7.36,11.22,3.75,4.57,0,0.0,22.42,35,0,unknown
3.23,14.91,5.31,22.68,0,13.88,0.21,50,0,unknown
28.29,11.54,1.0,13.77,0,0.0,21.26,45,0,unknown
7.52,1.88,5.39,20.49,0,0.0,18.87,20,0,bus_stop
7.44,5.43,14.84,28.02,0,0.0,52.81,50,1.21,depot
12.56,1.64,15.64,13.64,0,0.0,31.75,40,0,traffic_light
3.77,1.82,5.06,0.97,0,60.95,0.29,45,0,unknown
4.4,4.18,2.65,9.17,0,0.0,36.57,40,0,bus_stop
61.64,14.24,57.59,4.29,1,152.23,1.08,45,0,bus_stop
4.44,7.95,17.37,29.58,0,0.0,30.14,45,0,bus_stop
1.27,13.31,12.53,6.72,0,0.0,21.65,35,0,unknown
20.75,0.61,5.67,9.23,0,15.39,0.93,35,0,traffic_light
3.32,3.8,1.12,28.8,0,46.79,0.13,20,0,traffic_light
10.6,1.91,2.31,21.46,0,0.0,23.96,30,0,traffic_light
5.67,12.82,12.33,10.08,0,0.0,12.82,45,0,school
7.88,15.62,13.69,9.9,0,17.4,0.27,30,0,unknown
0.97,14.59,4.12,22.84,0,0.0,29.4,30,0,depot
7.27,11.53,2.89,4.02,0,0.0,30.11,40,0,traffic_light
2.05,4.12,7.27,1.77,0,0.0,13.94,35,0,traffic_light
35,0.72,17.11,27.03,0,0.0,20.53,20,1.41,depot
3.15,10.82,3.25,26.39,0,641.24,0.66,30,0,school
0.04,1.12,2.11,25.28,0,0.0,37.78,50,0,traffic_light
24.46,16.93,10.28,18.1,0,0.0,43.17,50,0,bus_stop
3.17,7.88,3.38,15.08,0,0.0,48.78,50,0,traffic_light
26.92,3.06,17.45,11.67,0,0.0,8.69,20,0,traffic_light
5.72,5.63,7.17,27.99,0,0.0,15.25,40,0,school
11.32,9.54,11.42,6.09,0,0.0,17.83,35,0,unknown
24.57,1.07,12.32,29.69,0,0.0,16.37,20,0,school
2.2,3.94,5.14,27.64,0,0.0,30.1,30,2.54,traffic_light
16.26,17.87,17.93,29.09,0,0.0,22.44,35,0,bus_stop
0.63,7.02,8.26,15.63,0,0.0,25.46,30,0,traffic_light
3.04,5.38,13.35,3.21,0,0.0,31.42,50,0,unknown
0.09,17.37,4.72,11.04,0,0.0,24.54,50,0,bus_stop
2.13,12.25,7.01,4.16,0,0.0,27.52,40,0,traffic_light
3.34,5.78,8.06,13.89,0,0.0,15.85,40,0,traffic_light
0.4,11.28,1.74,22.57,0,0.0,33.29,35,0,school
9.12,12.01,6.36,4.48,0,232.96,0.68,35,0,depot
15.36,13.74,9.68,16.4,0,0.0,28.81,50,0,traffic_light
1.16,15.42,5.62,17.82,0,0.0,15.16,50,0,unknown
2.59,3.51,12.22,22.84,0,173.41,0.97,20,0,bus_stop
0.01,12.39,16.54,12.02,0,514.25,0.35,35,0,school
4.02,3.9,3.04,6.67,0,463.13,1.08,40,0,depot
10.24,17.46,4.08,4.0,0,0.0,15.26,45,0,traffic_light
11.83,15.14,16.17,14.29,0,0.0,35.49,45,0,depot
0.46,6.43,11.04,1.28,0,0.0,22.75,20,0.8,unknown
7.06,7.31,8.19,20.78,0,0.0,12.35,50,0,school
6.66,11.68,5.77,18.88,0,9.09,0.76,30,0,traffic_light
6.05,2.21,4.53,9.06,0,0.0,45.47,45,2.83,traffic_light
10.1,9.56,10.52,12.63,0,0.0,44.44,45,0,bus_stop
3.63,4.13,15.25,4.19,0,0.0,31.81,30,2.82,traffic_light
41.14,49.01,43.83,4.66,1,250.77,0.34,45,0,school
12.6,6.18,17.92,4.85,0,0.0,29.24,30,0,depot
13.57,12.06,2.6,17.71,0,469.6,0.71,45,0,school
8.4,1.47,9.06,19.02,0,0.0,19.49,20,0,unknown
0.37,2.44,15.27,19.42,0,0.0,38.51,50,0,bus_stop
5.26,2.22,17.43,18.88,0,0.0,49.4,50,0,depot
1.2,10.6,7.53,2.32,0,32.84,0.61,35,0,unknown
2.99,11.95,0.29,16.5,0,0.0,33.14,50,0,school
17.59,1.22,16.72,3.78,0,0.0,25.84,30,0,depot
17.3,10.83,6.96,7.62,0,31.19,0.91,45,0,traffic_light
8.84,13.36,10.87,26.34,0,0.0,22.48,35,0,traffic_light
4.9,6.42,8.41,10.22,0,0.0,46.07,45,1.31,depot
8.13,15.34,8.98,21.03,0,78.6,1.06,50,0,bus_stop
35,7.3,1.53,23.2,0,0.0,18.43,20,0,traffic_light
13.3,15.22,12.03,9.43,0,0.0,18.88,20,0,depot
9.18,8.09,15.16,26.74,0,0.0,45.74,50,0,unknown
1.56,11.06,4.78,2.5,0,0.0,18.62,50,0,school
9.38,14.87,6.58,19.58,0,23.75,0.14,45,0,traffic_light
0.14,10.79,4.94,21.25,0,91.7,0.86,50,0,bus_stop
6.63,16.39,6.17,24.85,0,0.0,44.58,45,0,traffic_light
2.4,14.03,8.53,1.28,0,0.0,21.39,40,0,unknown
7.4,15.51,8.95,29.46,0,51.77,0.35,30,0,unknown
72.3,47.76,17.41,450.66,1,0.0,33.97,45,0,school
6.78,17.96,17.21,23.24,0,45.1,1.06,20,0,traffic_light
0.9,7.78,6.95,23.23,0,0.0,12.93,20,0,depot
56.07,39.34,66.81,560.88,1,0.0,51.32,50,3.37,unknown
0.1,0.05,15.45,5.06,0,0.0,45.52,45,3.36,school
3.03,1.53,10.02,9.11,0,0.0,21.56,20,1.57,school
2.17,0.48,1.89,16.37,0,0.0,14.77,40,0,traffic_light
28.9,11.76,11.49,20.68,0,12.69,1.15,40,0,unknown
9.94,15.05,8.64,21.7,0,0.0,9.4,20,0,traffic_light
3.85,17.79,14.08,1.63,0,0.0,33.48,40,0,unknown
3.41,10.98,4.56,0.91,0,0.0,25.54,45,0,unknown
1.54,13.45,0.19,28.56,0,0.0,43.9,45,0,traffic_light
14.97,8.2,0.09,21.02,0,0.0,18.27,20,0,unknown
1.22,9.68,15.55,9.56,0,0.0,47.53,50,0,bus_stop
6.79,1.23,13.19,12.75,0,0.0,29.94,30,0,depot
0.15,4.38,10.58,25.78,0,0.0,36.67,35,0.62,traffic_light
5.04,6.84,1.86,10.98,0,0.0,28.26,45,0,school
5.32,5.58,11.4,10.64,0,0.0,24.16,45,0,unknown
6.33,6.32,5.31,1.68,0,471.99,0.97,40,0,school
73.34,74.1,35.0,625.65,0,0.0,30.4,40,0,unknown
15.23,2.56,7.89,7.97,0,0.0,16.26,20,0,bus_stop
4.63,15.18,6.27,7.75,0,0.0,10.99,50,0,school
4.16,2.49,10.57,1.51,0,12.65,0.29,45,0,unknown
10.87,16.44,16.14,18.8,0,0.0,24.31,50,0,unknown
13.02,12.48,14.57,13.97,0,0.0,38.2,50,0,depot
10.38,0.66,6.56,14.92,0,0.0,11.28,45,0,traffic_light
1.45,8.86,5.54,29.45,0,0.0,20.38,20,0.93,traffic_light
9.31,0.21,3.6,12.54,0,40.83,0.59,35,0,traffic_light
4.79,12.73,15.7,12.73,0,210.88,1.05,35,0,depot
14.05,10.87,6.98,14.13,0,0.0,10.04,35,0,school
8.66,7.66,6.13,27.97,0,0.0,34.52,40,0,traffic_light
7.06,8.35,0.21,13.53,0,0.0,31.22,45,0,unknown
3.02,6.6,0.3,29.88,0,0.0,20.43,35,0,unknown
1.48,2.88,5.86,24.84,0,0.0,27.36,45,0,bus_stop
5.54,5.52,16.62,23.09,0,445.84,0.36,20,0,school
1.25,3.86,1.8,3.92,0,436.52,0.13,50,0,depot
5.46,1.46,2.91,6.45,0,0.0,30.62,40,0,traffic_light
6.89,0.01,8.84,7.76,0,9.35,0.5,40,0,traffic_light
14.7,12.29,0.11,11.13,0,0.0,22.52,45,0,bus_stop
11.46,5.68,10.24,22.06,0,0.0,24.83,40,0,unknown
5.22,5.14,13.42,28.15,0,410.81,0.96,50,0,school
6.08,11.49,0.04,25.64,0,0.0,13.66,30,0,traffic_light
5.71,17.41,6.07,18.98,0,0.0,39.54,40,0,unknown
5.01,3.63,12.42,2.94,0,0.0,26.01,35,0,bus_stop
3.95,13.41,8.89,22.82,0,264.9,0.65,50,0,school
3.64,17.19,1.37,15.1,0,12.82,1.13,20,0,unknown
0.91,15.19,4.21,18.45,0,0.0,34.27,35,0,school
3.32,6.85,2.8,22.85,0,0.0,11.71,35,0,bus_stop
0.95,12.91,12.85,7.16,0,0.0,23.92,45,0,bus_stop
3.23,0.22,2.22,1.32,0,0.0,10.2,50,0,traffic_light
59.36,31.68,60.66,116.85,1,0.0,13.28,35,0,bus_stop
3.81,1.44,9.85,5.85,0,0.0,10.84,30,0,traffic_light
4.7,0.59,16.59,18.16,0,0.0,12.27,50,0,depot
12.31,10.83,12.22,3.63,0,183.26,0.13,45,0,bus_stop
6.26,0.98,12.2,12.89,0,0.0,8.31,20,0,traffic_light
4.47,15.14,13.9,21.06,0,0.0,25.48,35,0,unknown
13.69,6.94,4.4,7.74,0,46.88,0.26,30,0,traffic_light
10.67,15.32,5.17,0.83,0,0.0,28.22,40,0,traffic_light
34.79,16.38,52.26,2.83,1,34.16,0.62,20,0,unknown
46.39,41.14,16.84,0.65,1,9.51,0.06,20,0,unknown
2.5,14.55,4.15,17.51,0,28.79,0.56,40,0,traffic_light
0.22,16.73,5.46,3.53,0,0.0,47.24,45,2.53,traffic_light
5.43,1.77,0.42,24.33,0,0.0,17.93,45,0,traffic_light
7.01,6.79,17.46,16.99,0,0.0,43.92,50,0,bus_stop
39.03,71.71,71.97,23.74,1,75.17,1.19,50,0,bus_stop
5.85,1.48,8.92,0.07,0,105.92,0.22,30,0,bus_stop
4.47,12.12,5.29,4.9,0,0.0,19.94,20,0,school
3.25,5.44,2.73,26.57,0,79.47,0.57,45,0,school
16.84,5.82,3.05,15.79,0,0.0,25.59,35,0,traffic_light
1.35,13.18,17.32,2.79,0,0.0,24.29,50,0,unknown
5.4,13.64,3.9,22.3,0,0.0,20.11,45,0,traffic_light
3.7,15.6,9.97,25.67,0,0.0,14.49,20,0,school
9.35,13.67,13.69,6.12,0,0.0,11.75,40,0,traffic_light
0.88,8.38,12.25,28.76,0,0.0,15.96,45,0,depot
3.67,16.56,4.32,5.1,0,0.0,13.63,20,0,traffic_light
6.51,5.52,8.08,12.84,0,0.0,10.86,20,0,school
2.11,10.16,10.82,0.07,0,30.75,0.47,35,0,unknown
2.5,3.92,13.71,1.15,0,475.66,0.24,50,0,school
77.0,84.25,15.14,432.36,1,0.0,18.48,30,0,bus_stop
4.23,17.06,14.67,7.77,0,16.42,0.99,35,0,unknown
3.37,3.0,13.94,11.54,0,35.38,0.82,40,0,unknown
2.61,1.08,2.28,6.9,0,0.0,23.5,40,0,unknown
8.14,14.46,7.87,22.72,0,0.0,13.38,20,0,depot
80.92,88.9,54.01,828.34,1,0.0,33.54,40,0,school
9.03,11.68,8.67,3.05,0,30.39,1.08,30,0,traffic_light
4.57,14.01,16.58,28.36,0,0.0,43.01,45,0,unknown
9.37,5.67,4.52,17.85,0,262.89,0.44,20,0,depot
7.76,16.12,3.02,29.04,0,53.43,0.93,35,0,traffic_light
41.55,76.63,72.96,699.69,0,0.0,32.87,30,3.01,traffic_light
12.31,7.51,14.34,20.48,0,0.0,15.35,35,0,school
8.95,4.3,14.53,10.12,0,203.68,0.55,35,0,bus_stop
41.82,8.64,22.4,20.16,1,0.0,8.41,20,0,traffic_light
3.67,7.1,6.68,19.82,0,160.83,0.73,40,0,school
8.14,3.42,6.86,18.14,0,79.34,0.24,20,0,bus_stop
2.89,9.2,11.68,22.34,0,66.06,0.99,35,0,bus_stop
0.94,5.32,10.09,0.69,0,0.0,39.47,50,0,bus_stop
2.1,16.03,1.35,20.72,0,56.51,0.75,30,0,unknown
7.15,11.13,9.94,20.52,0,64.11,0.55,20,0,traffic_light
18.58,6.53,6.5,14.39,0,0.0,12.01,50,0,traffic_light
2.57,14.09,11.98,20.87,0,0.0,38.0,45,0,school
4.06,4.83,17.6,27.97,0,0.0,33.59,40,0,unknown
3.62,8.02,2.52,7.53,0,0.0,39.22,40,0,traffic_light
9.34,14.51,17.39,15.83,0,0.0,20.68,30,0,traffic_light
4.23,12.39,16.72,15.85,0,0.0,34.88,35,0,traffic_light
3.85,15.38,6.97,18.37,0,491.11,0.27,45,0,depot
0.14,13.89,9.91,28.0,0,137.29,0.07,40,0,school
1.59,1.15,15.44,25.44,0,0.0,15.99,30,0,school
9.24,4.92,10.08,3.25,0,0.0,31.02,40,0,traffic_light
2.92,12.7,1.02,18.2,0,0.0,36.24,40,0,bus_stop
11.27,13.53,17.93,18.7,0,43.36,0.61,20,0,unknown
9.1,15.09,17.32,23.07,0,0.0,12.78,20,0,unknown
8.27,15.06,10.42,1.34,0,0.0,27.87,35,0,bus_stop
2.3,11.36,17.34,9.51,0,0.0,27.73,35,0,unknown
2.86,9.02,12.37,0.37,0,0.0,23.0,45,0,unknown
28.27,79.31,25.89,388.42,0,0.0,17.63,45,0,traffic_light
3.37,16.89,2.21,5.34,0,0.0,34.76,45,0,traffic_light
2.82,10.26,12.61,22.34,0,0.0,12.39,20,0,school
4.23,1.68,7.06,14.56,0,0.0,7.74,30,0,depot
1.33,4.27,17.2,17.78,0,0.0,10.92,35,0,bus_stop
10.95,13.6,14.96,11.17,0,0.0,7.36,20,0,traffic_light
5.86,13.66,10.21,11.79,0,0.0,11.67,35,0,depot
39.32,67.27,73.26,723.95,0,0.0,38.75,45,0,bus_stop
35,10.56,3.89,2.99,0,0.0,13.16,30,0,bus_stop
7.99,4.68,2.07,22.67,0,0.0,9.81,20,0,school
5.42,0.44,12.87,12.6,0,0.0,35.65,35,3.41,school
1.84,4.67,10.6,4.8,0,0.0,37.19,35,1.37,depot
4.43,7.95,4.33,24.15,0,0.0,19.16,20,0,traffic_light
36.65,40.83,66.91,12.96,1,190.82,1.14,40,0,bus_stop
7.29,5.22,13.44,11.49,0,0.0,18.23,35,0,unknown
3.34,5.37,15.01,11.3,0,0.0,11.29,40,0,depot
19.26,2.52,3.61,28.39,0,12.67,1.13,35,0,unknown
16.38,0.17,13.87,7.88,0,53.75,0.15,20,0,traffic_light
1.24,8.66,4.63,12.67,0,48.69,0.07,40,0,traffic_light
0.01,8.17,0.73,15.62,0,31.7,0.79,40,0,unknown
12.31,6.99,16.67,14.7,0,0.0,18.32,35,0,depot
0.53,3.57,11.39,19.27,0,0.0,12.74,20,0,depot
17.91,4.33,13.96,4.15,0,0.0,20.72,30,0,traffic_light
14.99,4.69,2.9,12.24,0,0.0,34.4,35,0,depot
76.04,12.16,54.96,73.52,1,0.0,21.76,45,0,traffic_light
58.52,71.44,62.74,13.82,0,41.25,0.7,45,0,traffic_light
3.31,7.43,4.98,28.13,0,0.0,31.15,45,0,school
1.62,1.7,9.4,28.4,0,0.0,20.88,35,0,bus_stop
0.64,14.28,4.0,1.39,0,24.93,0.59,20,0,unknown
18.47,2.4,1.59,17.86,0,0.0,29.11,50,0,bus_stop
26.34,10.46,9.11,16.49,0,0.0,38.91,50,0,bus_stop
0.08,12.61,2.77,23.24,0,35.04,0.81,45,0,unknown
1.72,17.03,4.96,17.28,0,13.19,0.15,50,0,unknown
2.76,14.64,10.6,14.74,0,0.0,17.44,30,0,unknown
13.74,1.08,17.28,28.99,0,0.0,42.27,45,0,traffic_light
2.67,17.62,1.0,10.12,0,0.0,9.45,50,0,school
3.73,12.03,0.45,15.78,0,752.61,0.19,40,0,school
0.13,16.96,2.92,11.11,0,482.64,0.7,50,0,depot
1.5,9.98,7.21,27.02,0,107.33,0.56,20,0,bus_stop
80.98,73.93,25.41,401.75,0,0.0,19.56,20,0,bus_stop
1.09,15.9,8.67,16.76,0,275.01,0.02,45,0,bus_stop
23.73,0.3,16.71,7.39,0,828.58,0.07,40,0,depot
1.31,11.44,12.73,9.38,0,0.0,37.11,40,0,traffic_light
2.26,11.3,11.72,17.29,0,0.0,9.05,30,0,traffic_light
6.68,14.13,4.74,22.01,0,0.0,28.77,35,0,depot
4.31,7.5,0.78,2.25,0,0.0,9.86,20,0,depot
9.35,11.98,3.52,6.76,0,0.0,17.54,50,0,unknown
2.96,9.24,11.73,9.96,0,43.36,0.06,20,0,traffic_light
4.83,0.23,3.76,5.21,0,41.72,0.04,35,0,traffic_light
6.09,16.96,13.53,15.13,0,60.3,0.42,20,0,bus_stop
1.2,11.69,7.3,10.24,0,0.0,47.84,45,1.81,school
8.87,9.56,0.98,7.33,0,0.0,16.98,50,0,traffic_light
19.75,4.38,15.96,21.5,0,0.0,37.74,40,0,traffic_light
2.86,17.88,7.05,10.9,0,0.0,22.04,20,3.67,unknown
1.08,8.93,0.28,29.85,0,0.0,35.27,35,1.55,traffic_light
7.06,5.62,1.23,15.3,0,0.0,14.79,35,0,traffic_light
7.98,8.77,14.83,16.55,0,0.0,21.59,30,0,unknown
0.66,14.81,5.83,16.64,0,0.0,32.12,35,0,unknown
9.14,15.58,17.53,25.27,0,0.0,12.76,45,0,unknown
4.02,0.05,9.74,14.13,0,48.73,0.75,45,0,traffic_light
13.8,9.5,0.68,4.74,0,31.13,0.74,45,0,unknown
16.3,12.15,15.97,3.69,0,609.88,0.01,45,0,school
7.59,4.32,0.63,9.79,0,0.0,14.16,20,0,depot
10.11,16.42,0.13,23.98,0,0.0,21.54,20,1.97,bus_stop
0.31,12.86,10.36,26.41,0,0.0,23.69,30,0,unknown
5.31,1.63,12.0,4.14,0,0.0,18.9,30,0,depot
8.06,3.42,6.73,18.3,0,0.0,16.54,20,0,school
1.83,11.16,9.4,28.39,0,64.9,0.03,45,0,traffic_light
13.68,15.16,1.43,3.39,0,0.0,29.52,50,0,school
8.51,16.42,10.89,13.29,0,58.2,0.26,30,0,bus_stop
12.05,13.13,1.47,24.1,0,42.54,0.3,35,0,traffic_light
0.2,1.67,11.13,4.29,0,0.0,15.22,20,0,unknown
3.78,3.42,9.48,20.23,0,370.32,0.02,35,0,school
15.3,4.55,3.06,26.89,0,15.58,0.22,50,0,traffic_light
54.52,62.2,71.52,11.06,1,26.21,0.64,50,0,traffic_light
0.02,5.16,2.24,1.61,0,0.0,45.07,45,3.66,bus_stop
0.83,11.78,11.26,17.14,0,0.0,29.77,30,0,depot
18.16,8.48,0.89,5.81,0,0.0,28.14,45,0,depot
17.77,6.72,12.36,10.93,0,11.53,0.52,45,0,traffic_light
0.08,6.55,7.92,24.86,0,37.95,0.22,20,0,traffic_light
3.53,5.4,11.46,19.27,0,0.0,8.65,35,0,bus_stop
0.21,9.44,1.17,13.87,0,16.83,0.01,20,0,unknown
0.43,16.56,15.41,19.74,0,718.25,0.2,30,0,depot
4.19,1.09,0.92,19.73,0,0.0,22.31,45,0,school
5.84,0.48,14.16,3.49,0,13.9,0.94,20,0,traffic_light
1.83,8.26,4.04,1.51,0,0.0,51.68,50,1.64,traffic_light
3.07,15.82,10.32,26.6,0,0.0,51.17,50,0.43,school
4.57,4.62,14.21,13.21,0,0.0,23.46,40,0,depot
73.14,28.67,23.48,241.04,0,0.0,30.26,40,0,bus_stop
49.33,86.8,58.18,1098.24,1,0.0,45.55,45,3.12,bus_stop
4.26,6.95,8.05,23.05,0,0.0,34.67,45,0,depot
5.4,9.49,5.27,4.56,0,38.87,1.05,20,0,traffic_light
2.15,10.78,12.33,18.78,0,0.0,17.71,35,0,traffic_light
1.74,9.42,12.8,8.76,0,0.0,38.75,50,0,bus_stop
2.77,1.44,5.33,29.46,0,0.0,9.85,35,0,bus_stop
4.63,6.58,4.26,15.38,0,0.0,18.89,40,0,traffic_light
15.01,9.29,7.11,26.64,0,0.0,21.01,30,0,traffic_light
1.32,13.49,12.18,2.34,0,0.0,24.87,35,0,bus_stop
7.04,14.38,17.8,1.76,0,0.0,21.18,20,1.14,unknown
2.68,1.39,9.16,16.56,0,0.0,9.73,30,0,school
1.05,5.21,10.29,20.02,0,0.0,27.15,35,0,traffic_light
73.69,49.99,42.89,12.08,0,35.43,0.87,50,0,traffic_light
2.55,0.71,9.54,6.92,0,0.0,35.32,40,0,unknown
1.59,17.31,1.81,14.15,0,0.0,21.07,35,0,unknown
16.86,14.29,1.69,9.9,0,0.0,19.59,20,0,traffic_light
2.89,13.9,0.28,14.65,0,273.33,0.6,45,0,bus_stop
1.72,13.2,17.96,18.4,0,56.52,0.7,45,0,unknown
7.96,11.7,9.5,26.4,0,481.49,0.22,40,0,school
9.75,16.89,11.68,4.59,0,0.0,12.41,30,0,school
0.41,16.63,1.82,26.79,0,26.67,0.91,40,0,traffic_light
9.1,0.73,9.08,25.56,0,0.0,41.52,50,0,unknown
63.38,74.87,19.4,18.35,1,29.87,0.88,20,0,school
11.13,17.1,10.27,11.5,0,0.0,22.27,50,0,bus_stop
16.14,7.5,8.71,16.24,0,134.17,0.63,35,0,bus_stop
4.51,3.77,15.86,23.81,0,54.69,0.07,30,0,traffic_light
4.13,10.7,4.55,19.45,0,0.0,16.77,30,0,bus_stop
16.99,4.12,10.34,12.55,0,172.43,0.38,40,0,depot
10.26,4.93,1.7,26.82,0,0.0,31.36,30,3.07,school
3.37,15.88,14.03,8.0,0,0.0,11.74,35,0,unknown
1.4,2.33,6.81,20.58,0,134.28,0.54,30,0,bus_stop
0.59,6.88,9.3,5.56,0,0.0,10.4,45,0,unknown
24.58,0.27,14.68,23.82,0,28.14,0.78,50,0,unknown
12.27,16.52,14.58,6.08,0,0.0,33.82,45,0,depot
58.89,30.41,67.79,76.62,1,0.0,9.07,20,0,unknown
5.43,6.05,5.16,19.57,0,0.0,20.1,30,0,depot
3.56,8.99,10.51,18.94,0,0.0,27.53,35,0,unknown
16.28,13.66,12.02,26.05,0,0.0,31.84,50,0,school
12.0,1.81,10.88,8.72,0,0.0,40.94,45,0,bus_stop
17.77,0.53,12.18,22.67,0,62.82,0.27,45,0,unknown
5.51,12.31,12.04,13.51,0,0.0,22.09,35,0,traffic_light
7.4,7.63,2.93,21.04,0,0.0,23.63,50,0,traffic_light
10.4,0.47,0.15,16.3,0,0.0,36.23,40,0,school
11.74,2.53,16.78,15.2,0,20.52,0.87,50,0,traffic_light
6.61,13.55,3.99,28.17,0,75.44,0.5,20,0,unknown
20.41,8.0,13.18,24.24,0,0.0,23.98,30,0,bus_stop
11.13,7.07,2.97,22.12,0,14.25,0.1,30,0,unknown
17.48,9.74,2.88,25.42,0,0.0,32.52,40,0,unknown
36.01,63.78,37.24,287.87,1,0.0,16.25,30,0,depot
3.23,14.4,0.96,15.35,0,0.0,46.24,45,3.96,traffic_light
3.4,3.64,10.08,15.74,0,0.0,10.5,30,0,bus_stop
9.46,9.56,8.99,17.96,0,0.0,17.9,35,0,bus_stop
4.95,4.66,8.92,16.71,0,0.0,10.14,35,0,depot
15.59,14.16,7.49,13.26,0,74.13,0.39,40,0,traffic_light
2.56,16.41,4.92,11.08,0,0.0,13.67,20,0,traffic_light
4.75,7.46,4.85,2.4,0,42.41,0.53,35,0,traffic_light
1.09,12.71,17.06,24.04,0,0.0,8.99,45,0,traffic_light
9.96,10.7,2.63,28.73,0,0.0,36.64,35,0.94,depot
0.47,8.75,9.06,1.89,0,0.0,51.16,50,2.54,school
36.78,19.85,19.35,167.01,1,0.0,30.29,40,0,traffic_light
24.31,10.63,11.27,2.8,0,43.8,0.16,35,0,traffic_light
5.29,12.9,5.19,14.52,0,36.82,0.21,40,0,bus_stop
4.2,16.56,0.19,14.07,0,93.97,0.59,40,0,bus_stop
4.76,6.55,1.79,27.92,0,438.93,0.1,45,0,school
0.06,3.5,7.86,15.61,0,56.11,0.93,45,0,bus_stop
15.16,0.33,8.94,23.53,0,46.43,0.86,20,0,traffic_light
23.94,14.92,13.46,23.95,0,0.0,16.41,40,0,bus_stop
16.61,15.39,10.58,9.65,0,0.0,7.34,40,0,traffic_light
2.11,1.9,1.84,11.64,0,32.15,0.54,20,0,traffic_light
17.15,0.81,11.01,5.64,0,0.0,17.54,45,0,depot
10.07,2.64,6.64,10.79,0,57.19,0.77,50,0,unknown
0.23,13.53,4.11,3.67,0,177.15,0.78,40,0,bus_stop
79.31,11.19,22.84,127.45,1,0.0,40.99,40,2.27,bus_stop
1.34,1.88,16.25,18.7,0,0.0,31.86,50,0,school
7.61,8.47,5.99,16.62,0,74.52,0.02,40,0,bus_stop
15.22,3.75,7.32,6.86,0,0.0,33.06,50,0,bus_stop
9.56,11.18,9.09,10.48,0,13.79,1.18,50,0,traffic_light
16.42,12.45,15.68,22.32,0,0.0,13.92,45,0,traffic_light
1.84,17.25,13.32,28.83,0,0.0,9.45,50,0,depot
5.94,17.7,6.93,1.0,0,0.0,16.4,30,0,traffic_light
42.84,32.71,41.25,10.4,1,93.59,1.14,40,0,bus_stop
72.57,56.32,48.13,10.8,0,35.33,0.69,30,0,traffic_light
13.56,1.98,13.4,1.02,0,0.0,13.72,50,0,bus_stop
5.65,4.33,5.4,25.73,0,194.65,0.84,40,0,bus_stop
0.97,0.54,2.04,29.43,0,0.0,18.9,45,0,bus_stop
1.41,17.27,9.02,0.26,0,0.0,18.3,50,0,traffic_light
41.75,64.37,55.57,431.98,1,0.0,24.16,30,0,traffic_light
8.81,9.8,0.19,18.38,0,65.57,0.61,35,0,traffic_light
6.32,6.22,13.35,11.45,0,0.0,31.61,35,0,traffic_light
22.38,3.18,5.32,16.75,0,0.0,26.71,30,0,traffic_light
11.44,11.84,4.36,20.21,0,0.0,11.02,50,0,unknown
5.6,17.28,15.4,13.63,0,0.0,25.53,45,0,depot
5.62,7.49,16.88,6.93,0,44.56,0.37,20,0,bus_stop
4.82,9.44,3.14,15.08,0,0.0,23.33,30,0,unknown
2.58,2.57,6.75,1.84,0,0.0,22.89,50,0,unknown
2.16,9.52,11.78,14.4,0,0.0,46.59,45,0.2,unknown
2.94,9.64,3.63,23.83,0,0.0,28.93,35,0,traffic_light
10.4,17.37,9.05,24.48,0,499.49,0.9,35,0,school
9.96,5.55,14.13,8.21,0,0.0,20.35,30,0,bus_stop
3.1,6.6,2.37,18.53,0,16.83,0.79,45,0,unknown
9.27,3.92,10.65,16.23,0,62.94,0.19,35,0,unknown
0.07,17.0,0.88,11.53,0,74.99,0.31,45,0,bus_stop
17.46,13.06,3.06,25.7,0,0.0,36.02,50,0,traffic_light
3.13,16.36,10.61,21.92,0,0.0,8.99,35,0,unknown
2.79,2.14,9.69,16.97,0,0.0,24.31,50,0,school
2.79,8.03,3.7,12.74,0,0.0,10.86,20,0,school
10.79,9.88,7.69,28.44,0,164.16,0.13,40,0,bus_stop
1.29,14.77,4.45,19.1,0,0.0,13.47,30,0,unknown
8.17,11.21,7.87,14.78,0,0.0,8.81,40,0,traffic_light
20.84,9.48,14.16,20.65,0,52.64,0.13,30,0,unknown
2.61,9.95,11.69,8.14,0,0.0,26.97,50,0,bus_stop
2.03,12.63,4.53,25.25,0,0.0,22.26,30,0,school
2.38,11.72,2.4,21.26,0,0.0,38.35,45,0,bus_stop
5.0,11.36,9.81,4.15,0,0.0,7.23,35,0,unknown
5.62,4.37,10.52,15.91,0,0.0,35.85,45,0,traffic_light
0.97,13.31,14.03,26.07,0,0.0,7.25,50,0,bus_stop
11.62,3.79,6.86,11.7,0,0.0,7.73,40,0,depot
4.1,7.55,16.7,25.37,0,59.23,0.36,30,0,unknown
91.71,34.39,35.94,146.85,0,0.0,15.37,20,0,unknown
5.52,7.63,10.86,8.57,0,0.0,18.34,35,0,depot
1.2,3.14,9.15,22.37,0,0.0,7.65,30,0,unknown
8.61,13.38,2.44,3.91,0,71.5,0.4,35,0,unknown
5.63,17.59,13.47,23.81,0,0.0,31.12,30,0.47,unknown
2.14,0.92,8.84,16.22,0,15.8,0.7,40,0,traffic_light
21.58,13.92,6.17,21.28,0,72.33,0.35,30,0,traffic_light
6.79,13.95,3.03,27.63,0,233.58,0.35,20,0,depot
9.27,14.74,12.57,24.67,0,0.0,41.97,40,0.57,bus_stop
30.64,53.33,42.12,385.96,1,0.0,26.05,40,0,traffic_light
62.4,65.15,22.59,543.84,1,0.0,30.05,30,3.45,traffic_light
9.9,12.62,7.54,1.43,0,0.0,8.79,30,0,school
3.91,7.97,15.98,14.96,0,0.0,42.48,40,1.9,traffic_light
17.5,16.93,7.94,14.42,0,52.36,0.79,40,0,unknown
18.6,8.85,3.89,22.08,0,0.0,19.97,20,0,bus_stop
7.84,6.4,5.33,28.92,0,129.15,0.92,20,0,bus_stop
0.68,10.23,9.41,8.89,0,0.0,10.67,30,0,traffic_light
74.2,23.73,32.95,0.05,1,52.75,0.01,50,0,bus_stop
4.68,15.97,17.8,1.28,0,0.0,27.74,40,0,traffic_light
0.23,0.73,13.04,18.41,0,6.73,0.72,50,0,unknown
6.53,14.43,10.04,3.86,0,0.0,46.74,45,2.13,unknown
6.42,11.59,4.75,24.25,0,0.0,20.29,50,0,unknown
3.65,3.49,10.17,6.67,0,0.0,13.2,20,0,bus_stop
8.5,3.38,4.84,8.82,0,0.0,32.03,40,0,traffic_light
22.46,16.23,9.66,13.88,0,0.0,32.38,45,0,bus_stop
10.11,4.26,8.93,11.09,0,0.0,28.17,40,0,traffic_light
7.26,13.93,12.71,28.76,0,0.0,7.06,35,0,unknown
4.66,1.76,1.08,8.73,0,0.0,30.45,40,0,school
4.93,2.34,8.4,8.22,0,30.3,0.11,45,0,traffic_light
0.21,15.95,8.8,21.88,0,28.84,0.8,35,0,traffic_light
0.97,0.52,0.72,17.49,0,0.0,10.11,45,0,bus_stop
1.03,1.27,13.4,24.01,0,0.0,17.19,40,0,bus_stop
8.01,12.82,10.33,15.47,0,75.6,0.92,40,0,bus_stop
1.37,15.07,6.17,19.65,0,0.0,46.52,50,0,bus_stop
25.1,11.89,14.5,20.98,0,0.0,8.81,40,0,bus_stop
1.08,12.81,2.39,9.61,0,0.0,20.32,20,0.68,unknown
8.64,15.76,15.03,20.94,0,358.22,0.47,30,0,school
15.54,7.15,1.94,14.6,0,0.0,35.82,35,1.4,traffic_light
6.89,12.16,8.07,26.81,0,18.43,0.57,35,0,unknown
5.14,0.87,10.73,24.04,0,0.0,16.9,30,0,traffic_light
0.43,5.15,9.5,10.06,0,0.0,10.23,50,0,unknown
4.69,6.09,9.59,27.49,0,0.0,24.4,30,0,bus_stop
7.54,11.53,1.39,0.58,0,0.0,16.12,20,0,depot
1.56,1.83,9.81,26.68,0,39.43,0.29,30,0,unknown
29.86,11.83,11.32,13.46,0,15.23,0.04,45,0,traffic_light
5.06,10.62,14.14,22.52,0,111.3,1.14,40,0,bus_stop
3.56,11.98,12.1,28.18,0,28.52,0.84,40,0,traffic_light
18.4,13.51,3.45,0.26,0,20.74,0.74,45,0,traffic_light
7.45,7.57,14.47,7.16,0,26.23,0.73,45,0,unknown
68.91,66.78,21.41,620.46,1,0.0,33.45,40,0,depot
13.14,15.92,17.84,16.29,0,0.0,36.96,35,2.29,traffic_light
5.95,7.83,4.0,12.34,0,0.0,12.69,50,0,depot
6.48,16.92,5.53,8.02,0,0.0,12.96,30,0,bus_stop
0.79,5.16,4.31,3.68,0,0.0,22.99,20,1.18,traffic_light
3.0,1.76,17.81,22.31,0,0.0,9.18,50,0,traffic_light
2.67,14.99,16.42,25.23,0,0.0,17.15,20,0,traffic_light
30.72,13.74,8.37,4.28,0,42.56,1.04,30,0,unknown
18.06,1.82,8.41,7.51,0,12.27,1.0,35,0,unknown
1.94,11.61,16.12,11.79,0,44.7,1.1,50,0,unknown
16.74,12.57,6.21,16.15,0,47.87,1.18,50,0,unknown
4.29,13.06,16.93,15.68,0,0.0,12.57,35,0,traffic_light
3.34,12.4,14.55,24.81,0,0.0,25.31,45,0,traffic_light
4.43,4.68,0.41,5.02,0,19.75,0.95,40,0,traffic_light
9.76,4.89,5.88,18.1,0,223.3,0.74,20,0,school
3.92,2.07,1.22,18.91,0,0.0,29.29,35,0,traffic_light
5.75,2.63,11.9,27.16,0,0.0,14.38,50,0,traffic_light
0.7,16.93,8.99,20.76,0,115.38,0.22,45,0,depot
10.23,17.37,5.52,26.06,0,0.0,28.7,40,0,school
14.3,0.66,8.6,2.33,0,0.0,32.0,45,0,traffic_light
5.63,13.0,0.47,26.51,0,745.81,0.2,45,0,school
9.55,8.96,11.67,8.27,0,226.74,0.63,20,0,school
1.93,17.15,15.11,17.1,0,59.02,0.22,50,0,depot
5.03,7.82,6.01,9.86,0,239.63,0.01,40,0,bus_stop
17.53,0.32,3.89,25.72,0,0.0,14.71,20,0,school
7.53,0.51,14.5,18.56,0,0.0,29.48,30,0,traffic_light
5.34,7.33,2.43,7.68,0,0.0,24.17,45,0,traffic_light
41.7,49.57,21.82,306.2,0,0.0,22.24,45,0,bus_stop
18.85,2.98,3.86,14.77,0,640.8,0.06,50,0,school
2.69,1.26,4.81,20.33,0,0.0,24.11,45,0,traffic_light
8.51,9.52,16.44,11.8,0,34.02,0.3,35,0,unknown
2.39,16.76,8.68,13.9,0,0.0,9.24,30,0,bus_stop
5.18,6.27,0.24,19.88,0,235.26,1.14,30,0,bus_stop
12.52,1.95,6.65,7.38,0,0.0,24.69,45,0,traffic_light
1.08,14.11,0.6,25.41,0,38.22,0.79,35,0,unknown
3.42,14.48,17.46,4.38,0,0.0,47.97,50,0,unknown
17.19,6.39,11.89,14.74,0,0.0,19.47,35,0,unknown
12.01,13.28,0.6,16.55,0,129.71,0.88,20,0,bus_stop
2.02,1.62,4.1,9.73,0,0.0,25.09,30,0,bus_stop
5.6,2.25,5.35,5.37,0,0.0,47.9,50,0,school
0.99,4.69,12.92,24.12,0,10.07,0.39,20,0,traffic_light
0.17,9.88,5.72,12.94,0,70.79,0.23,20,0,bus_stop
19.56,2.69,17.8,21.78,0,0.0,17.56,40,0,school
8.56,5.9,10.1,17.02,0,0.0,12.03,20,0,school
2.37,17.18,2.4,22.73,0,10.9,0.66,35,0,unknown
2.06,11.82,9.82,19.42,0,0.0,10.21,50,0,bus_stop
33.12,17.27,17.52,3.59,0,119.32,0.81,40,0,bus_stop
6.19,15.82,2.81,25.47,0,0.0,7.14,35,0,traffic_light
4.01,14.75,0.99,10.76,0,19.39,0.79,20,0,traffic_light
59.26,28.76,51.55,273.0,1,0.0,34.17,35,0,unknown
0.67,15.21,15.62,12.14,0,0.0,17.84,20,0,traffic_light
0.74,16.99,5.89,29.1,0,44.82,0.54,20,0,traffic_light
8.41,0.01,1.99,8.71,0,0.0,20.11,20,3.98,depot
3.93,2.14,1.78,26.72,0,0.0,28.01,30,0,bus_stop
1.79,1.74,3.93,10.26,0,53.25,0.4,35,0,unknown
6.16,8.3,6.82,4.57,0,0.0,9.31,50,0,unknown
6.12,6.81,15.45,1.01,0,0.0,23.7,30,0,school
4.83,5.71,13.59,4.17,0,0.0,27.59,30,0,school
83.4,98.96,20.79,1132.56,1,0.0,41.2,50,0,unknown
5.76,14.37,5.22,18.46,0,778.66,0.77,20,0,school
9.36,7.78,3.05,17.25,0,0.0,10.15,30,0,bus_stop
22.94,5.61,1.93,5.21,0,0.0,8.78,20,0,bus_stop
15.26,10.52,4.14,20.27,0,224.59,0.09,30,0,school
3.4,16.19,11.18,13.92,0,0.0,8.26,30,0,traffic_light
14.63,8.59,17.25,18.7,0,737.58,0.17,30,0,school
4.06,12.14,0.83,27.81,0,0.0,22.68,50,0,bus_stop
3.62,16.9,10.47,13.57,0,20.21,0.25,50,0,traffic_light
2.92,2.99,11.11,18.96,0,105.62,0.3,50,0,depot
35,0.15,17.12,23.92,0,0.0,22.5,20,1.63,school
8.97,11.95,15.29,20.76,0,0.0,14.32,40,0,unknown
2.55,6.64,17.2,8.78,0,14.7,0.96,40,0,traffic_light
1.31,13.36,3.42,27.17,0,0.0,29.54,35,0,unknown
8.69,12.21,6.21,13.09,0,51.7,0.96,45,0,traffic_light
12.14,10.66,17.13,24.91,0,0.0,10.58,20,0,traffic_light
3.95,12.48,8.29,24.66,0,0.0,10.2,40,0,school
62.12,88.87,27.3,478.53,0,0.0,19.38,30,0,traffic_light
3.52,3.36,15.01,12.02,0,0.0,31.49,35,0,traffic_light
19.89,8.48,6.17,14.48,0,0.0,42.4,45,0,bus_stop
1.92,11.34,13.78,23.47,0,0.0,42.21,40,0.44,bus_stop
0.11,2.54,16.74,6.89,0,0.0,7.65,40,0,bus_stop
9.74,3.62,8.1,20.33,0,0.0,15.97,30,0,unknown
1.96,3.93,17.91,24.15,0,0.0,34.63,35,0,depot
0.16,3.77,8.11,2.41,0,0.0,7.75,35,0,traffic_light
0.09,17.59,14.93,2.4,0,0.0,24.66,30,0,traffic_light
4.49,10.17,16.22,21.96,0,0.0,27.46,30,0,school
6.44,17.87,10.13,9.78,0,0.0,9.24,35,0,school
9.7,11.84,11.28,8.04,0,0.0,36.65,45,0,bus_stop
11.66,13.65,15.1,4.17,0,0.0,28.53,45,0,bus_stop
8.45,8.91,5.4,7.99,0,572.87,0.27,40,0,school
15.61,15.67,16.65,13.31,0,0.0,36.84,50,0,traffic_light
48.65,44.67,23.32,234.14,1,0.0,18.87,30,0,bus_stop
26.68,0.27,17.74,16.71,0,39.56,1.16,30,0,traffic_light
2.56,3.76,4.11,4.89,0,0.0,29.35,30,0,bus_stop
35,17.89,2.51,12.71,0,0.0,10.47,35,0,traffic_light
69.52,38.86,22.99,5.57,1,109.85,0.52,45,0,school
11.25,2.23,13.3,27.17,0,118.36,0.9,40,0,bus_stop
3.77,16.64,9.34,5.94,0,45.82,0.95,50,0,traffic_light
11.37,3.41,2.07,22.17,0,0.0,12.08,35,0,unknown
0.71,4.41,0.89,13.1,0,46.87,0.13,40,0,traffic_light
8.94,0.63,1.49,11.39,0,0.0,35.58,45,0,unknown
5.87,2.93,3.14,15.3,0,56.38,1.12,20,0,unknown
11.42,8.57,4.31,16.18,0,0.0,15.91,40,0,depot
10.51,0.7,3.11,21.34,0,28.81,0.21,35,0,traffic_light
3.63,1.41,1.03,0.73,0,27.4,0.25,20,0,traffic_light
16.24,2.82,13.74,14.48,0,0.0,7.83,30,0,traffic_light
0.45,11.02,11.19,9.76,0,0.0,26.15,40,0,unknown
3.51,16.46,17.27,6.7,0,0.0,23.72,45,0,unknown
4.4,14.38,17.25,5.25,0,0.0,12.68,30,0,bus_stop
1.08,12.2,13.75,9.93,0,0.0,31.25,40,0,traffic_light
10.04,7.17,15.11,5.1,0,0.0,16.82,45,0,bus_stop
5.74,0.38,9.22,20.18,0,0.0,11.25,20,0,traffic_light
1.84,17.34,11.41,17.72,0,0.0,7.28,40,0,school
4.65,6.53,3.28,14.84,0,163.28,0.12,40,0,bus_stop
9.56,11.22,10.02,13.86,0,0.0,26.93,45,0,school
6.94,1.83,12.19,1.54,0,0.0,18.6,45,0,traffic_light
0.83,0.68,2.66,13.41,0,514.52,1.08,30,0,school
3.6,11.49,12.5,16.47,0,570.54,0.62,35,0,school
1.96,8.52,13.41,15.54,0,237.56,0.85,45,0,bus_stop
6.03,0.21,6.42,25.96,0,20.3,0.61,35,0,unknown
3.5,17.23,16.31,7.1,0,0.0,14.77,45,0,bus_stop
1.19,4.79,8.28,10.27,0,0.0,21.6,20,3.17,school
7.0,11.49,0.13,1.5,0,0.0,10.15,20,0,bus_stop
1.2,8.66,14.17,15.43,0,0.0,11.81,50,0,depot
5.4,2.29,16.29,18.25,0,0.0,26.67,30,0,unknown
2.19,3.63,10.58,15.32,0,6.63,0.66,20,0,unknown
3.9,4.9,5.88,5.15,0,27.22,0.82,30,0,unknown
0.57,3.64,17.96,25.56,0,0.0,20.95,45,0,bus_stop
7.53,16.2,3.64,5.64,0,36.41,0.85,20,0,unknown
9.43,17.05,7.52,20.49,0,0.0,23.65,30,0,traffic_light
3.05,10.39,3.37,15.15,0,0.0,7.71,30,0,traffic_light
2.2,3.64,0.31,28.44,0,0.0,25.85,45,0,depot
4.14,12.94,6.9,4.11,0,0.0,30.24,30,3.98,traffic_light
1.39,8.66,10.59,22.36,0,0.0,37.77,35,3.21,traffic_light
0.95,10.95,9.84,10.6,0,0.0,11.77,30,0,depot
